[   13495ms] [INFO] %cDownload the React DevTools for a better development experience: https://reactjs.org/link/react-devtools font-weight:bold @ http://localhost:5173/node_modules/.vite/deps/chunk-NLPANMJC.js?v=8563555b:21550
[   13586ms] [ERROR] Warning: Encountered two children with the same key, `%s`. Keys should be unique so that components maintain their identity across updates. Non-unique keys may cause children to be duplicated and/or omitted — the behavior is unsupported and could change in a future version.%s Makkah Al-Mukarramah 
    at div
    at section
    at div
    at HomePage (http://localhost:5173/src/features/home/HomePage.jsx:37:33)
    at RenderedRoute (http://localhost:5173/node_modules/.vite/deps/react-router-dom.js?v=8563555b:4131:5)
    at Outlet (http://localhost:5173/node_modules/.vite/deps/react-router-dom.js?v=8563555b:4537:26)
    at main
    at div
    at MainLayout (http://localhost:5173/src/components/layout/MainLayout.jsx:33:39)
    at RenderedRoute (http://localhost:5173/node_modules/.vite/deps/react-router-dom.js?v=8563555b:4131:5)
    at Routes (http://localhost:5173/node_modules/.vite/deps/react-router-dom.js?v=8563555b:4601:5)
    at App
    at Router (http://localhost:5173/node_modules/.vite/deps/react-router-dom.js?v=8563555b:4544:15)
    at HashRouter (http://localhost:5173/node_modules/.vite/deps/react-router-dom.js?v=8563555b:5326:5) @ http://localhost:5173/node_modules/.vite/deps/chunk-NLPANMJC.js?v=8563555b:520
[   13587ms] [ERROR] Warning: Encountered two children with the same key, `%s`. Keys should be unique so that components maintain their identity across updates. Non-unique keys may cause children to be duplicated and/or omitted — the behavior is unsupported and could change in a future version.%s Makkah Al-Mukarramah 
    at div
    at section
    at div
    at HomePage (http://localhost:5173/src/features/home/HomePage.jsx:37:33)
    at RenderedRoute (http://localhost:5173/node_modules/.vite/deps/react-router-dom.js?v=8563555b:4131:5)
    at Outlet (http://localhost:5173/node_modules/.vite/deps/react-router-dom.js?v=8563555b:4537:26)
    at main
    at div
    at MainLayout (http://localhost:5173/src/components/layout/MainLayout.jsx:33:39)
    at RenderedRoute (http://localhost:5173/node_modules/.vite/deps/react-router-dom.js?v=8563555b:4131:5)
    at Routes (http://localhost:5173/node_modules/.vite/deps/react-router-dom.js?v=8563555b:4601:5)
    at App
    at Router (http://localhost:5173/node_modules/.vite/deps/react-router-dom.js?v=8563555b:4544:15)
    at HashRouter (http://localhost:5173/node_modules/.vite/deps/react-router-dom.js?v=8563555b:5326:5) @ http://localhost:5173/node_modules/.vite/deps/chunk-NLPANMJC.js?v=8563555b:520
[   13587ms] [ERROR] Warning: Encountered two children with the same key, `%s`. Keys should be unique so that components maintain their identity across updates. Non-unique keys may cause children to be duplicated and/or omitted — the behavior is unsupported and could change in a future version.%s Makkah Al-Mukarramah 
    at div
    at section
    at div
    at HomePage (http://localhost:5173/src/features/home/HomePage.jsx:37:33)
    at RenderedRoute (http://localhost:5173/node_modules/.vite/deps/react-router-dom.js?v=8563555b:4131:5)
    at Outlet (http://localhost:5173/node_modules/.vite/deps/react-router-dom.js?v=8563555b:4537:26)
    at main
    at div
    at MainLayout (http://localhost:5173/src/components/layout/MainLayout.jsx:33:39)
    at RenderedRoute (http://localhost:5173/node_modules/.vite/deps/react-router-dom.js?v=8563555b:4131:5)
    at Routes (http://localhost:5173/node_modules/.vite/deps/react-router-dom.js?v=8563555b:4601:5)
    at App
    at Router (http://localhost:5173/node_modules/.vite/deps/react-router-dom.js?v=8563555b:4544:15)
    at HashRouter (http://localhost:5173/node_modules/.vite/deps/react-router-dom.js?v=8563555b:5326:5) @ http://localhost:5173/node_modules/.vite/deps/chunk-NLPANMJC.js?v=8563555b:520
[   13819ms] [WARNING] ⚠️ React Router Future Flag Warning: React Router will begin wrapping state updates in `React.startTransition` in v7. You can use the `v7_startTransition` future flag to opt-in early. For more information, see https://reactrouter.com/v6/upgrading/future#v7_starttransition. @ http://localhost:5173/node_modules/.vite/deps/react-router-dom.js?v=8563555b:4435
[   13819ms] [WARNING] ⚠️ React Router Future Flag Warning: Relative route resolution within Splat routes is changing in v7. You can use the `v7_relativeSplatPath` future flag to opt-in early. For more information, see https://reactrouter.com/v6/upgrading/future#v7_relativesplatpath. @ http://localhost:5173/node_modules/.vite/deps/react-router-dom.js?v=8563555b:4435
[   13863ms] [ERROR] Warning: Encountered two children with the same key, `%s`. Keys should be unique so that components maintain their identity across updates. Non-unique keys may cause children to be duplicated and/or omitted — the behavior is unsupported and could change in a future version.%s Makkah Al-Mukarramah 
    at div
    at section
    at div
    at HomePage (http://localhost:5173/src/features/home/HomePage.jsx:37:33)
    at RenderedRoute (http://localhost:5173/node_modules/.vite/deps/react-router-dom.js?v=8563555b:4131:5)
    at Outlet (http://localhost:5173/node_modules/.vite/deps/react-router-dom.js?v=8563555b:4537:26)
    at main
    at div
    at MainLayout (http://localhost:5173/src/components/layout/MainLayout.jsx:33:39)
    at RenderedRoute (http://localhost:5173/node_modules/.vite/deps/react-router-dom.js?v=8563555b:4131:5)
    at Routes (http://localhost:5173/node_modules/.vite/deps/react-router-dom.js?v=8563555b:4601:5)
    at App
    at Router (http://localhost:5173/node_modules/.vite/deps/react-router-dom.js?v=8563555b:4544:15)
    at HashRouter (http://localhost:5173/node_modules/.vite/deps/react-router-dom.js?v=8563555b:5326:5) @ http://localhost:5173/node_modules/.vite/deps/chunk-NLPANMJC.js?v=8563555b:520
[   13863ms] [ERROR] Warning: Encountered two children with the same key, `%s`. Keys should be unique so that components maintain their identity across updates. Non-unique keys may cause children to be duplicated and/or omitted — the behavior is unsupported and could change in a future version.%s Makkah Al-Mukarramah 
    at div
    at section
    at div
    at HomePage (http://localhost:5173/src/features/home/HomePage.jsx:37:33)
    at RenderedRoute (http://localhost:5173/node_modules/.vite/deps/react-router-dom.js?v=8563555b:4131:5)
    at Outlet (http://localhost:5173/node_modules/.vite/deps/react-router-dom.js?v=8563555b:4537:26)
    at main
    at div
    at MainLayout (http://localhost:5173/src/components/layout/MainLayout.jsx:33:39)
    at RenderedRoute (http://localhost:5173/node_modules/.vite/deps/react-router-dom.js?v=8563555b:4131:5)
    at Routes (http://localhost:5173/node_modules/.vite/deps/react-router-dom.js?v=8563555b:4601:5)
    at App
    at Router (http://localhost:5173/node_modules/.vite/deps/react-router-dom.js?v=8563555b:4544:15)
    at HashRouter (http://localhost:5173/node_modules/.vite/deps/react-router-dom.js?v=8563555b:5326:5) @ http://localhost:5173/node_modules/.vite/deps/chunk-NLPANMJC.js?v=8563555b:520
[   13863ms] [ERROR] Warning: Encountered two children with the same key, `%s`. Keys should be unique so that components maintain their identity across updates. Non-unique keys may cause children to be duplicated and/or omitted — the behavior is unsupported and could change in a future version.%s Makkah Al-Mukarramah 
    at div
    at section
    at div
    at HomePage (http://localhost:5173/src/features/home/HomePage.jsx:37:33)
    at RenderedRoute (http://localhost:5173/node_modules/.vite/deps/react-router-dom.js?v=8563555b:4131:5)
    at Outlet (http://localhost:5173/node_modules/.vite/deps/react-router-dom.js?v=8563555b:4537:26)
    at main
    at div
    at MainLayout (http://localhost:5173/src/components/layout/MainLayout.jsx:33:39)
    at RenderedRoute (http://localhost:5173/node_modules/.vite/deps/react-router-dom.js?v=8563555b:4131:5)
    at Routes (http://localhost:5173/node_modules/.vite/deps/react-router-dom.js?v=8563555b:4601:5)
    at App
    at Router (http://localhost:5173/node_modules/.vite/deps/react-router-dom.js?v=8563555b:4544:15)
    at HashRouter (http://localhost:5173/node_modules/.vite/deps/react-router-dom.js?v=8563555b:5326:5) @ http://localhost:5173/node_modules/.vite/deps/chunk-NLPANMJC.js?v=8563555b:520
[   14334ms] [ERROR] Warning: Encountered two children with the same key, `%s`. Keys should be unique so that components maintain their identity across updates. Non-unique keys may cause children to be duplicated and/or omitted — the behavior is unsupported and could change in a future version.%s Makkah Al-Mukarramah 
    at div
    at section
    at div
    at HomePage (http://localhost:5173/src/features/home/HomePage.jsx:37:33)
    at RenderedRoute (http://localhost:5173/node_modules/.vite/deps/react-router-dom.js?v=8563555b:4131:5)
    at Outlet (http://localhost:5173/node_modules/.vite/deps/react-router-dom.js?v=8563555b:4537:26)
    at main
    at div
    at MainLayout (http://localhost:5173/src/components/layout/MainLayout.jsx:33:39)
    at RenderedRoute (http://localhost:5173/node_modules/.vite/deps/react-router-dom.js?v=8563555b:4131:5)
    at Routes (http://localhost:5173/node_modules/.vite/deps/react-router-dom.js?v=8563555b:4601:5)
    at App
    at Router (http://localhost:5173/node_modules/.vite/deps/react-router-dom.js?v=8563555b:4544:15)
    at HashRouter (http://localhost:5173/node_modules/.vite/deps/react-router-dom.js?v=8563555b:5326:5) @ http://localhost:5173/node_modules/.vite/deps/chunk-NLPANMJC.js?v=8563555b:520
[   14335ms] [ERROR] Warning: Encountered two children with the same key, `%s`. Keys should be unique so that components maintain their identity across updates. Non-unique keys may cause children to be duplicated and/or omitted — the behavior is unsupported and could change in a future version.%s Makkah Al-Mukarramah 
    at div
    at section
    at div
    at HomePage (http://localhost:5173/src/features/home/HomePage.jsx:37:33)
    at RenderedRoute (http://localhost:5173/node_modules/.vite/deps/react-router-dom.js?v=8563555b:4131:5)
    at Outlet (http://localhost:5173/node_modules/.vite/deps/react-router-dom.js?v=8563555b:4537:26)
    at main
    at div
    at MainLayout (http://localhost:5173/src/components/layout/MainLayout.jsx:33:39)
    at RenderedRoute (http://localhost:5173/node_modules/.vite/deps/react-router-dom.js?v=8563555b:4131:5)
    at Routes (http://localhost:5173/node_modules/.vite/deps/react-router-dom.js?v=8563555b:4601:5)
    at App
    at Router (http://localhost:5173/node_modules/.vite/deps/react-router-dom.js?v=8563555b:4544:15)
    at HashRouter (http://localhost:5173/node_modules/.vite/deps/react-router-dom.js?v=8563555b:5326:5) @ http://localhost:5173/node_modules/.vite/deps/chunk-NLPANMJC.js?v=8563555b:520
[   14336ms] [ERROR] Warning: Encountered two children with the same key, `%s`. Keys should be unique so that components maintain their identity across updates. Non-unique keys may cause children to be duplicated and/or omitted — the behavior is unsupported and could change in a future version.%s Makkah Al-Mukarramah 
    at div
    at section
    at div
    at HomePage (http://localhost:5173/src/features/home/HomePage.jsx:37:33)
    at RenderedRoute (http://localhost:5173/node_modules/.vite/deps/react-router-dom.js?v=8563555b:4131:5)
    at Outlet (http://localhost:5173/node_modules/.vite/deps/react-router-dom.js?v=8563555b:4537:26)
    at main
    at div
    at MainLayout (http://localhost:5173/src/components/layout/MainLayout.jsx:33:39)
    at RenderedRoute (http://localhost:5173/node_modules/.vite/deps/react-router-dom.js?v=8563555b:4131:5)
    at Routes (http://localhost:5173/node_modules/.vite/deps/react-router-dom.js?v=8563555b:4601:5)
    at App
    at Router (http://localhost:5173/node_modules/.vite/deps/react-router-dom.js?v=8563555b:4544:15)
    at HashRouter (http://localhost:5173/node_modules/.vite/deps/react-router-dom.js?v=8563555b:5326:5) @ http://localhost:5173/node_modules/.vite/deps/chunk-NLPANMJC.js?v=8563555b:520
[   15043ms] [ERROR] Warning: Encountered two children with the same key, `%s`. Keys should be unique so that components maintain their identity across updates. Non-unique keys may cause children to be duplicated and/or omitted — the behavior is unsupported and could change in a future version.%s Makkah Al-Mukarramah 
    at div
    at section
    at div
    at HomePage (http://localhost:5173/src/features/home/HomePage.jsx:37:33)
    at RenderedRoute (http://localhost:5173/node_modules/.vite/deps/react-router-dom.js?v=8563555b:4131:5)
    at Outlet (http://localhost:5173/node_modules/.vite/deps/react-router-dom.js?v=8563555b:4537:26)
    at main
    at div
    at MainLayout (http://localhost:5173/src/components/layout/MainLayout.jsx:33:39)
    at RenderedRoute (http://localhost:5173/node_modules/.vite/deps/react-router-dom.js?v=8563555b:4131:5)
    at Routes (http://localhost:5173/node_modules/.vite/deps/react-router-dom.js?v=8563555b:4601:5)
    at App
    at Router (http://localhost:5173/node_modules/.vite/deps/react-router-dom.js?v=8563555b:4544:15)
    at HashRouter (http://localhost:5173/node_modules/.vite/deps/react-router-dom.js?v=8563555b:5326:5) @ http://localhost:5173/node_modules/.vite/deps/chunk-NLPANMJC.js?v=8563555b:520
[   15043ms] [ERROR] Warning: Encountered two children with the same key, `%s`. Keys should be unique so that components maintain their identity across updates. Non-unique keys may cause children to be duplicated and/or omitted — the behavior is unsupported and could change in a future version.%s Makkah Al-Mukarramah 
    at div
    at section
    at div
    at HomePage (http://localhost:5173/src/features/home/HomePage.jsx:37:33)
    at RenderedRoute (http://localhost:5173/node_modules/.vite/deps/react-router-dom.js?v=8563555b:4131:5)
    at Outlet (http://localhost:5173/node_modules/.vite/deps/react-router-dom.js?v=8563555b:4537:26)
    at main
    at div
    at MainLayout (http://localhost:5173/src/components/layout/MainLayout.jsx:33:39)
    at RenderedRoute (http://localhost:5173/node_modules/.vite/deps/react-router-dom.js?v=8563555b:4131:5)
    at Routes (http://localhost:5173/node_modules/.vite/deps/react-router-dom.js?v=8563555b:4601:5)
    at App
    at Router (http://localhost:5173/node_modules/.vite/deps/react-router-dom.js?v=8563555b:4544:15)
    at HashRouter (http://localhost:5173/node_modules/.vite/deps/react-router-dom.js?v=8563555b:5326:5) @ http://localhost:5173/node_modules/.vite/deps/chunk-NLPANMJC.js?v=8563555b:520
[   15044ms] [ERROR] Warning: Encountered two children with the same key, `%s`. Keys should be unique so that components maintain their identity across updates. Non-unique keys may cause children to be duplicated and/or omitted — the behavior is unsupported and could change in a future version.%s Makkah Al-Mukarramah 
    at div
    at section
    at div
    at HomePage (http://localhost:5173/src/features/home/HomePage.jsx:37:33)
    at RenderedRoute (http://localhost:5173/node_modules/.vite/deps/react-router-dom.js?v=8563555b:4131:5)
    at Outlet (http://localhost:5173/node_modules/.vite/deps/react-router-dom.js?v=8563555b:4537:26)
    at main
    at div
    at MainLayout (http://localhost:5173/src/components/layout/MainLayout.jsx:33:39)
    at RenderedRoute (http://localhost:5173/node_modules/.vite/deps/react-router-dom.js?v=8563555b:4131:5)
    at Routes (http://localhost:5173/node_modules/.vite/deps/react-router-dom.js?v=8563555b:4601:5)
    at App
    at Router (http://localhost:5173/node_modules/.vite/deps/react-router-dom.js?v=8563555b:4544:15)
    at HashRouter (http://localhost:5173/node_modules/.vite/deps/react-router-dom.js?v=8563555b:5326:5) @ http://localhost:5173/node_modules/.vite/deps/chunk-NLPANMJC.js?v=8563555b:520
[   16164ms] [ERROR] Failed to load resource: net::ERR_CONNECTION_REFUSED @ http://localhost:8000/api/posters:0
[   16165ms] [ERROR] Failed to load resource: net::ERR_CONNECTION_REFUSED @ http://localhost:8000/api/infos:0
[   16176ms] [ERROR] Warning: Encountered two children with the same key, `%s`. Keys should be unique so that components maintain their identity across updates. Non-unique keys may cause children to be duplicated and/or omitted — the behavior is unsupported and could change in a future version.%s Makkah Al-Mukarramah 
    at div
    at section
    at div
    at HomePage (http://localhost:5173/src/features/home/HomePage.jsx:37:33)
    at RenderedRoute (http://localhost:5173/node_modules/.vite/deps/react-router-dom.js?v=8563555b:4131:5)
    at Outlet (http://localhost:5173/node_modules/.vite/deps/react-router-dom.js?v=8563555b:4537:26)
    at main
    at div
    at MainLayout (http://localhost:5173/src/components/layout/MainLayout.jsx:33:39)
    at RenderedRoute (http://localhost:5173/node_modules/.vite/deps/react-router-dom.js?v=8563555b:4131:5)
    at Routes (http://localhost:5173/node_modules/.vite/deps/react-router-dom.js?v=8563555b:4601:5)
    at App
    at Router (http://localhost:5173/node_modules/.vite/deps/react-router-dom.js?v=8563555b:4544:15)
    at HashRouter (http://localhost:5173/node_modules/.vite/deps/react-router-dom.js?v=8563555b:5326:5) @ http://localhost:5173/node_modules/.vite/deps/chunk-NLPANMJC.js?v=8563555b:520
[   16177ms] [ERROR] Warning: Encountered two children with the same key, `%s`. Keys should be unique so that components maintain their identity across updates. Non-unique keys may cause children to be duplicated and/or omitted — the behavior is unsupported and could change in a future version.%s Makkah Al-Mukarramah 
    at div
    at section
    at div
    at HomePage (http://localhost:5173/src/features/home/HomePage.jsx:37:33)
    at RenderedRoute (http://localhost:5173/node_modules/.vite/deps/react-router-dom.js?v=8563555b:4131:5)
    at Outlet (http://localhost:5173/node_modules/.vite/deps/react-router-dom.js?v=8563555b:4537:26)
    at main
    at div
    at MainLayout (http://localhost:5173/src/components/layout/MainLayout.jsx:33:39)
    at RenderedRoute (http://localhost:5173/node_modules/.vite/deps/react-router-dom.js?v=8563555b:4131:5)
    at Routes (http://localhost:5173/node_modules/.vite/deps/react-router-dom.js?v=8563555b:4601:5)
    at App
    at Router (http://localhost:5173/node_modules/.vite/deps/react-router-dom.js?v=8563555b:4544:15)
    at HashRouter (http://localhost:5173/node_modules/.vite/deps/react-router-dom.js?v=8563555b:5326:5) @ http://localhost:5173/node_modules/.vite/deps/chunk-NLPANMJC.js?v=8563555b:520
[   16177ms] [ERROR] Warning: Encountered two children with the same key, `%s`. Keys should be unique so that components maintain their identity across updates. Non-unique keys may cause children to be duplicated and/or omitted — the behavior is unsupported and could change in a future version.%s Makkah Al-Mukarramah 
    at div
    at section
    at div
    at HomePage (http://localhost:5173/src/features/home/HomePage.jsx:37:33)
    at RenderedRoute (http://localhost:5173/node_modules/.vite/deps/react-router-dom.js?v=8563555b:4131:5)
    at Outlet (http://localhost:5173/node_modules/.vite/deps/react-router-dom.js?v=8563555b:4537:26)
    at main
    at div
    at MainLayout (http://localhost:5173/src/components/layout/MainLayout.jsx:33:39)
    at RenderedRoute (http://localhost:5173/node_modules/.vite/deps/react-router-dom.js?v=8563555b:4131:5)
    at Routes (http://localhost:5173/node_modules/.vite/deps/react-router-dom.js?v=8563555b:4601:5)
    at App
    at Router (http://localhost:5173/node_modules/.vite/deps/react-router-dom.js?v=8563555b:4544:15)
    at HashRouter (http://localhost:5173/node_modules/.vite/deps/react-router-dom.js?v=8563555b:5326:5) @ http://localhost:5173/node_modules/.vite/deps/chunk-NLPANMJC.js?v=8563555b:520
[   16417ms] [ERROR] Failed to load resource: net::ERR_CONNECTION_REFUSED @ http://localhost:8000/api/posters:0
[   16423ms] [ERROR] Warning: Encountered two children with the same key, `%s`. Keys should be unique so that components maintain their identity across updates. Non-unique keys may cause children to be duplicated and/or omitted — the behavior is unsupported and could change in a future version.%s Makkah Al-Mukarramah 
    at div
    at section
    at div
    at HomePage (http://localhost:5173/src/features/home/HomePage.jsx:37:33)
    at RenderedRoute (http://localhost:5173/node_modules/.vite/deps/react-router-dom.js?v=8563555b:4131:5)
    at Outlet (http://localhost:5173/node_modules/.vite/deps/react-router-dom.js?v=8563555b:4537:26)
    at main
    at div
    at MainLayout (http://localhost:5173/src/components/layout/MainLayout.jsx:33:39)
    at RenderedRoute (http://localhost:5173/node_modules/.vite/deps/react-router-dom.js?v=8563555b:4131:5)
    at Routes (http://localhost:5173/node_modules/.vite/deps/react-router-dom.js?v=8563555b:4601:5)
    at App
    at Router (http://localhost:5173/node_modules/.vite/deps/react-router-dom.js?v=8563555b:4544:15)
    at HashRouter (http://localhost:5173/node_modules/.vite/deps/react-router-dom.js?v=8563555b:5326:5) @ http://localhost:5173/node_modules/.vite/deps/chunk-NLPANMJC.js?v=8563555b:520
[   16424ms] [ERROR] Warning: Encountered two children with the same key, `%s`. Keys should be unique so that components maintain their identity across updates. Non-unique keys may cause children to be duplicated and/or omitted — the behavior is unsupported and could change in a future version.%s Makkah Al-Mukarramah 
    at div
    at section
    at div
    at HomePage (http://localhost:5173/src/features/home/HomePage.jsx:37:33)
    at RenderedRoute (http://localhost:5173/node_modules/.vite/deps/react-router-dom.js?v=8563555b:4131:5)
    at Outlet (http://localhost:5173/node_modules/.vite/deps/react-router-dom.js?v=8563555b:4537:26)
    at main
    at div
    at MainLayout (http://localhost:5173/src/components/layout/MainLayout.jsx:33:39)
    at RenderedRoute (http://localhost:5173/node_modules/.vite/deps/react-router-dom.js?v=8563555b:4131:5)
    at Routes (http://localhost:5173/node_modules/.vite/deps/react-router-dom.js?v=8563555b:4601:5)
    at App
    at Router (http://localhost:5173/node_modules/.vite/deps/react-router-dom.js?v=8563555b:4544:15)
    at HashRouter (http://localhost:5173/node_modules/.vite/deps/react-router-dom.js?v=8563555b:5326:5) @ http://localhost:5173/node_modules/.vite/deps/chunk-NLPANMJC.js?v=8563555b:520
[   16424ms] [ERROR] Warning: Encountered two children with the same key, `%s`. Keys should be unique so that components maintain their identity across updates. Non-unique keys may cause children to be duplicated and/or omitted — the behavior is unsupported and could change in a future version.%s Makkah Al-Mukarramah 
    at div
    at section
    at div
    at HomePage (http://localhost:5173/src/features/home/HomePage.jsx:37:33)
    at RenderedRoute (http://localhost:5173/node_modules/.vite/deps/react-router-dom.js?v=8563555b:4131:5)
    at Outlet (http://localhost:5173/node_modules/.vite/deps/react-router-dom.js?v=8563555b:4537:26)
    at main
    at div
    at MainLayout (http://localhost:5173/src/components/layout/MainLayout.jsx:33:39)
    at RenderedRoute (http://localhost:5173/node_modules/.vite/deps/react-router-dom.js?v=8563555b:4131:5)
    at Routes (http://localhost:5173/node_modules/.vite/deps/react-router-dom.js?v=8563555b:4601:5)
    at App
    at Router (http://localhost:5173/node_modules/.vite/deps/react-router-dom.js?v=8563555b:4544:15)
    at HashRouter (http://localhost:5173/node_modules/.vite/deps/react-router-dom.js?v=8563555b:5326:5) @ http://localhost:5173/node_modules/.vite/deps/chunk-NLPANMJC.js?v=8563555b:520
[   18340ms] [ERROR] Warning: Encountered two children with the same key, `%s`. Keys should be unique so that components maintain their identity across updates. Non-unique keys may cause children to be duplicated and/or omitted — the behavior is unsupported and could change in a future version.%s Makkah Al-Mukarramah 
    at div
    at section
    at div
    at HomePage (http://localhost:5173/src/features/home/HomePage.jsx:37:33)
    at RenderedRoute (http://localhost:5173/node_modules/.vite/deps/react-router-dom.js?v=8563555b:4131:5)
    at Outlet (http://localhost:5173/node_modules/.vite/deps/react-router-dom.js?v=8563555b:4537:26)
    at main
    at div
    at MainLayout (http://localhost:5173/src/components/layout/MainLayout.jsx:33:39)
    at RenderedRoute (http://localhost:5173/node_modules/.vite/deps/react-router-dom.js?v=8563555b:4131:5)
    at Routes (http://localhost:5173/node_modules/.vite/deps/react-router-dom.js?v=8563555b:4601:5)
    at App
    at Router (http://localhost:5173/node_modules/.vite/deps/react-router-dom.js?v=8563555b:4544:15)
    at HashRouter (http://localhost:5173/node_modules/.vite/deps/react-router-dom.js?v=8563555b:5326:5) @ http://localhost:5173/node_modules/.vite/deps/chunk-NLPANMJC.js?v=8563555b:520
[   18340ms] [ERROR] Warning: Encountered two children with the same key, `%s`. Keys should be unique so that components maintain their identity across updates. Non-unique keys may cause children to be duplicated and/or omitted — the behavior is unsupported and could change in a future version.%s Makkah Al-Mukarramah 
    at div
    at section
    at div
    at HomePage (http://localhost:5173/src/features/home/HomePage.jsx:37:33)
    at RenderedRoute (http://localhost:5173/node_modules/.vite/deps/react-router-dom.js?v=8563555b:4131:5)
    at Outlet (http://localhost:5173/node_modules/.vite/deps/react-router-dom.js?v=8563555b:4537:26)
    at main
    at div
    at MainLayout (http://localhost:5173/src/components/layout/MainLayout.jsx:33:39)
    at RenderedRoute (http://localhost:5173/node_modules/.vite/deps/react-router-dom.js?v=8563555b:4131:5)
    at Routes (http://localhost:5173/node_modules/.vite/deps/react-router-dom.js?v=8563555b:4601:5)
    at App
    at Router (http://localhost:5173/node_modules/.vite/deps/react-router-dom.js?v=8563555b:4544:15)
    at HashRouter (http://localhost:5173/node_modules/.vite/deps/react-router-dom.js?v=8563555b:5326:5) @ http://localhost:5173/node_modules/.vite/deps/chunk-NLPANMJC.js?v=8563555b:520
[   18341ms] [ERROR] Warning: Encountered two children with the same key, `%s`. Keys should be unique so that components maintain their identity across updates. Non-unique keys may cause children to be duplicated and/or omitted — the behavior is unsupported and could change in a future version.%s Makkah Al-Mukarramah 
    at div
    at section
    at div
    at HomePage (http://localhost:5173/src/features/home/HomePage.jsx:37:33)
    at RenderedRoute (http://localhost:5173/node_modules/.vite/deps/react-router-dom.js?v=8563555b:4131:5)
    at Outlet (http://localhost:5173/node_modules/.vite/deps/react-router-dom.js?v=8563555b:4537:26)
    at main
    at div
    at MainLayout (http://localhost:5173/src/components/layout/MainLayout.jsx:33:39)
    at RenderedRoute (http://localhost:5173/node_modules/.vite/deps/react-router-dom.js?v=8563555b:4131:5)
    at Routes (http://localhost:5173/node_modules/.vite/deps/react-router-dom.js?v=8563555b:4601:5)
    at App
    at Router (http://localhost:5173/node_modules/.vite/deps/react-router-dom.js?v=8563555b:4544:15)
    at HashRouter (http://localhost:5173/node_modules/.vite/deps/react-router-dom.js?v=8563555b:5326:5) @ http://localhost:5173/node_modules/.vite/deps/chunk-NLPANMJC.js?v=8563555b:520
[   18366ms] [ERROR] Warning: Encountered two children with the same key, `%s`. Keys should be unique so that components maintain their identity across updates. Non-unique keys may cause children to be duplicated and/or omitted — the behavior is unsupported and could change in a future version.%s Makkah Al-Mukarramah 
    at div
    at section
    at div
    at HomePage (http://localhost:5173/src/features/home/HomePage.jsx:37:33)
    at RenderedRoute (http://localhost:5173/node_modules/.vite/deps/react-router-dom.js?v=8563555b:4131:5)
    at Outlet (http://localhost:5173/node_modules/.vite/deps/react-router-dom.js?v=8563555b:4537:26)
    at main
    at div
    at MainLayout (http://localhost:5173/src/components/layout/MainLayout.jsx:33:39)
    at RenderedRoute (http://localhost:5173/node_modules/.vite/deps/react-router-dom.js?v=8563555b:4131:5)
    at Routes (http://localhost:5173/node_modules/.vite/deps/react-router-dom.js?v=8563555b:4601:5)
    at App
    at Router (http://localhost:5173/node_modules/.vite/deps/react-router-dom.js?v=8563555b:4544:15)
    at HashRouter (http://localhost:5173/node_modules/.vite/deps/react-router-dom.js?v=8563555b:5326:5) @ http://localhost:5173/node_modules/.vite/deps/chunk-NLPANMJC.js?v=8563555b:520
[   18367ms] [ERROR] Warning: Encountered two children with the same key, `%s`. Keys should be unique so that components maintain their identity across updates. Non-unique keys may cause children to be duplicated and/or omitted — the behavior is unsupported and could change in a future version.%s Makkah Al-Mukarramah 
    at div
    at section
    at div
    at HomePage (http://localhost:5173/src/features/home/HomePage.jsx:37:33)
    at RenderedRoute (http://localhost:5173/node_modules/.vite/deps/react-router-dom.js?v=8563555b:4131:5)
    at Outlet (http://localhost:5173/node_modules/.vite/deps/react-router-dom.js?v=8563555b:4537:26)
    at main
    at div
    at MainLayout (http://localhost:5173/src/components/layout/MainLayout.jsx:33:39)
    at RenderedRoute (http://localhost:5173/node_modules/.vite/deps/react-router-dom.js?v=8563555b:4131:5)
    at Routes (http://localhost:5173/node_modules/.vite/deps/react-router-dom.js?v=8563555b:4601:5)
    at App
    at Router (http://localhost:5173/node_modules/.vite/deps/react-router-dom.js?v=8563555b:4544:15)
    at HashRouter (http://localhost:5173/node_modules/.vite/deps/react-router-dom.js?v=8563555b:5326:5) @ http://localhost:5173/node_modules/.vite/deps/chunk-NLPANMJC.js?v=8563555b:520
[   18367ms] [ERROR] Warning: Encountered two children with the same key, `%s`. Keys should be unique so that components maintain their identity across updates. Non-unique keys may cause children to be duplicated and/or omitted — the behavior is unsupported and could change in a future version.%s Makkah Al-Mukarramah 
    at div
    at section
    at div
    at HomePage (http://localhost:5173/src/features/home/HomePage.jsx:37:33)
    at RenderedRoute (http://localhost:5173/node_modules/.vite/deps/react-router-dom.js?v=8563555b:4131:5)
    at Outlet (http://localhost:5173/node_modules/.vite/deps/react-router-dom.js?v=8563555b:4537:26)
    at main
    at div
    at MainLayout (http://localhost:5173/src/components/layout/MainLayout.jsx:33:39)
    at RenderedRoute (http://localhost:5173/node_modules/.vite/deps/react-router-dom.js?v=8563555b:4131:5)
    at Routes (http://localhost:5173/node_modules/.vite/deps/react-router-dom.js?v=8563555b:4601:5)
    at App
    at Router (http://localhost:5173/node_modules/.vite/deps/react-router-dom.js?v=8563555b:4544:15)
    at HashRouter (http://localhost:5173/node_modules/.vite/deps/react-router-dom.js?v=8563555b:5326:5) @ http://localhost:5173/node_modules/.vite/deps/chunk-NLPANMJC.js?v=8563555b:520
[   18481ms] [ERROR] Warning: Encountered two children with the same key, `%s`. Keys should be unique so that components maintain their identity across updates. Non-unique keys may cause children to be duplicated and/or omitted — the behavior is unsupported and could change in a future version.%s Makkah Al-Mukarramah 
    at div
    at section
    at div
    at HomePage (http://localhost:5173/src/features/home/HomePage.jsx:37:33)
    at RenderedRoute (http://localhost:5173/node_modules/.vite/deps/react-router-dom.js?v=8563555b:4131:5)
    at Outlet (http://localhost:5173/node_modules/.vite/deps/react-router-dom.js?v=8563555b:4537:26)
    at main
    at div
    at MainLayout (http://localhost:5173/src/components/layout/MainLayout.jsx:33:39)
    at RenderedRoute (http://localhost:5173/node_modules/.vite/deps/react-router-dom.js?v=8563555b:4131:5)
    at Routes (http://localhost:5173/node_modules/.vite/deps/react-router-dom.js?v=8563555b:4601:5)
    at App
    at Router (http://localhost:5173/node_modules/.vite/deps/react-router-dom.js?v=8563555b:4544:15)
    at HashRouter (http://localhost:5173/node_modules/.vite/deps/react-router-dom.js?v=8563555b:5326:5) @ http://localhost:5173/node_modules/.vite/deps/chunk-NLPANMJC.js?v=8563555b:520
[   18481ms] [ERROR] Warning: Encountered two children with the same key, `%s`. Keys should be unique so that components maintain their identity across updates. Non-unique keys may cause children to be duplicated and/or omitted — the behavior is unsupported and could change in a future version.%s Makkah Al-Mukarramah 
    at div
    at section
    at div
    at HomePage (http://localhost:5173/src/features/home/HomePage.jsx:37:33)
    at RenderedRoute (http://localhost:5173/node_modules/.vite/deps/react-router-dom.js?v=8563555b:4131:5)
    at Outlet (http://localhost:5173/node_modules/.vite/deps/react-router-dom.js?v=8563555b:4537:26)
    at main
    at div
    at MainLayout (http://localhost:5173/src/components/layout/MainLayout.jsx:33:39)
    at RenderedRoute (http://localhost:5173/node_modules/.vite/deps/react-router-dom.js?v=8563555b:4131:5)
    at Routes (http://localhost:5173/node_modules/.vite/deps/react-router-dom.js?v=8563555b:4601:5)
    at App
    at Router (http://localhost:5173/node_modules/.vite/deps/react-router-dom.js?v=8563555b:4544:15)
    at HashRouter (http://localhost:5173/node_modules/.vite/deps/react-router-dom.js?v=8563555b:5326:5) @ http://localhost:5173/node_modules/.vite/deps/chunk-NLPANMJC.js?v=8563555b:520
[   18481ms] [ERROR] Warning: Encountered two children with the same key, `%s`. Keys should be unique so that components maintain their identity across updates. Non-unique keys may cause children to be duplicated and/or omitted — the behavior is unsupported and could change in a future version.%s Makkah Al-Mukarramah 
    at div
    at section
    at div
    at HomePage (http://localhost:5173/src/features/home/HomePage.jsx:37:33)
    at RenderedRoute (http://localhost:5173/node_modules/.vite/deps/react-router-dom.js?v=8563555b:4131:5)
    at Outlet (http://localhost:5173/node_modules/.vite/deps/react-router-dom.js?v=8563555b:4537:26)
    at main
    at div
    at MainLayout (http://localhost:5173/src/components/layout/MainLayout.jsx:33:39)
    at RenderedRoute (http://localhost:5173/node_modules/.vite/deps/react-router-dom.js?v=8563555b:4131:5)
    at Routes (http://localhost:5173/node_modules/.vite/deps/react-router-dom.js?v=8563555b:4601:5)
    at App
    at Router (http://localhost:5173/node_modules/.vite/deps/react-router-dom.js?v=8563555b:4544:15)
    at HashRouter (http://localhost:5173/node_modules/.vite/deps/react-router-dom.js?v=8563555b:5326:5) @ http://localhost:5173/node_modules/.vite/deps/chunk-NLPANMJC.js?v=8563555b:520
[   18523ms] [ERROR] Failed to load resource: net::ERR_CONNECTION_REFUSED @ http://localhost:8000/api/infos:0
[   22848ms] [ERROR] Warning: Encountered two children with the same key, `%s`. Keys should be unique so that components maintain their identity across updates. Non-unique keys may cause children to be duplicated and/or omitted — the behavior is unsupported and could change in a future version.%s Makkah Al-Mukarramah 
    at div
    at section
    at div
    at HomePage (http://localhost:5173/src/features/home/HomePage.jsx:37:33)
    at RenderedRoute (http://localhost:5173/node_modules/.vite/deps/react-router-dom.js?v=8563555b:4131:5)
    at Outlet (http://localhost:5173/node_modules/.vite/deps/react-router-dom.js?v=8563555b:4537:26)
    at main
    at div
    at MainLayout (http://localhost:5173/src/components/layout/MainLayout.jsx:33:39)
    at RenderedRoute (http://localhost:5173/node_modules/.vite/deps/react-router-dom.js?v=8563555b:4131:5)
    at Routes (http://localhost:5173/node_modules/.vite/deps/react-router-dom.js?v=8563555b:4601:5)
    at App
    at Router (http://localhost:5173/node_modules/.vite/deps/react-router-dom.js?v=8563555b:4544:15)
    at HashRouter (http://localhost:5173/node_modules/.vite/deps/react-router-dom.js?v=8563555b:5326:5) @ http://localhost:5173/node_modules/.vite/deps/chunk-NLPANMJC.js?v=8563555b:520
[   22849ms] [ERROR] Warning: Encountered two children with the same key, `%s`. Keys should be unique so that components maintain their identity across updates. Non-unique keys may cause children to be duplicated and/or omitted — the behavior is unsupported and could change in a future version.%s Makkah Al-Mukarramah 
    at div
    at section
    at div
    at HomePage (http://localhost:5173/src/features/home/HomePage.jsx:37:33)
    at RenderedRoute (http://localhost:5173/node_modules/.vite/deps/react-router-dom.js?v=8563555b:4131:5)
    at Outlet (http://localhost:5173/node_modules/.vite/deps/react-router-dom.js?v=8563555b:4537:26)
    at main
    at div
    at MainLayout (http://localhost:5173/src/components/layout/MainLayout.jsx:33:39)
    at RenderedRoute (http://localhost:5173/node_modules/.vite/deps/react-router-dom.js?v=8563555b:4131:5)
    at Routes (http://localhost:5173/node_modules/.vite/deps/react-router-dom.js?v=8563555b:4601:5)
    at App
    at Router (http://localhost:5173/node_modules/.vite/deps/react-router-dom.js?v=8563555b:4544:15)
    at HashRouter (http://localhost:5173/node_modules/.vite/deps/react-router-dom.js?v=8563555b:5326:5) @ http://localhost:5173/node_modules/.vite/deps/chunk-NLPANMJC.js?v=8563555b:520
[   22849ms] [ERROR] Warning: Encountered two children with the same key, `%s`. Keys should be unique so that components maintain their identity across updates. Non-unique keys may cause children to be duplicated and/or omitted — the behavior is unsupported and could change in a future version.%s Makkah Al-Mukarramah 
    at div
    at section
    at div
    at HomePage (http://localhost:5173/src/features/home/HomePage.jsx:37:33)
    at RenderedRoute (http://localhost:5173/node_modules/.vite/deps/react-router-dom.js?v=8563555b:4131:5)
    at Outlet (http://localhost:5173/node_modules/.vite/deps/react-router-dom.js?v=8563555b:4537:26)
    at main
    at div
    at MainLayout (http://localhost:5173/src/components/layout/MainLayout.jsx:33:39)
    at RenderedRoute (http://localhost:5173/node_modules/.vite/deps/react-router-dom.js?v=8563555b:4131:5)
    at Routes (http://localhost:5173/node_modules/.vite/deps/react-router-dom.js?v=8563555b:4601:5)
    at App
    at Router (http://localhost:5173/node_modules/.vite/deps/react-router-dom.js?v=8563555b:4544:15)
    at HashRouter (http://localhost:5173/node_modules/.vite/deps/react-router-dom.js?v=8563555b:5326:5) @ http://localhost:5173/node_modules/.vite/deps/chunk-NLPANMJC.js?v=8563555b:520
[   22871ms] [ERROR] Warning: Encountered two children with the same key, `%s`. Keys should be unique so that components maintain their identity across updates. Non-unique keys may cause children to be duplicated and/or omitted — the behavior is unsupported and could change in a future version.%s Makkah Al-Mukarramah 
    at div
    at section
    at div
    at HomePage (http://localhost:5173/src/features/home/HomePage.jsx:37:33)
    at RenderedRoute (http://localhost:5173/node_modules/.vite/deps/react-router-dom.js?v=8563555b:4131:5)
    at Outlet (http://localhost:5173/node_modules/.vite/deps/react-router-dom.js?v=8563555b:4537:26)
    at main
    at div
    at MainLayout (http://localhost:5173/src/components/layout/MainLayout.jsx:33:39)
    at RenderedRoute (http://localhost:5173/node_modules/.vite/deps/react-router-dom.js?v=8563555b:4131:5)
    at Routes (http://localhost:5173/node_modules/.vite/deps/react-router-dom.js?v=8563555b:4601:5)
    at App
    at Router (http://localhost:5173/node_modules/.vite/deps/react-router-dom.js?v=8563555b:4544:15)
    at HashRouter (http://localhost:5173/node_modules/.vite/deps/react-router-dom.js?v=8563555b:5326:5) @ http://localhost:5173/node_modules/.vite/deps/chunk-NLPANMJC.js?v=8563555b:520
[   22872ms] [ERROR] Warning: Encountered two children with the same key, `%s`. Keys should be unique so that components maintain their identity across updates. Non-unique keys may cause children to be duplicated and/or omitted — the behavior is unsupported and could change in a future version.%s Makkah Al-Mukarramah 
    at div
    at section
    at div
    at HomePage (http://localhost:5173/src/features/home/HomePage.jsx:37:33)
    at RenderedRoute (http://localhost:5173/node_modules/.vite/deps/react-router-dom.js?v=8563555b:4131:5)
    at Outlet (http://localhost:5173/node_modules/.vite/deps/react-router-dom.js?v=8563555b:4537:26)
    at main
    at div
    at MainLayout (http://localhost:5173/src/components/layout/MainLayout.jsx:33:39)
    at RenderedRoute (http://localhost:5173/node_modules/.vite/deps/react-router-dom.js?v=8563555b:4131:5)
    at Routes (http://localhost:5173/node_modules/.vite/deps/react-router-dom.js?v=8563555b:4601:5)
    at App
    at Router (http://localhost:5173/node_modules/.vite/deps/react-router-dom.js?v=8563555b:4544:15)
    at HashRouter (http://localhost:5173/node_modules/.vite/deps/react-router-dom.js?v=8563555b:5326:5) @ http://localhost:5173/node_modules/.vite/deps/chunk-NLPANMJC.js?v=8563555b:520
[   22872ms] [ERROR] Warning: Encountered two children with the same key, `%s`. Keys should be unique so that components maintain their identity across updates. Non-unique keys may cause children to be duplicated and/or omitted — the behavior is unsupported and could change in a future version.%s Makkah Al-Mukarramah 
    at div
    at section
    at div
    at HomePage (http://localhost:5173/src/features/home/HomePage.jsx:37:33)
    at RenderedRoute (http://localhost:5173/node_modules/.vite/deps/react-router-dom.js?v=8563555b:4131:5)
    at Outlet (http://localhost:5173/node_modules/.vite/deps/react-router-dom.js?v=8563555b:4537:26)
    at main
    at div
    at MainLayout (http://localhost:5173/src/components/layout/MainLayout.jsx:33:39)
    at RenderedRoute (http://localhost:5173/node_modules/.vite/deps/react-router-dom.js?v=8563555b:4131:5)
    at Routes (http://localhost:5173/node_modules/.vite/deps/react-router-dom.js?v=8563555b:4601:5)
    at App
    at Router (http://localhost:5173/node_modules/.vite/deps/react-router-dom.js?v=8563555b:4544:15)
    at HashRouter (http://localhost:5173/node_modules/.vite/deps/react-router-dom.js?v=8563555b:5326:5) @ http://localhost:5173/node_modules/.vite/deps/chunk-NLPANMJC.js?v=8563555b:520
[   23010ms] [ERROR] Warning: Encountered two children with the same key, `%s`. Keys should be unique so that components maintain their identity across updates. Non-unique keys may cause children to be duplicated and/or omitted — the behavior is unsupported and could change in a future version.%s Makkah Al-Mukarramah 
    at div
    at section
    at div
    at HomePage (http://localhost:5173/src/features/home/HomePage.jsx:37:33)
    at RenderedRoute (http://localhost:5173/node_modules/.vite/deps/react-router-dom.js?v=8563555b:4131:5)
    at Outlet (http://localhost:5173/node_modules/.vite/deps/react-router-dom.js?v=8563555b:4537:26)
    at main
    at div
    at MainLayout (http://localhost:5173/src/components/layout/MainLayout.jsx:33:39)
    at RenderedRoute (http://localhost:5173/node_modules/.vite/deps/react-router-dom.js?v=8563555b:4131:5)
    at Routes (http://localhost:5173/node_modules/.vite/deps/react-router-dom.js?v=8563555b:4601:5)
    at App
    at Router (http://localhost:5173/node_modules/.vite/deps/react-router-dom.js?v=8563555b:4544:15)
    at HashRouter (http://localhost:5173/node_modules/.vite/deps/react-router-dom.js?v=8563555b:5326:5) @ http://localhost:5173/node_modules/.vite/deps/chunk-NLPANMJC.js?v=8563555b:520
[   23010ms] [ERROR] Warning: Encountered two children with the same key, `%s`. Keys should be unique so that components maintain their identity across updates. Non-unique keys may cause children to be duplicated and/or omitted — the behavior is unsupported and could change in a future version.%s Makkah Al-Mukarramah 
    at div
    at section
    at div
    at HomePage (http://localhost:5173/src/features/home/HomePage.jsx:37:33)
    at RenderedRoute (http://localhost:5173/node_modules/.vite/deps/react-router-dom.js?v=8563555b:4131:5)
    at Outlet (http://localhost:5173/node_modules/.vite/deps/react-router-dom.js?v=8563555b:4537:26)
    at main
    at div
    at MainLayout (http://localhost:5173/src/components/layout/MainLayout.jsx:33:39)
    at RenderedRoute (http://localhost:5173/node_modules/.vite/deps/react-router-dom.js?v=8563555b:4131:5)
    at Routes (http://localhost:5173/node_modules/.vite/deps/react-router-dom.js?v=8563555b:4601:5)
    at App
    at Router (http://localhost:5173/node_modules/.vite/deps/react-router-dom.js?v=8563555b:4544:15)
    at HashRouter (http://localhost:5173/node_modules/.vite/deps/react-router-dom.js?v=8563555b:5326:5) @ http://localhost:5173/node_modules/.vite/deps/chunk-NLPANMJC.js?v=8563555b:520
[   23011ms] [ERROR] Warning: Encountered two children with the same key, `%s`. Keys should be unique so that components maintain their identity across updates. Non-unique keys may cause children to be duplicated and/or omitted — the behavior is unsupported and could change in a future version.%s Makkah Al-Mukarramah 
    at div
    at section
    at div
    at HomePage (http://localhost:5173/src/features/home/HomePage.jsx:37:33)
    at RenderedRoute (http://localhost:5173/node_modules/.vite/deps/react-router-dom.js?v=8563555b:4131:5)
    at Outlet (http://localhost:5173/node_modules/.vite/deps/react-router-dom.js?v=8563555b:4537:26)
    at main
    at div
    at MainLayout (http://localhost:5173/src/components/layout/MainLayout.jsx:33:39)
    at RenderedRoute (http://localhost:5173/node_modules/.vite/deps/react-router-dom.js?v=8563555b:4131:5)
    at Routes (http://localhost:5173/node_modules/.vite/deps/react-router-dom.js?v=8563555b:4601:5)
    at App
    at Router (http://localhost:5173/node_modules/.vite/deps/react-router-dom.js?v=8563555b:4544:15)
    at HashRouter (http://localhost:5173/node_modules/.vite/deps/react-router-dom.js?v=8563555b:5326:5) @ http://localhost:5173/node_modules/.vite/deps/chunk-NLPANMJC.js?v=8563555b:520
[   27342ms] [ERROR] Warning: Encountered two children with the same key, `%s`. Keys should be unique so that components maintain their identity across updates. Non-unique keys may cause children to be duplicated and/or omitted — the behavior is unsupported and could change in a future version.%s Makkah Al-Mukarramah 
    at div
    at section
    at div
    at HomePage (http://localhost:5173/src/features/home/HomePage.jsx:37:33)
    at RenderedRoute (http://localhost:5173/node_modules/.vite/deps/react-router-dom.js?v=8563555b:4131:5)
    at Outlet (http://localhost:5173/node_modules/.vite/deps/react-router-dom.js?v=8563555b:4537:26)
    at main
    at div
    at MainLayout (http://localhost:5173/src/components/layout/MainLayout.jsx:33:39)
    at RenderedRoute (http://localhost:5173/node_modules/.vite/deps/react-router-dom.js?v=8563555b:4131:5)
    at Routes (http://localhost:5173/node_modules/.vite/deps/react-router-dom.js?v=8563555b:4601:5)
    at App
    at Router (http://localhost:5173/node_modules/.vite/deps/react-router-dom.js?v=8563555b:4544:15)
    at HashRouter (http://localhost:5173/node_modules/.vite/deps/react-router-dom.js?v=8563555b:5326:5) @ http://localhost:5173/node_modules/.vite/deps/chunk-NLPANMJC.js?v=8563555b:520
[   27342ms] [ERROR] Warning: Encountered two children with the same key, `%s`. Keys should be unique so that components maintain their identity across updates. Non-unique keys may cause children to be duplicated and/or omitted — the behavior is unsupported and could change in a future version.%s Makkah Al-Mukarramah 
    at div
    at section
    at div
    at HomePage (http://localhost:5173/src/features/home/HomePage.jsx:37:33)
    at RenderedRoute (http://localhost:5173/node_modules/.vite/deps/react-router-dom.js?v=8563555b:4131:5)
    at Outlet (http://localhost:5173/node_modules/.vite/deps/react-router-dom.js?v=8563555b:4537:26)
    at main
    at div
    at MainLayout (http://localhost:5173/src/components/layout/MainLayout.jsx:33:39)
    at RenderedRoute (http://localhost:5173/node_modules/.vite/deps/react-router-dom.js?v=8563555b:4131:5)
    at Routes (http://localhost:5173/node_modules/.vite/deps/react-router-dom.js?v=8563555b:4601:5)
    at App
    at Router (http://localhost:5173/node_modules/.vite/deps/react-router-dom.js?v=8563555b:4544:15)
    at HashRouter (http://localhost:5173/node_modules/.vite/deps/react-router-dom.js?v=8563555b:5326:5) @ http://localhost:5173/node_modules/.vite/deps/chunk-NLPANMJC.js?v=8563555b:520
[   27342ms] [ERROR] Warning: Encountered two children with the same key, `%s`. Keys should be unique so that components maintain their identity across updates. Non-unique keys may cause children to be duplicated and/or omitted — the behavior is unsupported and could change in a future version.%s Makkah Al-Mukarramah 
    at div
    at section
    at div
    at HomePage (http://localhost:5173/src/features/home/HomePage.jsx:37:33)
    at RenderedRoute (http://localhost:5173/node_modules/.vite/deps/react-router-dom.js?v=8563555b:4131:5)
    at Outlet (http://localhost:5173/node_modules/.vite/deps/react-router-dom.js?v=8563555b:4537:26)
    at main
    at div
    at MainLayout (http://localhost:5173/src/components/layout/MainLayout.jsx:33:39)
    at RenderedRoute (http://localhost:5173/node_modules/.vite/deps/react-router-dom.js?v=8563555b:4131:5)
    at Routes (http://localhost:5173/node_modules/.vite/deps/react-router-dom.js?v=8563555b:4601:5)
    at App
    at Router (http://localhost:5173/node_modules/.vite/deps/react-router-dom.js?v=8563555b:4544:15)
    at HashRouter (http://localhost:5173/node_modules/.vite/deps/react-router-dom.js?v=8563555b:5326:5) @ http://localhost:5173/node_modules/.vite/deps/chunk-NLPANMJC.js?v=8563555b:520
[   27362ms] [ERROR] Warning: Encountered two children with the same key, `%s`. Keys should be unique so that components maintain their identity across updates. Non-unique keys may cause children to be duplicated and/or omitted — the behavior is unsupported and could change in a future version.%s Makkah Al-Mukarramah 
    at div
    at section
    at div
    at HomePage (http://localhost:5173/src/features/home/HomePage.jsx:37:33)
    at RenderedRoute (http://localhost:5173/node_modules/.vite/deps/react-router-dom.js?v=8563555b:4131:5)
    at Outlet (http://localhost:5173/node_modules/.vite/deps/react-router-dom.js?v=8563555b:4537:26)
    at main
    at div
    at MainLayout (http://localhost:5173/src/components/layout/MainLayout.jsx:33:39)
    at RenderedRoute (http://localhost:5173/node_modules/.vite/deps/react-router-dom.js?v=8563555b:4131:5)
    at Routes (http://localhost:5173/node_modules/.vite/deps/react-router-dom.js?v=8563555b:4601:5)
    at App
    at Router (http://localhost:5173/node_modules/.vite/deps/react-router-dom.js?v=8563555b:4544:15)
    at HashRouter (http://localhost:5173/node_modules/.vite/deps/react-router-dom.js?v=8563555b:5326:5) @ http://localhost:5173/node_modules/.vite/deps/chunk-NLPANMJC.js?v=8563555b:520
[   27363ms] [ERROR] Warning: Encountered two children with the same key, `%s`. Keys should be unique so that components maintain their identity across updates. Non-unique keys may cause children to be duplicated and/or omitted — the behavior is unsupported and could change in a future version.%s Makkah Al-Mukarramah 
    at div
    at section
    at div
    at HomePage (http://localhost:5173/src/features/home/HomePage.jsx:37:33)
    at RenderedRoute (http://localhost:5173/node_modules/.vite/deps/react-router-dom.js?v=8563555b:4131:5)
    at Outlet (http://localhost:5173/node_modules/.vite/deps/react-router-dom.js?v=8563555b:4537:26)
    at main
    at div
    at MainLayout (http://localhost:5173/src/components/layout/MainLayout.jsx:33:39)
    at RenderedRoute (http://localhost:5173/node_modules/.vite/deps/react-router-dom.js?v=8563555b:4131:5)
    at Routes (http://localhost:5173/node_modules/.vite/deps/react-router-dom.js?v=8563555b:4601:5)
    at App
    at Router (http://localhost:5173/node_modules/.vite/deps/react-router-dom.js?v=8563555b:4544:15)
    at HashRouter (http://localhost:5173/node_modules/.vite/deps/react-router-dom.js?v=8563555b:5326:5) @ http://localhost:5173/node_modules/.vite/deps/chunk-NLPANMJC.js?v=8563555b:520
[   27363ms] [ERROR] Warning: Encountered two children with the same key, `%s`. Keys should be unique so that components maintain their identity across updates. Non-unique keys may cause children to be duplicated and/or omitted — the behavior is unsupported and could change in a future version.%s Makkah Al-Mukarramah 
    at div
    at section
    at div
    at HomePage (http://localhost:5173/src/features/home/HomePage.jsx:37:33)
    at RenderedRoute (http://localhost:5173/node_modules/.vite/deps/react-router-dom.js?v=8563555b:4131:5)
    at Outlet (http://localhost:5173/node_modules/.vite/deps/react-router-dom.js?v=8563555b:4537:26)
    at main
    at div
    at MainLayout (http://localhost:5173/src/components/layout/MainLayout.jsx:33:39)
    at RenderedRoute (http://localhost:5173/node_modules/.vite/deps/react-router-dom.js?v=8563555b:4131:5)
    at Routes (http://localhost:5173/node_modules/.vite/deps/react-router-dom.js?v=8563555b:4601:5)
    at App
    at Router (http://localhost:5173/node_modules/.vite/deps/react-router-dom.js?v=8563555b:4544:15)
    at HashRouter (http://localhost:5173/node_modules/.vite/deps/react-router-dom.js?v=8563555b:5326:5) @ http://localhost:5173/node_modules/.vite/deps/chunk-NLPANMJC.js?v=8563555b:520
[   27502ms] [ERROR] Warning: Encountered two children with the same key, `%s`. Keys should be unique so that components maintain their identity across updates. Non-unique keys may cause children to be duplicated and/or omitted — the behavior is unsupported and could change in a future version.%s Makkah Al-Mukarramah 
    at div
    at section
    at div
    at HomePage (http://localhost:5173/src/features/home/HomePage.jsx:37:33)
    at RenderedRoute (http://localhost:5173/node_modules/.vite/deps/react-router-dom.js?v=8563555b:4131:5)
    at Outlet (http://localhost:5173/node_modules/.vite/deps/react-router-dom.js?v=8563555b:4537:26)
    at main
    at div
    at MainLayout (http://localhost:5173/src/components/layout/MainLayout.jsx:33:39)
    at RenderedRoute (http://localhost:5173/node_modules/.vite/deps/react-router-dom.js?v=8563555b:4131:5)
    at Routes (http://localhost:5173/node_modules/.vite/deps/react-router-dom.js?v=8563555b:4601:5)
    at App
    at Router (http://localhost:5173/node_modules/.vite/deps/react-router-dom.js?v=8563555b:4544:15)
    at HashRouter (http://localhost:5173/node_modules/.vite/deps/react-router-dom.js?v=8563555b:5326:5) @ http://localhost:5173/node_modules/.vite/deps/chunk-NLPANMJC.js?v=8563555b:520
[   27503ms] [ERROR] Warning: Encountered two children with the same key, `%s`. Keys should be unique so that components maintain their identity across updates. Non-unique keys may cause children to be duplicated and/or omitted — the behavior is unsupported and could change in a future version.%s Makkah Al-Mukarramah 
    at div
    at section
    at div
    at HomePage (http://localhost:5173/src/features/home/HomePage.jsx:37:33)
    at RenderedRoute (http://localhost:5173/node_modules/.vite/deps/react-router-dom.js?v=8563555b:4131:5)
    at Outlet (http://localhost:5173/node_modules/.vite/deps/react-router-dom.js?v=8563555b:4537:26)
    at main
    at div
    at MainLayout (http://localhost:5173/src/components/layout/MainLayout.jsx:33:39)
    at RenderedRoute (http://localhost:5173/node_modules/.vite/deps/react-router-dom.js?v=8563555b:4131:5)
    at Routes (http://localhost:5173/node_modules/.vite/deps/react-router-dom.js?v=8563555b:4601:5)
    at App
    at Router (http://localhost:5173/node_modules/.vite/deps/react-router-dom.js?v=8563555b:4544:15)
    at HashRouter (http://localhost:5173/node_modules/.vite/deps/react-router-dom.js?v=8563555b:5326:5) @ http://localhost:5173/node_modules/.vite/deps/chunk-NLPANMJC.js?v=8563555b:520
[   27503ms] [ERROR] Warning: Encountered two children with the same key, `%s`. Keys should be unique so that components maintain their identity across updates. Non-unique keys may cause children to be duplicated and/or omitted — the behavior is unsupported and could change in a future version.%s Makkah Al-Mukarramah 
    at div
    at section
    at div
    at HomePage (http://localhost:5173/src/features/home/HomePage.jsx:37:33)
    at RenderedRoute (http://localhost:5173/node_modules/.vite/deps/react-router-dom.js?v=8563555b:4131:5)
    at Outlet (http://localhost:5173/node_modules/.vite/deps/react-router-dom.js?v=8563555b:4537:26)
    at main
    at div
    at MainLayout (http://localhost:5173/src/components/layout/MainLayout.jsx:33:39)
    at RenderedRoute (http://localhost:5173/node_modules/.vite/deps/react-router-dom.js?v=8563555b:4131:5)
    at Routes (http://localhost:5173/node_modules/.vite/deps/react-router-dom.js?v=8563555b:4601:5)
    at App
    at Router (http://localhost:5173/node_modules/.vite/deps/react-router-dom.js?v=8563555b:4544:15)
    at HashRouter (http://localhost:5173/node_modules/.vite/deps/react-router-dom.js?v=8563555b:5326:5) @ http://localhost:5173/node_modules/.vite/deps/chunk-NLPANMJC.js?v=8563555b:520
[   31835ms] [ERROR] Warning: Encountered two children with the same key, `%s`. Keys should be unique so that components maintain their identity across updates. Non-unique keys may cause children to be duplicated and/or omitted — the behavior is unsupported and could change in a future version.%s Makkah Al-Mukarramah 
    at div
    at section
    at div
    at HomePage (http://localhost:5173/src/features/home/HomePage.jsx:37:33)
    at RenderedRoute (http://localhost:5173/node_modules/.vite/deps/react-router-dom.js?v=8563555b:4131:5)
    at Outlet (http://localhost:5173/node_modules/.vite/deps/react-router-dom.js?v=8563555b:4537:26)
    at main
    at div
    at MainLayout (http://localhost:5173/src/components/layout/MainLayout.jsx:33:39)
    at RenderedRoute (http://localhost:5173/node_modules/.vite/deps/react-router-dom.js?v=8563555b:4131:5)
    at Routes (http://localhost:5173/node_modules/.vite/deps/react-router-dom.js?v=8563555b:4601:5)
    at App
    at Router (http://localhost:5173/node_modules/.vite/deps/react-router-dom.js?v=8563555b:4544:15)
    at HashRouter (http://localhost:5173/node_modules/.vite/deps/react-router-dom.js?v=8563555b:5326:5) @ http://localhost:5173/node_modules/.vite/deps/chunk-NLPANMJC.js?v=8563555b:520
[   31835ms] [ERROR] Warning: Encountered two children with the same key, `%s`. Keys should be unique so that components maintain their identity across updates. Non-unique keys may cause children to be duplicated and/or omitted — the behavior is unsupported and could change in a future version.%s Makkah Al-Mukarramah 
    at div
    at section
    at div
    at HomePage (http://localhost:5173/src/features/home/HomePage.jsx:37:33)
    at RenderedRoute (http://localhost:5173/node_modules/.vite/deps/react-router-dom.js?v=8563555b:4131:5)
    at Outlet (http://localhost:5173/node_modules/.vite/deps/react-router-dom.js?v=8563555b:4537:26)
    at main
    at div
    at MainLayout (http://localhost:5173/src/components/layout/MainLayout.jsx:33:39)
    at RenderedRoute (http://localhost:5173/node_modules/.vite/deps/react-router-dom.js?v=8563555b:4131:5)
    at Routes (http://localhost:5173/node_modules/.vite/deps/react-router-dom.js?v=8563555b:4601:5)
    at App
    at Router (http://localhost:5173/node_modules/.vite/deps/react-router-dom.js?v=8563555b:4544:15)
    at HashRouter (http://localhost:5173/node_modules/.vite/deps/react-router-dom.js?v=8563555b:5326:5) @ http://localhost:5173/node_modules/.vite/deps/chunk-NLPANMJC.js?v=8563555b:520
[   31835ms] [ERROR] Warning: Encountered two children with the same key, `%s`. Keys should be unique so that components maintain their identity across updates. Non-unique keys may cause children to be duplicated and/or omitted — the behavior is unsupported and could change in a future version.%s Makkah Al-Mukarramah 
    at div
    at section
    at div
    at HomePage (http://localhost:5173/src/features/home/HomePage.jsx:37:33)
    at RenderedRoute (http://localhost:5173/node_modules/.vite/deps/react-router-dom.js?v=8563555b:4131:5)
    at Outlet (http://localhost:5173/node_modules/.vite/deps/react-router-dom.js?v=8563555b:4537:26)
    at main
    at div
    at MainLayout (http://localhost:5173/src/components/layout/MainLayout.jsx:33:39)
    at RenderedRoute (http://localhost:5173/node_modules/.vite/deps/react-router-dom.js?v=8563555b:4131:5)
    at Routes (http://localhost:5173/node_modules/.vite/deps/react-router-dom.js?v=8563555b:4601:5)
    at App
    at Router (http://localhost:5173/node_modules/.vite/deps/react-router-dom.js?v=8563555b:4544:15)
    at HashRouter (http://localhost:5173/node_modules/.vite/deps/react-router-dom.js?v=8563555b:5326:5) @ http://localhost:5173/node_modules/.vite/deps/chunk-NLPANMJC.js?v=8563555b:520
[   31855ms] [ERROR] Warning: Encountered two children with the same key, `%s`. Keys should be unique so that components maintain their identity across updates. Non-unique keys may cause children to be duplicated and/or omitted — the behavior is unsupported and could change in a future version.%s Makkah Al-Mukarramah 
    at div
    at section
    at div
    at HomePage (http://localhost:5173/src/features/home/HomePage.jsx:37:33)
    at RenderedRoute (http://localhost:5173/node_modules/.vite/deps/react-router-dom.js?v=8563555b:4131:5)
    at Outlet (http://localhost:5173/node_modules/.vite/deps/react-router-dom.js?v=8563555b:4537:26)
    at main
    at div
    at MainLayout (http://localhost:5173/src/components/layout/MainLayout.jsx:33:39)
    at RenderedRoute (http://localhost:5173/node_modules/.vite/deps/react-router-dom.js?v=8563555b:4131:5)
    at Routes (http://localhost:5173/node_modules/.vite/deps/react-router-dom.js?v=8563555b:4601:5)
    at App
    at Router (http://localhost:5173/node_modules/.vite/deps/react-router-dom.js?v=8563555b:4544:15)
    at HashRouter (http://localhost:5173/node_modules/.vite/deps/react-router-dom.js?v=8563555b:5326:5) @ http://localhost:5173/node_modules/.vite/deps/chunk-NLPANMJC.js?v=8563555b:520
[   31855ms] [ERROR] Warning: Encountered two children with the same key, `%s`. Keys should be unique so that components maintain their identity across updates. Non-unique keys may cause children to be duplicated and/or omitted — the behavior is unsupported and could change in a future version.%s Makkah Al-Mukarramah 
    at div
    at section
    at div
    at HomePage (http://localhost:5173/src/features/home/HomePage.jsx:37:33)
    at RenderedRoute (http://localhost:5173/node_modules/.vite/deps/react-router-dom.js?v=8563555b:4131:5)
    at Outlet (http://localhost:5173/node_modules/.vite/deps/react-router-dom.js?v=8563555b:4537:26)
    at main
    at div
    at MainLayout (http://localhost:5173/src/components/layout/MainLayout.jsx:33:39)
    at RenderedRoute (http://localhost:5173/node_modules/.vite/deps/react-router-dom.js?v=8563555b:4131:5)
    at Routes (http://localhost:5173/node_modules/.vite/deps/react-router-dom.js?v=8563555b:4601:5)
    at App
    at Router (http://localhost:5173/node_modules/.vite/deps/react-router-dom.js?v=8563555b:4544:15)
    at HashRouter (http://localhost:5173/node_modules/.vite/deps/react-router-dom.js?v=8563555b:5326:5) @ http://localhost:5173/node_modules/.vite/deps/chunk-NLPANMJC.js?v=8563555b:520
[   31855ms] [ERROR] Warning: Encountered two children with the same key, `%s`. Keys should be unique so that components maintain their identity across updates. Non-unique keys may cause children to be duplicated and/or omitted — the behavior is unsupported and could change in a future version.%s Makkah Al-Mukarramah 
    at div
    at section
    at div
    at HomePage (http://localhost:5173/src/features/home/HomePage.jsx:37:33)
    at RenderedRoute (http://localhost:5173/node_modules/.vite/deps/react-router-dom.js?v=8563555b:4131:5)
    at Outlet (http://localhost:5173/node_modules/.vite/deps/react-router-dom.js?v=8563555b:4537:26)
    at main
    at div
    at MainLayout (http://localhost:5173/src/components/layout/MainLayout.jsx:33:39)
    at RenderedRoute (http://localhost:5173/node_modules/.vite/deps/react-router-dom.js?v=8563555b:4131:5)
    at Routes (http://localhost:5173/node_modules/.vite/deps/react-router-dom.js?v=8563555b:4601:5)
    at App
    at Router (http://localhost:5173/node_modules/.vite/deps/react-router-dom.js?v=8563555b:4544:15)
    at HashRouter (http://localhost:5173/node_modules/.vite/deps/react-router-dom.js?v=8563555b:5326:5) @ http://localhost:5173/node_modules/.vite/deps/chunk-NLPANMJC.js?v=8563555b:520
[   31994ms] [ERROR] Warning: Encountered two children with the same key, `%s`. Keys should be unique so that components maintain their identity across updates. Non-unique keys may cause children to be duplicated and/or omitted — the behavior is unsupported and could change in a future version.%s Makkah Al-Mukarramah 
    at div
    at section
    at div
    at HomePage (http://localhost:5173/src/features/home/HomePage.jsx:37:33)
    at RenderedRoute (http://localhost:5173/node_modules/.vite/deps/react-router-dom.js?v=8563555b:4131:5)
    at Outlet (http://localhost:5173/node_modules/.vite/deps/react-router-dom.js?v=8563555b:4537:26)
    at main
    at div
    at MainLayout (http://localhost:5173/src/components/layout/MainLayout.jsx:33:39)
    at RenderedRoute (http://localhost:5173/node_modules/.vite/deps/react-router-dom.js?v=8563555b:4131:5)
    at Routes (http://localhost:5173/node_modules/.vite/deps/react-router-dom.js?v=8563555b:4601:5)
    at App
    at Router (http://localhost:5173/node_modules/.vite/deps/react-router-dom.js?v=8563555b:4544:15)
    at HashRouter (http://localhost:5173/node_modules/.vite/deps/react-router-dom.js?v=8563555b:5326:5) @ http://localhost:5173/node_modules/.vite/deps/chunk-NLPANMJC.js?v=8563555b:520
[   31994ms] [ERROR] Warning: Encountered two children with the same key, `%s`. Keys should be unique so that components maintain their identity across updates. Non-unique keys may cause children to be duplicated and/or omitted — the behavior is unsupported and could change in a future version.%s Makkah Al-Mukarramah 
    at div
    at section
    at div
    at HomePage (http://localhost:5173/src/features/home/HomePage.jsx:37:33)
    at RenderedRoute (http://localhost:5173/node_modules/.vite/deps/react-router-dom.js?v=8563555b:4131:5)
    at Outlet (http://localhost:5173/node_modules/.vite/deps/react-router-dom.js?v=8563555b:4537:26)
    at main
    at div
    at MainLayout (http://localhost:5173/src/components/layout/MainLayout.jsx:33:39)
    at RenderedRoute (http://localhost:5173/node_modules/.vite/deps/react-router-dom.js?v=8563555b:4131:5)
    at Routes (http://localhost:5173/node_modules/.vite/deps/react-router-dom.js?v=8563555b:4601:5)
    at App
    at Router (http://localhost:5173/node_modules/.vite/deps/react-router-dom.js?v=8563555b:4544:15)
    at HashRouter (http://localhost:5173/node_modules/.vite/deps/react-router-dom.js?v=8563555b:5326:5) @ http://localhost:5173/node_modules/.vite/deps/chunk-NLPANMJC.js?v=8563555b:520
[   31994ms] [ERROR] Warning: Encountered two children with the same key, `%s`. Keys should be unique so that components maintain their identity across updates. Non-unique keys may cause children to be duplicated and/or omitted — the behavior is unsupported and could change in a future version.%s Makkah Al-Mukarramah 
    at div
    at section
    at div
    at HomePage (http://localhost:5173/src/features/home/HomePage.jsx:37:33)
    at RenderedRoute (http://localhost:5173/node_modules/.vite/deps/react-router-dom.js?v=8563555b:4131:5)
    at Outlet (http://localhost:5173/node_modules/.vite/deps/react-router-dom.js?v=8563555b:4537:26)
    at main
    at div
    at MainLayout (http://localhost:5173/src/components/layout/MainLayout.jsx:33:39)
    at RenderedRoute (http://localhost:5173/node_modules/.vite/deps/react-router-dom.js?v=8563555b:4131:5)
    at Routes (http://localhost:5173/node_modules/.vite/deps/react-router-dom.js?v=8563555b:4601:5)
    at App
    at Router (http://localhost:5173/node_modules/.vite/deps/react-router-dom.js?v=8563555b:4544:15)
    at HashRouter (http://localhost:5173/node_modules/.vite/deps/react-router-dom.js?v=8563555b:5326:5) @ http://localhost:5173/node_modules/.vite/deps/chunk-NLPANMJC.js?v=8563555b:520
[   36334ms] [ERROR] Warning: Encountered two children with the same key, `%s`. Keys should be unique so that components maintain their identity across updates. Non-unique keys may cause children to be duplicated and/or omitted — the behavior is unsupported and could change in a future version.%s Makkah Al-Mukarramah 
    at div
    at section
    at div
    at HomePage (http://localhost:5173/src/features/home/HomePage.jsx:37:33)
    at RenderedRoute (http://localhost:5173/node_modules/.vite/deps/react-router-dom.js?v=8563555b:4131:5)
    at Outlet (http://localhost:5173/node_modules/.vite/deps/react-router-dom.js?v=8563555b:4537:26)
    at main
    at div
    at MainLayout (http://localhost:5173/src/components/layout/MainLayout.jsx:33:39)
    at RenderedRoute (http://localhost:5173/node_modules/.vite/deps/react-router-dom.js?v=8563555b:4131:5)
    at Routes (http://localhost:5173/node_modules/.vite/deps/react-router-dom.js?v=8563555b:4601:5)
    at App
    at Router (http://localhost:5173/node_modules/.vite/deps/react-router-dom.js?v=8563555b:4544:15)
    at HashRouter (http://localhost:5173/node_modules/.vite/deps/react-router-dom.js?v=8563555b:5326:5) @ http://localhost:5173/node_modules/.vite/deps/chunk-NLPANMJC.js?v=8563555b:520
[   36334ms] [ERROR] Warning: Encountered two children with the same key, `%s`. Keys should be unique so that components maintain their identity across updates. Non-unique keys may cause children to be duplicated and/or omitted — the behavior is unsupported and could change in a future version.%s Makkah Al-Mukarramah 
    at div
    at section
    at div
    at HomePage (http://localhost:5173/src/features/home/HomePage.jsx:37:33)
    at RenderedRoute (http://localhost:5173/node_modules/.vite/deps/react-router-dom.js?v=8563555b:4131:5)
    at Outlet (http://localhost:5173/node_modules/.vite/deps/react-router-dom.js?v=8563555b:4537:26)
    at main
    at div
    at MainLayout (http://localhost:5173/src/components/layout/MainLayout.jsx:33:39)
    at RenderedRoute (http://localhost:5173/node_modules/.vite/deps/react-router-dom.js?v=8563555b:4131:5)
    at Routes (http://localhost:5173/node_modules/.vite/deps/react-router-dom.js?v=8563555b:4601:5)
    at App
    at Router (http://localhost:5173/node_modules/.vite/deps/react-router-dom.js?v=8563555b:4544:15)
    at HashRouter (http://localhost:5173/node_modules/.vite/deps/react-router-dom.js?v=8563555b:5326:5) @ http://localhost:5173/node_modules/.vite/deps/chunk-NLPANMJC.js?v=8563555b:520
[   36334ms] [ERROR] Warning: Encountered two children with the same key, `%s`. Keys should be unique so that components maintain their identity across updates. Non-unique keys may cause children to be duplicated and/or omitted — the behavior is unsupported and could change in a future version.%s Makkah Al-Mukarramah 
    at div
    at section
    at div
    at HomePage (http://localhost:5173/src/features/home/HomePage.jsx:37:33)
    at RenderedRoute (http://localhost:5173/node_modules/.vite/deps/react-router-dom.js?v=8563555b:4131:5)
    at Outlet (http://localhost:5173/node_modules/.vite/deps/react-router-dom.js?v=8563555b:4537:26)
    at main
    at div
    at MainLayout (http://localhost:5173/src/components/layout/MainLayout.jsx:33:39)
    at RenderedRoute (http://localhost:5173/node_modules/.vite/deps/react-router-dom.js?v=8563555b:4131:5)
    at Routes (http://localhost:5173/node_modules/.vite/deps/react-router-dom.js?v=8563555b:4601:5)
    at App
    at Router (http://localhost:5173/node_modules/.vite/deps/react-router-dom.js?v=8563555b:4544:15)
    at HashRouter (http://localhost:5173/node_modules/.vite/deps/react-router-dom.js?v=8563555b:5326:5) @ http://localhost:5173/node_modules/.vite/deps/chunk-NLPANMJC.js?v=8563555b:520
[   36355ms] [ERROR] Warning: Encountered two children with the same key, `%s`. Keys should be unique so that components maintain their identity across updates. Non-unique keys may cause children to be duplicated and/or omitted — the behavior is unsupported and could change in a future version.%s Makkah Al-Mukarramah 
    at div
    at section
    at div
    at HomePage (http://localhost:5173/src/features/home/HomePage.jsx:37:33)
    at RenderedRoute (http://localhost:5173/node_modules/.vite/deps/react-router-dom.js?v=8563555b:4131:5)
    at Outlet (http://localhost:5173/node_modules/.vite/deps/react-router-dom.js?v=8563555b:4537:26)
    at main
    at div
    at MainLayout (http://localhost:5173/src/components/layout/MainLayout.jsx:33:39)
    at RenderedRoute (http://localhost:5173/node_modules/.vite/deps/react-router-dom.js?v=8563555b:4131:5)
    at Routes (http://localhost:5173/node_modules/.vite/deps/react-router-dom.js?v=8563555b:4601:5)
    at App
    at Router (http://localhost:5173/node_modules/.vite/deps/react-router-dom.js?v=8563555b:4544:15)
    at HashRouter (http://localhost:5173/node_modules/.vite/deps/react-router-dom.js?v=8563555b:5326:5) @ http://localhost:5173/node_modules/.vite/deps/chunk-NLPANMJC.js?v=8563555b:520
[   36355ms] [ERROR] Warning: Encountered two children with the same key, `%s`. Keys should be unique so that components maintain their identity across updates. Non-unique keys may cause children to be duplicated and/or omitted — the behavior is unsupported and could change in a future version.%s Makkah Al-Mukarramah 
    at div
    at section
    at div
    at HomePage (http://localhost:5173/src/features/home/HomePage.jsx:37:33)
    at RenderedRoute (http://localhost:5173/node_modules/.vite/deps/react-router-dom.js?v=8563555b:4131:5)
    at Outlet (http://localhost:5173/node_modules/.vite/deps/react-router-dom.js?v=8563555b:4537:26)
    at main
    at div
    at MainLayout (http://localhost:5173/src/components/layout/MainLayout.jsx:33:39)
    at RenderedRoute (http://localhost:5173/node_modules/.vite/deps/react-router-dom.js?v=8563555b:4131:5)
    at Routes (http://localhost:5173/node_modules/.vite/deps/react-router-dom.js?v=8563555b:4601:5)
    at App
    at Router (http://localhost:5173/node_modules/.vite/deps/react-router-dom.js?v=8563555b:4544:15)
    at HashRouter (http://localhost:5173/node_modules/.vite/deps/react-router-dom.js?v=8563555b:5326:5) @ http://localhost:5173/node_modules/.vite/deps/chunk-NLPANMJC.js?v=8563555b:520
[   36355ms] [ERROR] Warning: Encountered two children with the same key, `%s`. Keys should be unique so that components maintain their identity across updates. Non-unique keys may cause children to be duplicated and/or omitted — the behavior is unsupported and could change in a future version.%s Makkah Al-Mukarramah 
    at div
    at section
    at div
    at HomePage (http://localhost:5173/src/features/home/HomePage.jsx:37:33)
    at RenderedRoute (http://localhost:5173/node_modules/.vite/deps/react-router-dom.js?v=8563555b:4131:5)
    at Outlet (http://localhost:5173/node_modules/.vite/deps/react-router-dom.js?v=8563555b:4537:26)
    at main
    at div
    at MainLayout (http://localhost:5173/src/components/layout/MainLayout.jsx:33:39)
    at RenderedRoute (http://localhost:5173/node_modules/.vite/deps/react-router-dom.js?v=8563555b:4131:5)
    at Routes (http://localhost:5173/node_modules/.vite/deps/react-router-dom.js?v=8563555b:4601:5)
    at App
    at Router (http://localhost:5173/node_modules/.vite/deps/react-router-dom.js?v=8563555b:4544:15)
    at HashRouter (http://localhost:5173/node_modules/.vite/deps/react-router-dom.js?v=8563555b:5326:5) @ http://localhost:5173/node_modules/.vite/deps/chunk-NLPANMJC.js?v=8563555b:520
[   36495ms] [ERROR] Warning: Encountered two children with the same key, `%s`. Keys should be unique so that components maintain their identity across updates. Non-unique keys may cause children to be duplicated and/or omitted — the behavior is unsupported and could change in a future version.%s Makkah Al-Mukarramah 
    at div
    at section
    at div
    at HomePage (http://localhost:5173/src/features/home/HomePage.jsx:37:33)
    at RenderedRoute (http://localhost:5173/node_modules/.vite/deps/react-router-dom.js?v=8563555b:4131:5)
    at Outlet (http://localhost:5173/node_modules/.vite/deps/react-router-dom.js?v=8563555b:4537:26)
    at main
    at div
    at MainLayout (http://localhost:5173/src/components/layout/MainLayout.jsx:33:39)
    at RenderedRoute (http://localhost:5173/node_modules/.vite/deps/react-router-dom.js?v=8563555b:4131:5)
    at Routes (http://localhost:5173/node_modules/.vite/deps/react-router-dom.js?v=8563555b:4601:5)
    at App
    at Router (http://localhost:5173/node_modules/.vite/deps/react-router-dom.js?v=8563555b:4544:15)
    at HashRouter (http://localhost:5173/node_modules/.vite/deps/react-router-dom.js?v=8563555b:5326:5) @ http://localhost:5173/node_modules/.vite/deps/chunk-NLPANMJC.js?v=8563555b:520
[   36495ms] [ERROR] Warning: Encountered two children with the same key, `%s`. Keys should be unique so that components maintain their identity across updates. Non-unique keys may cause children to be duplicated and/or omitted — the behavior is unsupported and could change in a future version.%s Makkah Al-Mukarramah 
    at div
    at section
    at div
    at HomePage (http://localhost:5173/src/features/home/HomePage.jsx:37:33)
    at RenderedRoute (http://localhost:5173/node_modules/.vite/deps/react-router-dom.js?v=8563555b:4131:5)
    at Outlet (http://localhost:5173/node_modules/.vite/deps/react-router-dom.js?v=8563555b:4537:26)
    at main
    at div
    at MainLayout (http://localhost:5173/src/components/layout/MainLayout.jsx:33:39)
    at RenderedRoute (http://localhost:5173/node_modules/.vite/deps/react-router-dom.js?v=8563555b:4131:5)
    at Routes (http://localhost:5173/node_modules/.vite/deps/react-router-dom.js?v=8563555b:4601:5)
    at App
    at Router (http://localhost:5173/node_modules/.vite/deps/react-router-dom.js?v=8563555b:4544:15)
    at HashRouter (http://localhost:5173/node_modules/.vite/deps/react-router-dom.js?v=8563555b:5326:5) @ http://localhost:5173/node_modules/.vite/deps/chunk-NLPANMJC.js?v=8563555b:520
[   36496ms] [ERROR] Warning: Encountered two children with the same key, `%s`. Keys should be unique so that components maintain their identity across updates. Non-unique keys may cause children to be duplicated and/or omitted — the behavior is unsupported and could change in a future version.%s Makkah Al-Mukarramah 
    at div
    at section
    at div
    at HomePage (http://localhost:5173/src/features/home/HomePage.jsx:37:33)
    at RenderedRoute (http://localhost:5173/node_modules/.vite/deps/react-router-dom.js?v=8563555b:4131:5)
    at Outlet (http://localhost:5173/node_modules/.vite/deps/react-router-dom.js?v=8563555b:4537:26)
    at main
    at div
    at MainLayout (http://localhost:5173/src/components/layout/MainLayout.jsx:33:39)
    at RenderedRoute (http://localhost:5173/node_modules/.vite/deps/react-router-dom.js?v=8563555b:4131:5)
    at Routes (http://localhost:5173/node_modules/.vite/deps/react-router-dom.js?v=8563555b:4601:5)
    at App
    at Router (http://localhost:5173/node_modules/.vite/deps/react-router-dom.js?v=8563555b:4544:15)
    at HashRouter (http://localhost:5173/node_modules/.vite/deps/react-router-dom.js?v=8563555b:5326:5) @ http://localhost:5173/node_modules/.vite/deps/chunk-NLPANMJC.js?v=8563555b:520
[   40840ms] [ERROR] Warning: Encountered two children with the same key, `%s`. Keys should be unique so that components maintain their identity across updates. Non-unique keys may cause children to be duplicated and/or omitted — the behavior is unsupported and could change in a future version.%s Makkah Al-Mukarramah 
    at div
    at section
    at div
    at HomePage (http://localhost:5173/src/features/home/HomePage.jsx:37:33)
    at RenderedRoute (http://localhost:5173/node_modules/.vite/deps/react-router-dom.js?v=8563555b:4131:5)
    at Outlet (http://localhost:5173/node_modules/.vite/deps/react-router-dom.js?v=8563555b:4537:26)
    at main
    at div
    at MainLayout (http://localhost:5173/src/components/layout/MainLayout.jsx:33:39)
    at RenderedRoute (http://localhost:5173/node_modules/.vite/deps/react-router-dom.js?v=8563555b:4131:5)
    at Routes (http://localhost:5173/node_modules/.vite/deps/react-router-dom.js?v=8563555b:4601:5)
    at App
    at Router (http://localhost:5173/node_modules/.vite/deps/react-router-dom.js?v=8563555b:4544:15)
    at HashRouter (http://localhost:5173/node_modules/.vite/deps/react-router-dom.js?v=8563555b:5326:5) @ http://localhost:5173/node_modules/.vite/deps/chunk-NLPANMJC.js?v=8563555b:520
[   40841ms] [ERROR] Warning: Encountered two children with the same key, `%s`. Keys should be unique so that components maintain their identity across updates. Non-unique keys may cause children to be duplicated and/or omitted — the behavior is unsupported and could change in a future version.%s Makkah Al-Mukarramah 
    at div
    at section
    at div
    at HomePage (http://localhost:5173/src/features/home/HomePage.jsx:37:33)
    at RenderedRoute (http://localhost:5173/node_modules/.vite/deps/react-router-dom.js?v=8563555b:4131:5)
    at Outlet (http://localhost:5173/node_modules/.vite/deps/react-router-dom.js?v=8563555b:4537:26)
    at main
    at div
    at MainLayout (http://localhost:5173/src/components/layout/MainLayout.jsx:33:39)
    at RenderedRoute (http://localhost:5173/node_modules/.vite/deps/react-router-dom.js?v=8563555b:4131:5)
    at Routes (http://localhost:5173/node_modules/.vite/deps/react-router-dom.js?v=8563555b:4601:5)
    at App
    at Router (http://localhost:5173/node_modules/.vite/deps/react-router-dom.js?v=8563555b:4544:15)
    at HashRouter (http://localhost:5173/node_modules/.vite/deps/react-router-dom.js?v=8563555b:5326:5) @ http://localhost:5173/node_modules/.vite/deps/chunk-NLPANMJC.js?v=8563555b:520
[   40841ms] [ERROR] Warning: Encountered two children with the same key, `%s`. Keys should be unique so that components maintain their identity across updates. Non-unique keys may cause children to be duplicated and/or omitted — the behavior is unsupported and could change in a future version.%s Makkah Al-Mukarramah 
    at div
    at section
    at div
    at HomePage (http://localhost:5173/src/features/home/HomePage.jsx:37:33)
    at RenderedRoute (http://localhost:5173/node_modules/.vite/deps/react-router-dom.js?v=8563555b:4131:5)
    at Outlet (http://localhost:5173/node_modules/.vite/deps/react-router-dom.js?v=8563555b:4537:26)
    at main
    at div
    at MainLayout (http://localhost:5173/src/components/layout/MainLayout.jsx:33:39)
    at RenderedRoute (http://localhost:5173/node_modules/.vite/deps/react-router-dom.js?v=8563555b:4131:5)
    at Routes (http://localhost:5173/node_modules/.vite/deps/react-router-dom.js?v=8563555b:4601:5)
    at App
    at Router (http://localhost:5173/node_modules/.vite/deps/react-router-dom.js?v=8563555b:4544:15)
    at HashRouter (http://localhost:5173/node_modules/.vite/deps/react-router-dom.js?v=8563555b:5326:5) @ http://localhost:5173/node_modules/.vite/deps/chunk-NLPANMJC.js?v=8563555b:520
[   40864ms] [ERROR] Warning: Encountered two children with the same key, `%s`. Keys should be unique so that components maintain their identity across updates. Non-unique keys may cause children to be duplicated and/or omitted — the behavior is unsupported and could change in a future version.%s Makkah Al-Mukarramah 
    at div
    at section
    at div
    at HomePage (http://localhost:5173/src/features/home/HomePage.jsx:37:33)
    at RenderedRoute (http://localhost:5173/node_modules/.vite/deps/react-router-dom.js?v=8563555b:4131:5)
    at Outlet (http://localhost:5173/node_modules/.vite/deps/react-router-dom.js?v=8563555b:4537:26)
    at main
    at div
    at MainLayout (http://localhost:5173/src/components/layout/MainLayout.jsx:33:39)
    at RenderedRoute (http://localhost:5173/node_modules/.vite/deps/react-router-dom.js?v=8563555b:4131:5)
    at Routes (http://localhost:5173/node_modules/.vite/deps/react-router-dom.js?v=8563555b:4601:5)
    at App
    at Router (http://localhost:5173/node_modules/.vite/deps/react-router-dom.js?v=8563555b:4544:15)
    at HashRouter (http://localhost:5173/node_modules/.vite/deps/react-router-dom.js?v=8563555b:5326:5) @ http://localhost:5173/node_modules/.vite/deps/chunk-NLPANMJC.js?v=8563555b:520
[   40865ms] [ERROR] Warning: Encountered two children with the same key, `%s`. Keys should be unique so that components maintain their identity across updates. Non-unique keys may cause children to be duplicated and/or omitted — the behavior is unsupported and could change in a future version.%s Makkah Al-Mukarramah 
    at div
    at section
    at div
    at HomePage (http://localhost:5173/src/features/home/HomePage.jsx:37:33)
    at RenderedRoute (http://localhost:5173/node_modules/.vite/deps/react-router-dom.js?v=8563555b:4131:5)
    at Outlet (http://localhost:5173/node_modules/.vite/deps/react-router-dom.js?v=8563555b:4537:26)
    at main
    at div
    at MainLayout (http://localhost:5173/src/components/layout/MainLayout.jsx:33:39)
    at RenderedRoute (http://localhost:5173/node_modules/.vite/deps/react-router-dom.js?v=8563555b:4131:5)
    at Routes (http://localhost:5173/node_modules/.vite/deps/react-router-dom.js?v=8563555b:4601:5)
    at App
    at Router (http://localhost:5173/node_modules/.vite/deps/react-router-dom.js?v=8563555b:4544:15)
    at HashRouter (http://localhost:5173/node_modules/.vite/deps/react-router-dom.js?v=8563555b:5326:5) @ http://localhost:5173/node_modules/.vite/deps/chunk-NLPANMJC.js?v=8563555b:520
[   40865ms] [ERROR] Warning: Encountered two children with the same key, `%s`. Keys should be unique so that components maintain their identity across updates. Non-unique keys may cause children to be duplicated and/or omitted — the behavior is unsupported and could change in a future version.%s Makkah Al-Mukarramah 
    at div
    at section
    at div
    at HomePage (http://localhost:5173/src/features/home/HomePage.jsx:37:33)
    at RenderedRoute (http://localhost:5173/node_modules/.vite/deps/react-router-dom.js?v=8563555b:4131:5)
    at Outlet (http://localhost:5173/node_modules/.vite/deps/react-router-dom.js?v=8563555b:4537:26)
    at main
    at div
    at MainLayout (http://localhost:5173/src/components/layout/MainLayout.jsx:33:39)
    at RenderedRoute (http://localhost:5173/node_modules/.vite/deps/react-router-dom.js?v=8563555b:4131:5)
    at Routes (http://localhost:5173/node_modules/.vite/deps/react-router-dom.js?v=8563555b:4601:5)
    at App
    at Router (http://localhost:5173/node_modules/.vite/deps/react-router-dom.js?v=8563555b:4544:15)
    at HashRouter (http://localhost:5173/node_modules/.vite/deps/react-router-dom.js?v=8563555b:5326:5) @ http://localhost:5173/node_modules/.vite/deps/chunk-NLPANMJC.js?v=8563555b:520
[   41000ms] [ERROR] Warning: Encountered two children with the same key, `%s`. Keys should be unique so that components maintain their identity across updates. Non-unique keys may cause children to be duplicated and/or omitted — the behavior is unsupported and could change in a future version.%s Makkah Al-Mukarramah 
    at div
    at section
    at div
    at HomePage (http://localhost:5173/src/features/home/HomePage.jsx:37:33)
    at RenderedRoute (http://localhost:5173/node_modules/.vite/deps/react-router-dom.js?v=8563555b:4131:5)
    at Outlet (http://localhost:5173/node_modules/.vite/deps/react-router-dom.js?v=8563555b:4537:26)
    at main
    at div
    at MainLayout (http://localhost:5173/src/components/layout/MainLayout.jsx:33:39)
    at RenderedRoute (http://localhost:5173/node_modules/.vite/deps/react-router-dom.js?v=8563555b:4131:5)
    at Routes (http://localhost:5173/node_modules/.vite/deps/react-router-dom.js?v=8563555b:4601:5)
    at App
    at Router (http://localhost:5173/node_modules/.vite/deps/react-router-dom.js?v=8563555b:4544:15)
    at HashRouter (http://localhost:5173/node_modules/.vite/deps/react-router-dom.js?v=8563555b:5326:5) @ http://localhost:5173/node_modules/.vite/deps/chunk-NLPANMJC.js?v=8563555b:520
[   41000ms] [ERROR] Warning: Encountered two children with the same key, `%s`. Keys should be unique so that components maintain their identity across updates. Non-unique keys may cause children to be duplicated and/or omitted — the behavior is unsupported and could change in a future version.%s Makkah Al-Mukarramah 
    at div
    at section
    at div
    at HomePage (http://localhost:5173/src/features/home/HomePage.jsx:37:33)
    at RenderedRoute (http://localhost:5173/node_modules/.vite/deps/react-router-dom.js?v=8563555b:4131:5)
    at Outlet (http://localhost:5173/node_modules/.vite/deps/react-router-dom.js?v=8563555b:4537:26)
    at main
    at div
    at MainLayout (http://localhost:5173/src/components/layout/MainLayout.jsx:33:39)
    at RenderedRoute (http://localhost:5173/node_modules/.vite/deps/react-router-dom.js?v=8563555b:4131:5)
    at Routes (http://localhost:5173/node_modules/.vite/deps/react-router-dom.js?v=8563555b:4601:5)
    at App
    at Router (http://localhost:5173/node_modules/.vite/deps/react-router-dom.js?v=8563555b:4544:15)
    at HashRouter (http://localhost:5173/node_modules/.vite/deps/react-router-dom.js?v=8563555b:5326:5) @ http://localhost:5173/node_modules/.vite/deps/chunk-NLPANMJC.js?v=8563555b:520
[   41001ms] [ERROR] Warning: Encountered two children with the same key, `%s`. Keys should be unique so that components maintain their identity across updates. Non-unique keys may cause children to be duplicated and/or omitted — the behavior is unsupported and could change in a future version.%s Makkah Al-Mukarramah 
    at div
    at section
    at div
    at HomePage (http://localhost:5173/src/features/home/HomePage.jsx:37:33)
    at RenderedRoute (http://localhost:5173/node_modules/.vite/deps/react-router-dom.js?v=8563555b:4131:5)
    at Outlet (http://localhost:5173/node_modules/.vite/deps/react-router-dom.js?v=8563555b:4537:26)
    at main
    at div
    at MainLayout (http://localhost:5173/src/components/layout/MainLayout.jsx:33:39)
    at RenderedRoute (http://localhost:5173/node_modules/.vite/deps/react-router-dom.js?v=8563555b:4131:5)
    at Routes (http://localhost:5173/node_modules/.vite/deps/react-router-dom.js?v=8563555b:4601:5)
    at App
    at Router (http://localhost:5173/node_modules/.vite/deps/react-router-dom.js?v=8563555b:4544:15)
    at HashRouter (http://localhost:5173/node_modules/.vite/deps/react-router-dom.js?v=8563555b:5326:5) @ http://localhost:5173/node_modules/.vite/deps/chunk-NLPANMJC.js?v=8563555b:520
[   45340ms] [ERROR] Warning: Encountered two children with the same key, `%s`. Keys should be unique so that components maintain their identity across updates. Non-unique keys may cause children to be duplicated and/or omitted — the behavior is unsupported and could change in a future version.%s Makkah Al-Mukarramah 
    at div
    at section
    at div
    at HomePage (http://localhost:5173/src/features/home/HomePage.jsx:37:33)
    at RenderedRoute (http://localhost:5173/node_modules/.vite/deps/react-router-dom.js?v=8563555b:4131:5)
    at Outlet (http://localhost:5173/node_modules/.vite/deps/react-router-dom.js?v=8563555b:4537:26)
    at main
    at div
    at MainLayout (http://localhost:5173/src/components/layout/MainLayout.jsx:33:39)
    at RenderedRoute (http://localhost:5173/node_modules/.vite/deps/react-router-dom.js?v=8563555b:4131:5)
    at Routes (http://localhost:5173/node_modules/.vite/deps/react-router-dom.js?v=8563555b:4601:5)
    at App
    at Router (http://localhost:5173/node_modules/.vite/deps/react-router-dom.js?v=8563555b:4544:15)
    at HashRouter (http://localhost:5173/node_modules/.vite/deps/react-router-dom.js?v=8563555b:5326:5) @ http://localhost:5173/node_modules/.vite/deps/chunk-NLPANMJC.js?v=8563555b:520
[   45341ms] [ERROR] Warning: Encountered two children with the same key, `%s`. Keys should be unique so that components maintain their identity across updates. Non-unique keys may cause children to be duplicated and/or omitted — the behavior is unsupported and could change in a future version.%s Makkah Al-Mukarramah 
    at div
    at section
    at div
    at HomePage (http://localhost:5173/src/features/home/HomePage.jsx:37:33)
    at RenderedRoute (http://localhost:5173/node_modules/.vite/deps/react-router-dom.js?v=8563555b:4131:5)
    at Outlet (http://localhost:5173/node_modules/.vite/deps/react-router-dom.js?v=8563555b:4537:26)
    at main
    at div
    at MainLayout (http://localhost:5173/src/components/layout/MainLayout.jsx:33:39)
    at RenderedRoute (http://localhost:5173/node_modules/.vite/deps/react-router-dom.js?v=8563555b:4131:5)
    at Routes (http://localhost:5173/node_modules/.vite/deps/react-router-dom.js?v=8563555b:4601:5)
    at App
    at Router (http://localhost:5173/node_modules/.vite/deps/react-router-dom.js?v=8563555b:4544:15)
    at HashRouter (http://localhost:5173/node_modules/.vite/deps/react-router-dom.js?v=8563555b:5326:5) @ http://localhost:5173/node_modules/.vite/deps/chunk-NLPANMJC.js?v=8563555b:520
[   45341ms] [ERROR] Warning: Encountered two children with the same key, `%s`. Keys should be unique so that components maintain their identity across updates. Non-unique keys may cause children to be duplicated and/or omitted — the behavior is unsupported and could change in a future version.%s Makkah Al-Mukarramah 
    at div
    at section
    at div
    at HomePage (http://localhost:5173/src/features/home/HomePage.jsx:37:33)
    at RenderedRoute (http://localhost:5173/node_modules/.vite/deps/react-router-dom.js?v=8563555b:4131:5)
    at Outlet (http://localhost:5173/node_modules/.vite/deps/react-router-dom.js?v=8563555b:4537:26)
    at main
    at div
    at MainLayout (http://localhost:5173/src/components/layout/MainLayout.jsx:33:39)
    at RenderedRoute (http://localhost:5173/node_modules/.vite/deps/react-router-dom.js?v=8563555b:4131:5)
    at Routes (http://localhost:5173/node_modules/.vite/deps/react-router-dom.js?v=8563555b:4601:5)
    at App
    at Router (http://localhost:5173/node_modules/.vite/deps/react-router-dom.js?v=8563555b:4544:15)
    at HashRouter (http://localhost:5173/node_modules/.vite/deps/react-router-dom.js?v=8563555b:5326:5) @ http://localhost:5173/node_modules/.vite/deps/chunk-NLPANMJC.js?v=8563555b:520
[   45355ms] [ERROR] Warning: Encountered two children with the same key, `%s`. Keys should be unique so that components maintain their identity across updates. Non-unique keys may cause children to be duplicated and/or omitted — the behavior is unsupported and could change in a future version.%s Makkah Al-Mukarramah 
    at div
    at section
    at div
    at HomePage (http://localhost:5173/src/features/home/HomePage.jsx:37:33)
    at RenderedRoute (http://localhost:5173/node_modules/.vite/deps/react-router-dom.js?v=8563555b:4131:5)
    at Outlet (http://localhost:5173/node_modules/.vite/deps/react-router-dom.js?v=8563555b:4537:26)
    at main
    at div
    at MainLayout (http://localhost:5173/src/components/layout/MainLayout.jsx:33:39)
    at RenderedRoute (http://localhost:5173/node_modules/.vite/deps/react-router-dom.js?v=8563555b:4131:5)
    at Routes (http://localhost:5173/node_modules/.vite/deps/react-router-dom.js?v=8563555b:4601:5)
    at App
    at Router (http://localhost:5173/node_modules/.vite/deps/react-router-dom.js?v=8563555b:4544:15)
    at HashRouter (http://localhost:5173/node_modules/.vite/deps/react-router-dom.js?v=8563555b:5326:5) @ http://localhost:5173/node_modules/.vite/deps/chunk-NLPANMJC.js?v=8563555b:520
[   45355ms] [ERROR] Warning: Encountered two children with the same key, `%s`. Keys should be unique so that components maintain their identity across updates. Non-unique keys may cause children to be duplicated and/or omitted — the behavior is unsupported and could change in a future version.%s Makkah Al-Mukarramah 
    at div
    at section
    at div
    at HomePage (http://localhost:5173/src/features/home/HomePage.jsx:37:33)
    at RenderedRoute (http://localhost:5173/node_modules/.vite/deps/react-router-dom.js?v=8563555b:4131:5)
    at Outlet (http://localhost:5173/node_modules/.vite/deps/react-router-dom.js?v=8563555b:4537:26)
    at main
    at div
    at MainLayout (http://localhost:5173/src/components/layout/MainLayout.jsx:33:39)
    at RenderedRoute (http://localhost:5173/node_modules/.vite/deps/react-router-dom.js?v=8563555b:4131:5)
    at Routes (http://localhost:5173/node_modules/.vite/deps/react-router-dom.js?v=8563555b:4601:5)
    at App
    at Router (http://localhost:5173/node_modules/.vite/deps/react-router-dom.js?v=8563555b:4544:15)
    at HashRouter (http://localhost:5173/node_modules/.vite/deps/react-router-dom.js?v=8563555b:5326:5) @ http://localhost:5173/node_modules/.vite/deps/chunk-NLPANMJC.js?v=8563555b:520
[   45356ms] [ERROR] Warning: Encountered two children with the same key, `%s`. Keys should be unique so that components maintain their identity across updates. Non-unique keys may cause children to be duplicated and/or omitted — the behavior is unsupported and could change in a future version.%s Makkah Al-Mukarramah 
    at div
    at section
    at div
    at HomePage (http://localhost:5173/src/features/home/HomePage.jsx:37:33)
    at RenderedRoute (http://localhost:5173/node_modules/.vite/deps/react-router-dom.js?v=8563555b:4131:5)
    at Outlet (http://localhost:5173/node_modules/.vite/deps/react-router-dom.js?v=8563555b:4537:26)
    at main
    at div
    at MainLayout (http://localhost:5173/src/components/layout/MainLayout.jsx:33:39)
    at RenderedRoute (http://localhost:5173/node_modules/.vite/deps/react-router-dom.js?v=8563555b:4131:5)
    at Routes (http://localhost:5173/node_modules/.vite/deps/react-router-dom.js?v=8563555b:4601:5)
    at App
    at Router (http://localhost:5173/node_modules/.vite/deps/react-router-dom.js?v=8563555b:4544:15)
    at HashRouter (http://localhost:5173/node_modules/.vite/deps/react-router-dom.js?v=8563555b:5326:5) @ http://localhost:5173/node_modules/.vite/deps/chunk-NLPANMJC.js?v=8563555b:520
[   45508ms] [ERROR] Warning: Encountered two children with the same key, `%s`. Keys should be unique so that components maintain their identity across updates. Non-unique keys may cause children to be duplicated and/or omitted — the behavior is unsupported and could change in a future version.%s Makkah Al-Mukarramah 
    at div
    at section
    at div
    at HomePage (http://localhost:5173/src/features/home/HomePage.jsx:37:33)
    at RenderedRoute (http://localhost:5173/node_modules/.vite/deps/react-router-dom.js?v=8563555b:4131:5)
    at Outlet (http://localhost:5173/node_modules/.vite/deps/react-router-dom.js?v=8563555b:4537:26)
    at main
    at div
    at MainLayout (http://localhost:5173/src/components/layout/MainLayout.jsx:33:39)
    at RenderedRoute (http://localhost:5173/node_modules/.vite/deps/react-router-dom.js?v=8563555b:4131:5)
    at Routes (http://localhost:5173/node_modules/.vite/deps/react-router-dom.js?v=8563555b:4601:5)
    at App
    at Router (http://localhost:5173/node_modules/.vite/deps/react-router-dom.js?v=8563555b:4544:15)
    at HashRouter (http://localhost:5173/node_modules/.vite/deps/react-router-dom.js?v=8563555b:5326:5) @ http://localhost:5173/node_modules/.vite/deps/chunk-NLPANMJC.js?v=8563555b:520
[   45509ms] [ERROR] Warning: Encountered two children with the same key, `%s`. Keys should be unique so that components maintain their identity across updates. Non-unique keys may cause children to be duplicated and/or omitted — the behavior is unsupported and could change in a future version.%s Makkah Al-Mukarramah 
    at div
    at section
    at div
    at HomePage (http://localhost:5173/src/features/home/HomePage.jsx:37:33)
    at RenderedRoute (http://localhost:5173/node_modules/.vite/deps/react-router-dom.js?v=8563555b:4131:5)
    at Outlet (http://localhost:5173/node_modules/.vite/deps/react-router-dom.js?v=8563555b:4537:26)
    at main
    at div
    at MainLayout (http://localhost:5173/src/components/layout/MainLayout.jsx:33:39)
    at RenderedRoute (http://localhost:5173/node_modules/.vite/deps/react-router-dom.js?v=8563555b:4131:5)
    at Routes (http://localhost:5173/node_modules/.vite/deps/react-router-dom.js?v=8563555b:4601:5)
    at App
    at Router (http://localhost:5173/node_modules/.vite/deps/react-router-dom.js?v=8563555b:4544:15)
    at HashRouter (http://localhost:5173/node_modules/.vite/deps/react-router-dom.js?v=8563555b:5326:5) @ http://localhost:5173/node_modules/.vite/deps/chunk-NLPANMJC.js?v=8563555b:520
[   45509ms] [ERROR] Warning: Encountered two children with the same key, `%s`. Keys should be unique so that components maintain their identity across updates. Non-unique keys may cause children to be duplicated and/or omitted — the behavior is unsupported and could change in a future version.%s Makkah Al-Mukarramah 
    at div
    at section
    at div
    at HomePage (http://localhost:5173/src/features/home/HomePage.jsx:37:33)
    at RenderedRoute (http://localhost:5173/node_modules/.vite/deps/react-router-dom.js?v=8563555b:4131:5)
    at Outlet (http://localhost:5173/node_modules/.vite/deps/react-router-dom.js?v=8563555b:4537:26)
    at main
    at div
    at MainLayout (http://localhost:5173/src/components/layout/MainLayout.jsx:33:39)
    at RenderedRoute (http://localhost:5173/node_modules/.vite/deps/react-router-dom.js?v=8563555b:4131:5)
    at Routes (http://localhost:5173/node_modules/.vite/deps/react-router-dom.js?v=8563555b:4601:5)
    at App
    at Router (http://localhost:5173/node_modules/.vite/deps/react-router-dom.js?v=8563555b:4544:15)
    at HashRouter (http://localhost:5173/node_modules/.vite/deps/react-router-dom.js?v=8563555b:5326:5) @ http://localhost:5173/node_modules/.vite/deps/chunk-NLPANMJC.js?v=8563555b:520
[   45604ms] [ERROR] Warning: Encountered two children with the same key, `%s`. Keys should be unique so that components maintain their identity across updates. Non-unique keys may cause children to be duplicated and/or omitted — the behavior is unsupported and could change in a future version.%s Makkah Al-Mukarramah 
    at div
    at section
    at div
    at HomePage (http://localhost:5173/src/features/home/HomePage.jsx:37:33)
    at RenderedRoute (http://localhost:5173/node_modules/.vite/deps/react-router-dom.js?v=8563555b:4131:5)
    at Outlet (http://localhost:5173/node_modules/.vite/deps/react-router-dom.js?v=8563555b:4537:26)
    at main
    at div
    at MainLayout (http://localhost:5173/src/components/layout/MainLayout.jsx:33:39)
    at RenderedRoute (http://localhost:5173/node_modules/.vite/deps/react-router-dom.js?v=8563555b:4131:5)
    at Routes (http://localhost:5173/node_modules/.vite/deps/react-router-dom.js?v=8563555b:4601:5)
    at App
    at Router (http://localhost:5173/node_modules/.vite/deps/react-router-dom.js?v=8563555b:4544:15)
    at HashRouter (http://localhost:5173/node_modules/.vite/deps/react-router-dom.js?v=8563555b:5326:5) @ http://localhost:5173/node_modules/.vite/deps/chunk-NLPANMJC.js?v=8563555b:520
[   45605ms] [ERROR] Warning: Encountered two children with the same key, `%s`. Keys should be unique so that components maintain their identity across updates. Non-unique keys may cause children to be duplicated and/or omitted — the behavior is unsupported and could change in a future version.%s Makkah Al-Mukarramah 
    at div
    at section
    at div
    at HomePage (http://localhost:5173/src/features/home/HomePage.jsx:37:33)
    at RenderedRoute (http://localhost:5173/node_modules/.vite/deps/react-router-dom.js?v=8563555b:4131:5)
    at Outlet (http://localhost:5173/node_modules/.vite/deps/react-router-dom.js?v=8563555b:4537:26)
    at main
    at div
    at MainLayout (http://localhost:5173/src/components/layout/MainLayout.jsx:33:39)
    at RenderedRoute (http://localhost:5173/node_modules/.vite/deps/react-router-dom.js?v=8563555b:4131:5)
    at Routes (http://localhost:5173/node_modules/.vite/deps/react-router-dom.js?v=8563555b:4601:5)
    at App
    at Router (http://localhost:5173/node_modules/.vite/deps/react-router-dom.js?v=8563555b:4544:15)
    at HashRouter (http://localhost:5173/node_modules/.vite/deps/react-router-dom.js?v=8563555b:5326:5) @ http://localhost:5173/node_modules/.vite/deps/chunk-NLPANMJC.js?v=8563555b:520
[   45605ms] [ERROR] Warning: Encountered two children with the same key, `%s`. Keys should be unique so that components maintain their identity across updates. Non-unique keys may cause children to be duplicated and/or omitted — the behavior is unsupported and could change in a future version.%s Makkah Al-Mukarramah 
    at div
    at section
    at div
    at HomePage (http://localhost:5173/src/features/home/HomePage.jsx:37:33)
    at RenderedRoute (http://localhost:5173/node_modules/.vite/deps/react-router-dom.js?v=8563555b:4131:5)
    at Outlet (http://localhost:5173/node_modules/.vite/deps/react-router-dom.js?v=8563555b:4537:26)
    at main
    at div
    at MainLayout (http://localhost:5173/src/components/layout/MainLayout.jsx:33:39)
    at RenderedRoute (http://localhost:5173/node_modules/.vite/deps/react-router-dom.js?v=8563555b:4131:5)
    at Routes (http://localhost:5173/node_modules/.vite/deps/react-router-dom.js?v=8563555b:4601:5)
    at App
    at Router (http://localhost:5173/node_modules/.vite/deps/react-router-dom.js?v=8563555b:4544:15)
    at HashRouter (http://localhost:5173/node_modules/.vite/deps/react-router-dom.js?v=8563555b:5326:5) @ http://localhost:5173/node_modules/.vite/deps/chunk-NLPANMJC.js?v=8563555b:520
[   45654ms] [ERROR] Warning: Encountered two children with the same key, `%s`. Keys should be unique so that components maintain their identity across updates. Non-unique keys may cause children to be duplicated and/or omitted — the behavior is unsupported and could change in a future version.%s Makkah Al-Mukarramah 
    at div
    at section
    at div
    at HomePage (http://localhost:5173/src/features/home/HomePage.jsx:37:33)
    at RenderedRoute (http://localhost:5173/node_modules/.vite/deps/react-router-dom.js?v=8563555b:4131:5)
    at Outlet (http://localhost:5173/node_modules/.vite/deps/react-router-dom.js?v=8563555b:4537:26)
    at main
    at div
    at MainLayout (http://localhost:5173/src/components/layout/MainLayout.jsx:33:39)
    at RenderedRoute (http://localhost:5173/node_modules/.vite/deps/react-router-dom.js?v=8563555b:4131:5)
    at Routes (http://localhost:5173/node_modules/.vite/deps/react-router-dom.js?v=8563555b:4601:5)
    at App
    at Router (http://localhost:5173/node_modules/.vite/deps/react-router-dom.js?v=8563555b:4544:15)
    at HashRouter (http://localhost:5173/node_modules/.vite/deps/react-router-dom.js?v=8563555b:5326:5) @ http://localhost:5173/node_modules/.vite/deps/chunk-NLPANMJC.js?v=8563555b:520
[   45654ms] [ERROR] Warning: Encountered two children with the same key, `%s`. Keys should be unique so that components maintain their identity across updates. Non-unique keys may cause children to be duplicated and/or omitted — the behavior is unsupported and could change in a future version.%s Makkah Al-Mukarramah 
    at div
    at section
    at div
    at HomePage (http://localhost:5173/src/features/home/HomePage.jsx:37:33)
    at RenderedRoute (http://localhost:5173/node_modules/.vite/deps/react-router-dom.js?v=8563555b:4131:5)
    at Outlet (http://localhost:5173/node_modules/.vite/deps/react-router-dom.js?v=8563555b:4537:26)
    at main
    at div
    at MainLayout (http://localhost:5173/src/components/layout/MainLayout.jsx:33:39)
    at RenderedRoute (http://localhost:5173/node_modules/.vite/deps/react-router-dom.js?v=8563555b:4131:5)
    at Routes (http://localhost:5173/node_modules/.vite/deps/react-router-dom.js?v=8563555b:4601:5)
    at App
    at Router (http://localhost:5173/node_modules/.vite/deps/react-router-dom.js?v=8563555b:4544:15)
    at HashRouter (http://localhost:5173/node_modules/.vite/deps/react-router-dom.js?v=8563555b:5326:5) @ http://localhost:5173/node_modules/.vite/deps/chunk-NLPANMJC.js?v=8563555b:520
[   45655ms] [ERROR] Warning: Encountered two children with the same key, `%s`. Keys should be unique so that components maintain their identity across updates. Non-unique keys may cause children to be duplicated and/or omitted — the behavior is unsupported and could change in a future version.%s Makkah Al-Mukarramah 
    at div
    at section
    at div
    at HomePage (http://localhost:5173/src/features/home/HomePage.jsx:37:33)
    at RenderedRoute (http://localhost:5173/node_modules/.vite/deps/react-router-dom.js?v=8563555b:4131:5)
    at Outlet (http://localhost:5173/node_modules/.vite/deps/react-router-dom.js?v=8563555b:4537:26)
    at main
    at div
    at MainLayout (http://localhost:5173/src/components/layout/MainLayout.jsx:33:39)
    at RenderedRoute (http://localhost:5173/node_modules/.vite/deps/react-router-dom.js?v=8563555b:4131:5)
    at Routes (http://localhost:5173/node_modules/.vite/deps/react-router-dom.js?v=8563555b:4601:5)
    at App
    at Router (http://localhost:5173/node_modules/.vite/deps/react-router-dom.js?v=8563555b:4544:15)
    at HashRouter (http://localhost:5173/node_modules/.vite/deps/react-router-dom.js?v=8563555b:5326:5) @ http://localhost:5173/node_modules/.vite/deps/chunk-NLPANMJC.js?v=8563555b:520
[   45725ms] [ERROR] Warning: Encountered two children with the same key, `%s`. Keys should be unique so that components maintain their identity across updates. Non-unique keys may cause children to be duplicated and/or omitted — the behavior is unsupported and could change in a future version.%s Makkah Al-Mukarramah 
    at div
    at section
    at div
    at HomePage (http://localhost:5173/src/features/home/HomePage.jsx:37:33)
    at RenderedRoute (http://localhost:5173/node_modules/.vite/deps/react-router-dom.js?v=8563555b:4131:5)
    at Outlet (http://localhost:5173/node_modules/.vite/deps/react-router-dom.js?v=8563555b:4537:26)
    at main
    at div
    at MainLayout (http://localhost:5173/src/components/layout/MainLayout.jsx:33:39)
    at RenderedRoute (http://localhost:5173/node_modules/.vite/deps/react-router-dom.js?v=8563555b:4131:5)
    at Routes (http://localhost:5173/node_modules/.vite/deps/react-router-dom.js?v=8563555b:4601:5)
    at App
    at Router (http://localhost:5173/node_modules/.vite/deps/react-router-dom.js?v=8563555b:4544:15)
    at HashRouter (http://localhost:5173/node_modules/.vite/deps/react-router-dom.js?v=8563555b:5326:5) @ http://localhost:5173/node_modules/.vite/deps/chunk-NLPANMJC.js?v=8563555b:520
[   45726ms] [ERROR] Warning: Encountered two children with the same key, `%s`. Keys should be unique so that components maintain their identity across updates. Non-unique keys may cause children to be duplicated and/or omitted — the behavior is unsupported and could change in a future version.%s Makkah Al-Mukarramah 
    at div
    at section
    at div
    at HomePage (http://localhost:5173/src/features/home/HomePage.jsx:37:33)
    at RenderedRoute (http://localhost:5173/node_modules/.vite/deps/react-router-dom.js?v=8563555b:4131:5)
    at Outlet (http://localhost:5173/node_modules/.vite/deps/react-router-dom.js?v=8563555b:4537:26)
    at main
    at div
    at MainLayout (http://localhost:5173/src/components/layout/MainLayout.jsx:33:39)
    at RenderedRoute (http://localhost:5173/node_modules/.vite/deps/react-router-dom.js?v=8563555b:4131:5)
    at Routes (http://localhost:5173/node_modules/.vite/deps/react-router-dom.js?v=8563555b:4601:5)
    at App
    at Router (http://localhost:5173/node_modules/.vite/deps/react-router-dom.js?v=8563555b:4544:15)
    at HashRouter (http://localhost:5173/node_modules/.vite/deps/react-router-dom.js?v=8563555b:5326:5) @ http://localhost:5173/node_modules/.vite/deps/chunk-NLPANMJC.js?v=8563555b:520
[   45726ms] [ERROR] Warning: Encountered two children with the same key, `%s`. Keys should be unique so that components maintain their identity across updates. Non-unique keys may cause children to be duplicated and/or omitted — the behavior is unsupported and could change in a future version.%s Makkah Al-Mukarramah 
    at div
    at section
    at div
    at HomePage (http://localhost:5173/src/features/home/HomePage.jsx:37:33)
    at RenderedRoute (http://localhost:5173/node_modules/.vite/deps/react-router-dom.js?v=8563555b:4131:5)
    at Outlet (http://localhost:5173/node_modules/.vite/deps/react-router-dom.js?v=8563555b:4537:26)
    at main
    at div
    at MainLayout (http://localhost:5173/src/components/layout/MainLayout.jsx:33:39)
    at RenderedRoute (http://localhost:5173/node_modules/.vite/deps/react-router-dom.js?v=8563555b:4131:5)
    at Routes (http://localhost:5173/node_modules/.vite/deps/react-router-dom.js?v=8563555b:4601:5)
    at App
    at Router (http://localhost:5173/node_modules/.vite/deps/react-router-dom.js?v=8563555b:4544:15)
    at HashRouter (http://localhost:5173/node_modules/.vite/deps/react-router-dom.js?v=8563555b:5326:5) @ http://localhost:5173/node_modules/.vite/deps/chunk-NLPANMJC.js?v=8563555b:520
[   45834ms] [ERROR] Warning: Encountered two children with the same key, `%s`. Keys should be unique so that components maintain their identity across updates. Non-unique keys may cause children to be duplicated and/or omitted — the behavior is unsupported and could change in a future version.%s Makkah Al-Mukarramah 
    at div
    at section
    at div
    at HomePage (http://localhost:5173/src/features/home/HomePage.jsx:37:33)
    at RenderedRoute (http://localhost:5173/node_modules/.vite/deps/react-router-dom.js?v=8563555b:4131:5)
    at Outlet (http://localhost:5173/node_modules/.vite/deps/react-router-dom.js?v=8563555b:4537:26)
    at main
    at div
    at MainLayout (http://localhost:5173/src/components/layout/MainLayout.jsx:33:39)
    at RenderedRoute (http://localhost:5173/node_modules/.vite/deps/react-router-dom.js?v=8563555b:4131:5)
    at Routes (http://localhost:5173/node_modules/.vite/deps/react-router-dom.js?v=8563555b:4601:5)
    at App
    at Router (http://localhost:5173/node_modules/.vite/deps/react-router-dom.js?v=8563555b:4544:15)
    at HashRouter (http://localhost:5173/node_modules/.vite/deps/react-router-dom.js?v=8563555b:5326:5) @ http://localhost:5173/node_modules/.vite/deps/chunk-NLPANMJC.js?v=8563555b:520
[   45834ms] [ERROR] Warning: Encountered two children with the same key, `%s`. Keys should be unique so that components maintain their identity across updates. Non-unique keys may cause children to be duplicated and/or omitted — the behavior is unsupported and could change in a future version.%s Makkah Al-Mukarramah 
    at div
    at section
    at div
    at HomePage (http://localhost:5173/src/features/home/HomePage.jsx:37:33)
    at RenderedRoute (http://localhost:5173/node_modules/.vite/deps/react-router-dom.js?v=8563555b:4131:5)
    at Outlet (http://localhost:5173/node_modules/.vite/deps/react-router-dom.js?v=8563555b:4537:26)
    at main
    at div
    at MainLayout (http://localhost:5173/src/components/layout/MainLayout.jsx:33:39)
    at RenderedRoute (http://localhost:5173/node_modules/.vite/deps/react-router-dom.js?v=8563555b:4131:5)
    at Routes (http://localhost:5173/node_modules/.vite/deps/react-router-dom.js?v=8563555b:4601:5)
    at App
    at Router (http://localhost:5173/node_modules/.vite/deps/react-router-dom.js?v=8563555b:4544:15)
    at HashRouter (http://localhost:5173/node_modules/.vite/deps/react-router-dom.js?v=8563555b:5326:5) @ http://localhost:5173/node_modules/.vite/deps/chunk-NLPANMJC.js?v=8563555b:520
[   45834ms] [ERROR] Warning: Encountered two children with the same key, `%s`. Keys should be unique so that components maintain their identity across updates. Non-unique keys may cause children to be duplicated and/or omitted — the behavior is unsupported and could change in a future version.%s Makkah Al-Mukarramah 
    at div
    at section
    at div
    at HomePage (http://localhost:5173/src/features/home/HomePage.jsx:37:33)
    at RenderedRoute (http://localhost:5173/node_modules/.vite/deps/react-router-dom.js?v=8563555b:4131:5)
    at Outlet (http://localhost:5173/node_modules/.vite/deps/react-router-dom.js?v=8563555b:4537:26)
    at main
    at div
    at MainLayout (http://localhost:5173/src/components/layout/MainLayout.jsx:33:39)
    at RenderedRoute (http://localhost:5173/node_modules/.vite/deps/react-router-dom.js?v=8563555b:4131:5)
    at Routes (http://localhost:5173/node_modules/.vite/deps/react-router-dom.js?v=8563555b:4601:5)
    at App
    at Router (http://localhost:5173/node_modules/.vite/deps/react-router-dom.js?v=8563555b:4544:15)
    at HashRouter (http://localhost:5173/node_modules/.vite/deps/react-router-dom.js?v=8563555b:5326:5) @ http://localhost:5173/node_modules/.vite/deps/chunk-NLPANMJC.js?v=8563555b:520
[   46115ms] [ERROR] Warning: Encountered two children with the same key, `%s`. Keys should be unique so that components maintain their identity across updates. Non-unique keys may cause children to be duplicated and/or omitted — the behavior is unsupported and could change in a future version.%s Makkah Al-Mukarramah 
    at div
    at section
    at div
    at HomePage (http://localhost:5173/src/features/home/HomePage.jsx:37:33)
    at RenderedRoute (http://localhost:5173/node_modules/.vite/deps/react-router-dom.js?v=8563555b:4131:5)
    at Outlet (http://localhost:5173/node_modules/.vite/deps/react-router-dom.js?v=8563555b:4537:26)
    at main
    at div
    at MainLayout (http://localhost:5173/src/components/layout/MainLayout.jsx:33:39)
    at RenderedRoute (http://localhost:5173/node_modules/.vite/deps/react-router-dom.js?v=8563555b:4131:5)
    at Routes (http://localhost:5173/node_modules/.vite/deps/react-router-dom.js?v=8563555b:4601:5)
    at App
    at Router (http://localhost:5173/node_modules/.vite/deps/react-router-dom.js?v=8563555b:4544:15)
    at HashRouter (http://localhost:5173/node_modules/.vite/deps/react-router-dom.js?v=8563555b:5326:5) @ http://localhost:5173/node_modules/.vite/deps/chunk-NLPANMJC.js?v=8563555b:520
[   46115ms] [ERROR] Warning: Encountered two children with the same key, `%s`. Keys should be unique so that components maintain their identity across updates. Non-unique keys may cause children to be duplicated and/or omitted — the behavior is unsupported and could change in a future version.%s Makkah Al-Mukarramah 
    at div
    at section
    at div
    at HomePage (http://localhost:5173/src/features/home/HomePage.jsx:37:33)
    at RenderedRoute (http://localhost:5173/node_modules/.vite/deps/react-router-dom.js?v=8563555b:4131:5)
    at Outlet (http://localhost:5173/node_modules/.vite/deps/react-router-dom.js?v=8563555b:4537:26)
    at main
    at div
    at MainLayout (http://localhost:5173/src/components/layout/MainLayout.jsx:33:39)
    at RenderedRoute (http://localhost:5173/node_modules/.vite/deps/react-router-dom.js?v=8563555b:4131:5)
    at Routes (http://localhost:5173/node_modules/.vite/deps/react-router-dom.js?v=8563555b:4601:5)
    at App
    at Router (http://localhost:5173/node_modules/.vite/deps/react-router-dom.js?v=8563555b:4544:15)
    at HashRouter (http://localhost:5173/node_modules/.vite/deps/react-router-dom.js?v=8563555b:5326:5) @ http://localhost:5173/node_modules/.vite/deps/chunk-NLPANMJC.js?v=8563555b:520
[   46115ms] [ERROR] Warning: Encountered two children with the same key, `%s`. Keys should be unique so that components maintain their identity across updates. Non-unique keys may cause children to be duplicated and/or omitted — the behavior is unsupported and could change in a future version.%s Makkah Al-Mukarramah 
    at div
    at section
    at div
    at HomePage (http://localhost:5173/src/features/home/HomePage.jsx:37:33)
    at RenderedRoute (http://localhost:5173/node_modules/.vite/deps/react-router-dom.js?v=8563555b:4131:5)
    at Outlet (http://localhost:5173/node_modules/.vite/deps/react-router-dom.js?v=8563555b:4537:26)
    at main
    at div
    at MainLayout (http://localhost:5173/src/components/layout/MainLayout.jsx:33:39)
    at RenderedRoute (http://localhost:5173/node_modules/.vite/deps/react-router-dom.js?v=8563555b:4131:5)
    at Routes (http://localhost:5173/node_modules/.vite/deps/react-router-dom.js?v=8563555b:4601:5)
    at App
    at Router (http://localhost:5173/node_modules/.vite/deps/react-router-dom.js?v=8563555b:4544:15)
    at HashRouter (http://localhost:5173/node_modules/.vite/deps/react-router-dom.js?v=8563555b:5326:5) @ http://localhost:5173/node_modules/.vite/deps/chunk-NLPANMJC.js?v=8563555b:520
[   49846ms] [ERROR] Warning: Encountered two children with the same key, `%s`. Keys should be unique so that components maintain their identity across updates. Non-unique keys may cause children to be duplicated and/or omitted — the behavior is unsupported and could change in a future version.%s Makkah Al-Mukarramah 
    at div
    at section
    at div
    at HomePage (http://localhost:5173/src/features/home/HomePage.jsx:37:33)
    at RenderedRoute (http://localhost:5173/node_modules/.vite/deps/react-router-dom.js?v=8563555b:4131:5)
    at Outlet (http://localhost:5173/node_modules/.vite/deps/react-router-dom.js?v=8563555b:4537:26)
    at main
    at div
    at MainLayout (http://localhost:5173/src/components/layout/MainLayout.jsx:33:39)
    at RenderedRoute (http://localhost:5173/node_modules/.vite/deps/react-router-dom.js?v=8563555b:4131:5)
    at Routes (http://localhost:5173/node_modules/.vite/deps/react-router-dom.js?v=8563555b:4601:5)
    at App
    at Router (http://localhost:5173/node_modules/.vite/deps/react-router-dom.js?v=8563555b:4544:15)
    at HashRouter (http://localhost:5173/node_modules/.vite/deps/react-router-dom.js?v=8563555b:5326:5) @ http://localhost:5173/node_modules/.vite/deps/chunk-NLPANMJC.js?v=8563555b:520
[   49847ms] [ERROR] Warning: Encountered two children with the same key, `%s`. Keys should be unique so that components maintain their identity across updates. Non-unique keys may cause children to be duplicated and/or omitted — the behavior is unsupported and could change in a future version.%s Makkah Al-Mukarramah 
    at div
    at section
    at div
    at HomePage (http://localhost:5173/src/features/home/HomePage.jsx:37:33)
    at RenderedRoute (http://localhost:5173/node_modules/.vite/deps/react-router-dom.js?v=8563555b:4131:5)
    at Outlet (http://localhost:5173/node_modules/.vite/deps/react-router-dom.js?v=8563555b:4537:26)
    at main
    at div
    at MainLayout (http://localhost:5173/src/components/layout/MainLayout.jsx:33:39)
    at RenderedRoute (http://localhost:5173/node_modules/.vite/deps/react-router-dom.js?v=8563555b:4131:5)
    at Routes (http://localhost:5173/node_modules/.vite/deps/react-router-dom.js?v=8563555b:4601:5)
    at App
    at Router (http://localhost:5173/node_modules/.vite/deps/react-router-dom.js?v=8563555b:4544:15)
    at HashRouter (http://localhost:5173/node_modules/.vite/deps/react-router-dom.js?v=8563555b:5326:5) @ http://localhost:5173/node_modules/.vite/deps/chunk-NLPANMJC.js?v=8563555b:520
[   49847ms] [ERROR] Warning: Encountered two children with the same key, `%s`. Keys should be unique so that components maintain their identity across updates. Non-unique keys may cause children to be duplicated and/or omitted — the behavior is unsupported and could change in a future version.%s Makkah Al-Mukarramah 
    at div
    at section
    at div
    at HomePage (http://localhost:5173/src/features/home/HomePage.jsx:37:33)
    at RenderedRoute (http://localhost:5173/node_modules/.vite/deps/react-router-dom.js?v=8563555b:4131:5)
    at Outlet (http://localhost:5173/node_modules/.vite/deps/react-router-dom.js?v=8563555b:4537:26)
    at main
    at div
    at MainLayout (http://localhost:5173/src/components/layout/MainLayout.jsx:33:39)
    at RenderedRoute (http://localhost:5173/node_modules/.vite/deps/react-router-dom.js?v=8563555b:4131:5)
    at Routes (http://localhost:5173/node_modules/.vite/deps/react-router-dom.js?v=8563555b:4601:5)
    at App
    at Router (http://localhost:5173/node_modules/.vite/deps/react-router-dom.js?v=8563555b:4544:15)
    at HashRouter (http://localhost:5173/node_modules/.vite/deps/react-router-dom.js?v=8563555b:5326:5) @ http://localhost:5173/node_modules/.vite/deps/chunk-NLPANMJC.js?v=8563555b:520
[   49869ms] [ERROR] Warning: Encountered two children with the same key, `%s`. Keys should be unique so that components maintain their identity across updates. Non-unique keys may cause children to be duplicated and/or omitted — the behavior is unsupported and could change in a future version.%s Makkah Al-Mukarramah 
    at div
    at section
    at div
    at HomePage (http://localhost:5173/src/features/home/HomePage.jsx:37:33)
    at RenderedRoute (http://localhost:5173/node_modules/.vite/deps/react-router-dom.js?v=8563555b:4131:5)
    at Outlet (http://localhost:5173/node_modules/.vite/deps/react-router-dom.js?v=8563555b:4537:26)
    at main
    at div
    at MainLayout (http://localhost:5173/src/components/layout/MainLayout.jsx:33:39)
    at RenderedRoute (http://localhost:5173/node_modules/.vite/deps/react-router-dom.js?v=8563555b:4131:5)
    at Routes (http://localhost:5173/node_modules/.vite/deps/react-router-dom.js?v=8563555b:4601:5)
    at App
    at Router (http://localhost:5173/node_modules/.vite/deps/react-router-dom.js?v=8563555b:4544:15)
    at HashRouter (http://localhost:5173/node_modules/.vite/deps/react-router-dom.js?v=8563555b:5326:5) @ http://localhost:5173/node_modules/.vite/deps/chunk-NLPANMJC.js?v=8563555b:520
[   49869ms] [ERROR] Warning: Encountered two children with the same key, `%s`. Keys should be unique so that components maintain their identity across updates. Non-unique keys may cause children to be duplicated and/or omitted — the behavior is unsupported and could change in a future version.%s Makkah Al-Mukarramah 
    at div
    at section
    at div
    at HomePage (http://localhost:5173/src/features/home/HomePage.jsx:37:33)
    at RenderedRoute (http://localhost:5173/node_modules/.vite/deps/react-router-dom.js?v=8563555b:4131:5)
    at Outlet (http://localhost:5173/node_modules/.vite/deps/react-router-dom.js?v=8563555b:4537:26)
    at main
    at div
    at MainLayout (http://localhost:5173/src/components/layout/MainLayout.jsx:33:39)
    at RenderedRoute (http://localhost:5173/node_modules/.vite/deps/react-router-dom.js?v=8563555b:4131:5)
    at Routes (http://localhost:5173/node_modules/.vite/deps/react-router-dom.js?v=8563555b:4601:5)
    at App
    at Router (http://localhost:5173/node_modules/.vite/deps/react-router-dom.js?v=8563555b:4544:15)
    at HashRouter (http://localhost:5173/node_modules/.vite/deps/react-router-dom.js?v=8563555b:5326:5) @ http://localhost:5173/node_modules/.vite/deps/chunk-NLPANMJC.js?v=8563555b:520
[   49869ms] [ERROR] Warning: Encountered two children with the same key, `%s`. Keys should be unique so that components maintain their identity across updates. Non-unique keys may cause children to be duplicated and/or omitted — the behavior is unsupported and could change in a future version.%s Makkah Al-Mukarramah 
    at div
    at section
    at div
    at HomePage (http://localhost:5173/src/features/home/HomePage.jsx:37:33)
    at RenderedRoute (http://localhost:5173/node_modules/.vite/deps/react-router-dom.js?v=8563555b:4131:5)
    at Outlet (http://localhost:5173/node_modules/.vite/deps/react-router-dom.js?v=8563555b:4537:26)
    at main
    at div
    at MainLayout (http://localhost:5173/src/components/layout/MainLayout.jsx:33:39)
    at RenderedRoute (http://localhost:5173/node_modules/.vite/deps/react-router-dom.js?v=8563555b:4131:5)
    at Routes (http://localhost:5173/node_modules/.vite/deps/react-router-dom.js?v=8563555b:4601:5)
    at App
    at Router (http://localhost:5173/node_modules/.vite/deps/react-router-dom.js?v=8563555b:4544:15)
    at HashRouter (http://localhost:5173/node_modules/.vite/deps/react-router-dom.js?v=8563555b:5326:5) @ http://localhost:5173/node_modules/.vite/deps/chunk-NLPANMJC.js?v=8563555b:520
[   49989ms] [ERROR] Warning: Encountered two children with the same key, `%s`. Keys should be unique so that components maintain their identity across updates. Non-unique keys may cause children to be duplicated and/or omitted — the behavior is unsupported and could change in a future version.%s Makkah Al-Mukarramah 
    at div
    at section
    at div
    at HomePage (http://localhost:5173/src/features/home/HomePage.jsx:37:33)
    at RenderedRoute (http://localhost:5173/node_modules/.vite/deps/react-router-dom.js?v=8563555b:4131:5)
    at Outlet (http://localhost:5173/node_modules/.vite/deps/react-router-dom.js?v=8563555b:4537:26)
    at main
    at div
    at MainLayout (http://localhost:5173/src/components/layout/MainLayout.jsx:33:39)
    at RenderedRoute (http://localhost:5173/node_modules/.vite/deps/react-router-dom.js?v=8563555b:4131:5)
    at Routes (http://localhost:5173/node_modules/.vite/deps/react-router-dom.js?v=8563555b:4601:5)
    at App
    at Router (http://localhost:5173/node_modules/.vite/deps/react-router-dom.js?v=8563555b:4544:15)
    at HashRouter (http://localhost:5173/node_modules/.vite/deps/react-router-dom.js?v=8563555b:5326:5) @ http://localhost:5173/node_modules/.vite/deps/chunk-NLPANMJC.js?v=8563555b:520
[   49990ms] [ERROR] Warning: Encountered two children with the same key, `%s`. Keys should be unique so that components maintain their identity across updates. Non-unique keys may cause children to be duplicated and/or omitted — the behavior is unsupported and could change in a future version.%s Makkah Al-Mukarramah 
    at div
    at section
    at div
    at HomePage (http://localhost:5173/src/features/home/HomePage.jsx:37:33)
    at RenderedRoute (http://localhost:5173/node_modules/.vite/deps/react-router-dom.js?v=8563555b:4131:5)
    at Outlet (http://localhost:5173/node_modules/.vite/deps/react-router-dom.js?v=8563555b:4537:26)
    at main
    at div
    at MainLayout (http://localhost:5173/src/components/layout/MainLayout.jsx:33:39)
    at RenderedRoute (http://localhost:5173/node_modules/.vite/deps/react-router-dom.js?v=8563555b:4131:5)
    at Routes (http://localhost:5173/node_modules/.vite/deps/react-router-dom.js?v=8563555b:4601:5)
    at App
    at Router (http://localhost:5173/node_modules/.vite/deps/react-router-dom.js?v=8563555b:4544:15)
    at HashRouter (http://localhost:5173/node_modules/.vite/deps/react-router-dom.js?v=8563555b:5326:5) @ http://localhost:5173/node_modules/.vite/deps/chunk-NLPANMJC.js?v=8563555b:520
[   49990ms] [ERROR] Warning: Encountered two children with the same key, `%s`. Keys should be unique so that components maintain their identity across updates. Non-unique keys may cause children to be duplicated and/or omitted — the behavior is unsupported and could change in a future version.%s Makkah Al-Mukarramah 
    at div
    at section
    at div
    at HomePage (http://localhost:5173/src/features/home/HomePage.jsx:37:33)
    at RenderedRoute (http://localhost:5173/node_modules/.vite/deps/react-router-dom.js?v=8563555b:4131:5)
    at Outlet (http://localhost:5173/node_modules/.vite/deps/react-router-dom.js?v=8563555b:4537:26)
    at main
    at div
    at MainLayout (http://localhost:5173/src/components/layout/MainLayout.jsx:33:39)
    at RenderedRoute (http://localhost:5173/node_modules/.vite/deps/react-router-dom.js?v=8563555b:4131:5)
    at Routes (http://localhost:5173/node_modules/.vite/deps/react-router-dom.js?v=8563555b:4601:5)
    at App
    at Router (http://localhost:5173/node_modules/.vite/deps/react-router-dom.js?v=8563555b:4544:15)
    at HashRouter (http://localhost:5173/node_modules/.vite/deps/react-router-dom.js?v=8563555b:5326:5) @ http://localhost:5173/node_modules/.vite/deps/chunk-NLPANMJC.js?v=8563555b:520
[   54349ms] [ERROR] Warning: Encountered two children with the same key, `%s`. Keys should be unique so that components maintain their identity across updates. Non-unique keys may cause children to be duplicated and/or omitted — the behavior is unsupported and could change in a future version.%s Makkah Al-Mukarramah 
    at div
    at section
    at div
    at HomePage (http://localhost:5173/src/features/home/HomePage.jsx:37:33)
    at RenderedRoute (http://localhost:5173/node_modules/.vite/deps/react-router-dom.js?v=8563555b:4131:5)
    at Outlet (http://localhost:5173/node_modules/.vite/deps/react-router-dom.js?v=8563555b:4537:26)
    at main
    at div
    at MainLayout (http://localhost:5173/src/components/layout/MainLayout.jsx:33:39)
    at RenderedRoute (http://localhost:5173/node_modules/.vite/deps/react-router-dom.js?v=8563555b:4131:5)
    at Routes (http://localhost:5173/node_modules/.vite/deps/react-router-dom.js?v=8563555b:4601:5)
    at App
    at Router (http://localhost:5173/node_modules/.vite/deps/react-router-dom.js?v=8563555b:4544:15)
    at HashRouter (http://localhost:5173/node_modules/.vite/deps/react-router-dom.js?v=8563555b:5326:5) @ http://localhost:5173/node_modules/.vite/deps/chunk-NLPANMJC.js?v=8563555b:520
[   54350ms] [ERROR] Warning: Encountered two children with the same key, `%s`. Keys should be unique so that components maintain their identity across updates. Non-unique keys may cause children to be duplicated and/or omitted — the behavior is unsupported and could change in a future version.%s Makkah Al-Mukarramah 
    at div
    at section
    at div
    at HomePage (http://localhost:5173/src/features/home/HomePage.jsx:37:33)
    at RenderedRoute (http://localhost:5173/node_modules/.vite/deps/react-router-dom.js?v=8563555b:4131:5)
    at Outlet (http://localhost:5173/node_modules/.vite/deps/react-router-dom.js?v=8563555b:4537:26)
    at main
    at div
    at MainLayout (http://localhost:5173/src/components/layout/MainLayout.jsx:33:39)
    at RenderedRoute (http://localhost:5173/node_modules/.vite/deps/react-router-dom.js?v=8563555b:4131:5)
    at Routes (http://localhost:5173/node_modules/.vite/deps/react-router-dom.js?v=8563555b:4601:5)
    at App
    at Router (http://localhost:5173/node_modules/.vite/deps/react-router-dom.js?v=8563555b:4544:15)
    at HashRouter (http://localhost:5173/node_modules/.vite/deps/react-router-dom.js?v=8563555b:5326:5) @ http://localhost:5173/node_modules/.vite/deps/chunk-NLPANMJC.js?v=8563555b:520
[   54350ms] [ERROR] Warning: Encountered two children with the same key, `%s`. Keys should be unique so that components maintain their identity across updates. Non-unique keys may cause children to be duplicated and/or omitted — the behavior is unsupported and could change in a future version.%s Makkah Al-Mukarramah 
    at div
    at section
    at div
    at HomePage (http://localhost:5173/src/features/home/HomePage.jsx:37:33)
    at RenderedRoute (http://localhost:5173/node_modules/.vite/deps/react-router-dom.js?v=8563555b:4131:5)
    at Outlet (http://localhost:5173/node_modules/.vite/deps/react-router-dom.js?v=8563555b:4537:26)
    at main
    at div
    at MainLayout (http://localhost:5173/src/components/layout/MainLayout.jsx:33:39)
    at RenderedRoute (http://localhost:5173/node_modules/.vite/deps/react-router-dom.js?v=8563555b:4131:5)
    at Routes (http://localhost:5173/node_modules/.vite/deps/react-router-dom.js?v=8563555b:4601:5)
    at App
    at Router (http://localhost:5173/node_modules/.vite/deps/react-router-dom.js?v=8563555b:4544:15)
    at HashRouter (http://localhost:5173/node_modules/.vite/deps/react-router-dom.js?v=8563555b:5326:5) @ http://localhost:5173/node_modules/.vite/deps/chunk-NLPANMJC.js?v=8563555b:520
[   54369ms] [ERROR] Warning: Encountered two children with the same key, `%s`. Keys should be unique so that components maintain their identity across updates. Non-unique keys may cause children to be duplicated and/or omitted — the behavior is unsupported and could change in a future version.%s Makkah Al-Mukarramah 
    at div
    at section
    at div
    at HomePage (http://localhost:5173/src/features/home/HomePage.jsx:37:33)
    at RenderedRoute (http://localhost:5173/node_modules/.vite/deps/react-router-dom.js?v=8563555b:4131:5)
    at Outlet (http://localhost:5173/node_modules/.vite/deps/react-router-dom.js?v=8563555b:4537:26)
    at main
    at div
    at MainLayout (http://localhost:5173/src/components/layout/MainLayout.jsx:33:39)
    at RenderedRoute (http://localhost:5173/node_modules/.vite/deps/react-router-dom.js?v=8563555b:4131:5)
    at Routes (http://localhost:5173/node_modules/.vite/deps/react-router-dom.js?v=8563555b:4601:5)
    at App
    at Router (http://localhost:5173/node_modules/.vite/deps/react-router-dom.js?v=8563555b:4544:15)
    at HashRouter (http://localhost:5173/node_modules/.vite/deps/react-router-dom.js?v=8563555b:5326:5) @ http://localhost:5173/node_modules/.vite/deps/chunk-NLPANMJC.js?v=8563555b:520
[   54369ms] [ERROR] Warning: Encountered two children with the same key, `%s`. Keys should be unique so that components maintain their identity across updates. Non-unique keys may cause children to be duplicated and/or omitted — the behavior is unsupported and could change in a future version.%s Makkah Al-Mukarramah 
    at div
    at section
    at div
    at HomePage (http://localhost:5173/src/features/home/HomePage.jsx:37:33)
    at RenderedRoute (http://localhost:5173/node_modules/.vite/deps/react-router-dom.js?v=8563555b:4131:5)
    at Outlet (http://localhost:5173/node_modules/.vite/deps/react-router-dom.js?v=8563555b:4537:26)
    at main
    at div
    at MainLayout (http://localhost:5173/src/components/layout/MainLayout.jsx:33:39)
    at RenderedRoute (http://localhost:5173/node_modules/.vite/deps/react-router-dom.js?v=8563555b:4131:5)
    at Routes (http://localhost:5173/node_modules/.vite/deps/react-router-dom.js?v=8563555b:4601:5)
    at App
    at Router (http://localhost:5173/node_modules/.vite/deps/react-router-dom.js?v=8563555b:4544:15)
    at HashRouter (http://localhost:5173/node_modules/.vite/deps/react-router-dom.js?v=8563555b:5326:5) @ http://localhost:5173/node_modules/.vite/deps/chunk-NLPANMJC.js?v=8563555b:520
[   54370ms] [ERROR] Warning: Encountered two children with the same key, `%s`. Keys should be unique so that components maintain their identity across updates. Non-unique keys may cause children to be duplicated and/or omitted — the behavior is unsupported and could change in a future version.%s Makkah Al-Mukarramah 
    at div
    at section
    at div
    at HomePage (http://localhost:5173/src/features/home/HomePage.jsx:37:33)
    at RenderedRoute (http://localhost:5173/node_modules/.vite/deps/react-router-dom.js?v=8563555b:4131:5)
    at Outlet (http://localhost:5173/node_modules/.vite/deps/react-router-dom.js?v=8563555b:4537:26)
    at main
    at div
    at MainLayout (http://localhost:5173/src/components/layout/MainLayout.jsx:33:39)
    at RenderedRoute (http://localhost:5173/node_modules/.vite/deps/react-router-dom.js?v=8563555b:4131:5)
    at Routes (http://localhost:5173/node_modules/.vite/deps/react-router-dom.js?v=8563555b:4601:5)
    at App
    at Router (http://localhost:5173/node_modules/.vite/deps/react-router-dom.js?v=8563555b:4544:15)
    at HashRouter (http://localhost:5173/node_modules/.vite/deps/react-router-dom.js?v=8563555b:5326:5) @ http://localhost:5173/node_modules/.vite/deps/chunk-NLPANMJC.js?v=8563555b:520
[   54508ms] [ERROR] Warning: Encountered two children with the same key, `%s`. Keys should be unique so that components maintain their identity across updates. Non-unique keys may cause children to be duplicated and/or omitted — the behavior is unsupported and could change in a future version.%s Makkah Al-Mukarramah 
    at div
    at section
    at div
    at HomePage (http://localhost:5173/src/features/home/HomePage.jsx:37:33)
    at RenderedRoute (http://localhost:5173/node_modules/.vite/deps/react-router-dom.js?v=8563555b:4131:5)
    at Outlet (http://localhost:5173/node_modules/.vite/deps/react-router-dom.js?v=8563555b:4537:26)
    at main
    at div
    at MainLayout (http://localhost:5173/src/components/layout/MainLayout.jsx:33:39)
    at RenderedRoute (http://localhost:5173/node_modules/.vite/deps/react-router-dom.js?v=8563555b:4131:5)
    at Routes (http://localhost:5173/node_modules/.vite/deps/react-router-dom.js?v=8563555b:4601:5)
    at App
    at Router (http://localhost:5173/node_modules/.vite/deps/react-router-dom.js?v=8563555b:4544:15)
    at HashRouter (http://localhost:5173/node_modules/.vite/deps/react-router-dom.js?v=8563555b:5326:5) @ http://localhost:5173/node_modules/.vite/deps/chunk-NLPANMJC.js?v=8563555b:520
[   54509ms] [ERROR] Warning: Encountered two children with the same key, `%s`. Keys should be unique so that components maintain their identity across updates. Non-unique keys may cause children to be duplicated and/or omitted — the behavior is unsupported and could change in a future version.%s Makkah Al-Mukarramah 
    at div
    at section
    at div
    at HomePage (http://localhost:5173/src/features/home/HomePage.jsx:37:33)
    at RenderedRoute (http://localhost:5173/node_modules/.vite/deps/react-router-dom.js?v=8563555b:4131:5)
    at Outlet (http://localhost:5173/node_modules/.vite/deps/react-router-dom.js?v=8563555b:4537:26)
    at main
    at div
    at MainLayout (http://localhost:5173/src/components/layout/MainLayout.jsx:33:39)
    at RenderedRoute (http://localhost:5173/node_modules/.vite/deps/react-router-dom.js?v=8563555b:4131:5)
    at Routes (http://localhost:5173/node_modules/.vite/deps/react-router-dom.js?v=8563555b:4601:5)
    at App
    at Router (http://localhost:5173/node_modules/.vite/deps/react-router-dom.js?v=8563555b:4544:15)
    at HashRouter (http://localhost:5173/node_modules/.vite/deps/react-router-dom.js?v=8563555b:5326:5) @ http://localhost:5173/node_modules/.vite/deps/chunk-NLPANMJC.js?v=8563555b:520
[   54509ms] [ERROR] Warning: Encountered two children with the same key, `%s`. Keys should be unique so that components maintain their identity across updates. Non-unique keys may cause children to be duplicated and/or omitted — the behavior is unsupported and could change in a future version.%s Makkah Al-Mukarramah 
    at div
    at section
    at div
    at HomePage (http://localhost:5173/src/features/home/HomePage.jsx:37:33)
    at RenderedRoute (http://localhost:5173/node_modules/.vite/deps/react-router-dom.js?v=8563555b:4131:5)
    at Outlet (http://localhost:5173/node_modules/.vite/deps/react-router-dom.js?v=8563555b:4537:26)
    at main
    at div
    at MainLayout (http://localhost:5173/src/components/layout/MainLayout.jsx:33:39)
    at RenderedRoute (http://localhost:5173/node_modules/.vite/deps/react-router-dom.js?v=8563555b:4131:5)
    at Routes (http://localhost:5173/node_modules/.vite/deps/react-router-dom.js?v=8563555b:4601:5)
    at App
    at Router (http://localhost:5173/node_modules/.vite/deps/react-router-dom.js?v=8563555b:4544:15)
    at HashRouter (http://localhost:5173/node_modules/.vite/deps/react-router-dom.js?v=8563555b:5326:5) @ http://localhost:5173/node_modules/.vite/deps/chunk-NLPANMJC.js?v=8563555b:520
[   58833ms] [ERROR] Warning: Encountered two children with the same key, `%s`. Keys should be unique so that components maintain their identity across updates. Non-unique keys may cause children to be duplicated and/or omitted — the behavior is unsupported and could change in a future version.%s Makkah Al-Mukarramah 
    at div
    at section
    at div
    at HomePage (http://localhost:5173/src/features/home/HomePage.jsx:37:33)
    at RenderedRoute (http://localhost:5173/node_modules/.vite/deps/react-router-dom.js?v=8563555b:4131:5)
    at Outlet (http://localhost:5173/node_modules/.vite/deps/react-router-dom.js?v=8563555b:4537:26)
    at main
    at div
    at MainLayout (http://localhost:5173/src/components/layout/MainLayout.jsx:33:39)
    at RenderedRoute (http://localhost:5173/node_modules/.vite/deps/react-router-dom.js?v=8563555b:4131:5)
    at Routes (http://localhost:5173/node_modules/.vite/deps/react-router-dom.js?v=8563555b:4601:5)
    at App
    at Router (http://localhost:5173/node_modules/.vite/deps/react-router-dom.js?v=8563555b:4544:15)
    at HashRouter (http://localhost:5173/node_modules/.vite/deps/react-router-dom.js?v=8563555b:5326:5) @ http://localhost:5173/node_modules/.vite/deps/chunk-NLPANMJC.js?v=8563555b:520
[   58833ms] [ERROR] Warning: Encountered two children with the same key, `%s`. Keys should be unique so that components maintain their identity across updates. Non-unique keys may cause children to be duplicated and/or omitted — the behavior is unsupported and could change in a future version.%s Makkah Al-Mukarramah 
    at div
    at section
    at div
    at HomePage (http://localhost:5173/src/features/home/HomePage.jsx:37:33)
    at RenderedRoute (http://localhost:5173/node_modules/.vite/deps/react-router-dom.js?v=8563555b:4131:5)
    at Outlet (http://localhost:5173/node_modules/.vite/deps/react-router-dom.js?v=8563555b:4537:26)
    at main
    at div
    at MainLayout (http://localhost:5173/src/components/layout/MainLayout.jsx:33:39)
    at RenderedRoute (http://localhost:5173/node_modules/.vite/deps/react-router-dom.js?v=8563555b:4131:5)
    at Routes (http://localhost:5173/node_modules/.vite/deps/react-router-dom.js?v=8563555b:4601:5)
    at App
    at Router (http://localhost:5173/node_modules/.vite/deps/react-router-dom.js?v=8563555b:4544:15)
    at HashRouter (http://localhost:5173/node_modules/.vite/deps/react-router-dom.js?v=8563555b:5326:5) @ http://localhost:5173/node_modules/.vite/deps/chunk-NLPANMJC.js?v=8563555b:520
[   58834ms] [ERROR] Warning: Encountered two children with the same key, `%s`. Keys should be unique so that components maintain their identity across updates. Non-unique keys may cause children to be duplicated and/or omitted — the behavior is unsupported and could change in a future version.%s Makkah Al-Mukarramah 
    at div
    at section
    at div
    at HomePage (http://localhost:5173/src/features/home/HomePage.jsx:37:33)
    at RenderedRoute (http://localhost:5173/node_modules/.vite/deps/react-router-dom.js?v=8563555b:4131:5)
    at Outlet (http://localhost:5173/node_modules/.vite/deps/react-router-dom.js?v=8563555b:4537:26)
    at main
    at div
    at MainLayout (http://localhost:5173/src/components/layout/MainLayout.jsx:33:39)
    at RenderedRoute (http://localhost:5173/node_modules/.vite/deps/react-router-dom.js?v=8563555b:4131:5)
    at Routes (http://localhost:5173/node_modules/.vite/deps/react-router-dom.js?v=8563555b:4601:5)
    at App
    at Router (http://localhost:5173/node_modules/.vite/deps/react-router-dom.js?v=8563555b:4544:15)
    at HashRouter (http://localhost:5173/node_modules/.vite/deps/react-router-dom.js?v=8563555b:5326:5) @ http://localhost:5173/node_modules/.vite/deps/chunk-NLPANMJC.js?v=8563555b:520
[   58855ms] [ERROR] Warning: Encountered two children with the same key, `%s`. Keys should be unique so that components maintain their identity across updates. Non-unique keys may cause children to be duplicated and/or omitted — the behavior is unsupported and could change in a future version.%s Makkah Al-Mukarramah 
    at div
    at section
    at div
    at HomePage (http://localhost:5173/src/features/home/HomePage.jsx:37:33)
    at RenderedRoute (http://localhost:5173/node_modules/.vite/deps/react-router-dom.js?v=8563555b:4131:5)
    at Outlet (http://localhost:5173/node_modules/.vite/deps/react-router-dom.js?v=8563555b:4537:26)
    at main
    at div
    at MainLayout (http://localhost:5173/src/components/layout/MainLayout.jsx:33:39)
    at RenderedRoute (http://localhost:5173/node_modules/.vite/deps/react-router-dom.js?v=8563555b:4131:5)
    at Routes (http://localhost:5173/node_modules/.vite/deps/react-router-dom.js?v=8563555b:4601:5)
    at App
    at Router (http://localhost:5173/node_modules/.vite/deps/react-router-dom.js?v=8563555b:4544:15)
    at HashRouter (http://localhost:5173/node_modules/.vite/deps/react-router-dom.js?v=8563555b:5326:5) @ http://localhost:5173/node_modules/.vite/deps/chunk-NLPANMJC.js?v=8563555b:520
[   58855ms] [ERROR] Warning: Encountered two children with the same key, `%s`. Keys should be unique so that components maintain their identity across updates. Non-unique keys may cause children to be duplicated and/or omitted — the behavior is unsupported and could change in a future version.%s Makkah Al-Mukarramah 
    at div
    at section
    at div
    at HomePage (http://localhost:5173/src/features/home/HomePage.jsx:37:33)
    at RenderedRoute (http://localhost:5173/node_modules/.vite/deps/react-router-dom.js?v=8563555b:4131:5)
    at Outlet (http://localhost:5173/node_modules/.vite/deps/react-router-dom.js?v=8563555b:4537:26)
    at main
    at div
    at MainLayout (http://localhost:5173/src/components/layout/MainLayout.jsx:33:39)
    at RenderedRoute (http://localhost:5173/node_modules/.vite/deps/react-router-dom.js?v=8563555b:4131:5)
    at Routes (http://localhost:5173/node_modules/.vite/deps/react-router-dom.js?v=8563555b:4601:5)
    at App
    at Router (http://localhost:5173/node_modules/.vite/deps/react-router-dom.js?v=8563555b:4544:15)
    at HashRouter (http://localhost:5173/node_modules/.vite/deps/react-router-dom.js?v=8563555b:5326:5) @ http://localhost:5173/node_modules/.vite/deps/chunk-NLPANMJC.js?v=8563555b:520
[   58856ms] [ERROR] Warning: Encountered two children with the same key, `%s`. Keys should be unique so that components maintain their identity across updates. Non-unique keys may cause children to be duplicated and/or omitted — the behavior is unsupported and could change in a future version.%s Makkah Al-Mukarramah 
    at div
    at section
    at div
    at HomePage (http://localhost:5173/src/features/home/HomePage.jsx:37:33)
    at RenderedRoute (http://localhost:5173/node_modules/.vite/deps/react-router-dom.js?v=8563555b:4131:5)
    at Outlet (http://localhost:5173/node_modules/.vite/deps/react-router-dom.js?v=8563555b:4537:26)
    at main
    at div
    at MainLayout (http://localhost:5173/src/components/layout/MainLayout.jsx:33:39)
    at RenderedRoute (http://localhost:5173/node_modules/.vite/deps/react-router-dom.js?v=8563555b:4131:5)
    at Routes (http://localhost:5173/node_modules/.vite/deps/react-router-dom.js?v=8563555b:4601:5)
    at App
    at Router (http://localhost:5173/node_modules/.vite/deps/react-router-dom.js?v=8563555b:4544:15)
    at HashRouter (http://localhost:5173/node_modules/.vite/deps/react-router-dom.js?v=8563555b:5326:5) @ http://localhost:5173/node_modules/.vite/deps/chunk-NLPANMJC.js?v=8563555b:520
[   58993ms] [ERROR] Warning: Encountered two children with the same key, `%s`. Keys should be unique so that components maintain their identity across updates. Non-unique keys may cause children to be duplicated and/or omitted — the behavior is unsupported and could change in a future version.%s Makkah Al-Mukarramah 
    at div
    at section
    at div
    at HomePage (http://localhost:5173/src/features/home/HomePage.jsx:37:33)
    at RenderedRoute (http://localhost:5173/node_modules/.vite/deps/react-router-dom.js?v=8563555b:4131:5)
    at Outlet (http://localhost:5173/node_modules/.vite/deps/react-router-dom.js?v=8563555b:4537:26)
    at main
    at div
    at MainLayout (http://localhost:5173/src/components/layout/MainLayout.jsx:33:39)
    at RenderedRoute (http://localhost:5173/node_modules/.vite/deps/react-router-dom.js?v=8563555b:4131:5)
    at Routes (http://localhost:5173/node_modules/.vite/deps/react-router-dom.js?v=8563555b:4601:5)
    at App
    at Router (http://localhost:5173/node_modules/.vite/deps/react-router-dom.js?v=8563555b:4544:15)
    at HashRouter (http://localhost:5173/node_modules/.vite/deps/react-router-dom.js?v=8563555b:5326:5) @ http://localhost:5173/node_modules/.vite/deps/chunk-NLPANMJC.js?v=8563555b:520
[   58994ms] [ERROR] Warning: Encountered two children with the same key, `%s`. Keys should be unique so that components maintain their identity across updates. Non-unique keys may cause children to be duplicated and/or omitted — the behavior is unsupported and could change in a future version.%s Makkah Al-Mukarramah 
    at div
    at section
    at div
    at HomePage (http://localhost:5173/src/features/home/HomePage.jsx:37:33)
    at RenderedRoute (http://localhost:5173/node_modules/.vite/deps/react-router-dom.js?v=8563555b:4131:5)
    at Outlet (http://localhost:5173/node_modules/.vite/deps/react-router-dom.js?v=8563555b:4537:26)
    at main
    at div
    at MainLayout (http://localhost:5173/src/components/layout/MainLayout.jsx:33:39)
    at RenderedRoute (http://localhost:5173/node_modules/.vite/deps/react-router-dom.js?v=8563555b:4131:5)
    at Routes (http://localhost:5173/node_modules/.vite/deps/react-router-dom.js?v=8563555b:4601:5)
    at App
    at Router (http://localhost:5173/node_modules/.vite/deps/react-router-dom.js?v=8563555b:4544:15)
    at HashRouter (http://localhost:5173/node_modules/.vite/deps/react-router-dom.js?v=8563555b:5326:5) @ http://localhost:5173/node_modules/.vite/deps/chunk-NLPANMJC.js?v=8563555b:520
[   58994ms] [ERROR] Warning: Encountered two children with the same key, `%s`. Keys should be unique so that components maintain their identity across updates. Non-unique keys may cause children to be duplicated and/or omitted — the behavior is unsupported and could change in a future version.%s Makkah Al-Mukarramah 
    at div
    at section
    at div
    at HomePage (http://localhost:5173/src/features/home/HomePage.jsx:37:33)
    at RenderedRoute (http://localhost:5173/node_modules/.vite/deps/react-router-dom.js?v=8563555b:4131:5)
    at Outlet (http://localhost:5173/node_modules/.vite/deps/react-router-dom.js?v=8563555b:4537:26)
    at main
    at div
    at MainLayout (http://localhost:5173/src/components/layout/MainLayout.jsx:33:39)
    at RenderedRoute (http://localhost:5173/node_modules/.vite/deps/react-router-dom.js?v=8563555b:4131:5)
    at Routes (http://localhost:5173/node_modules/.vite/deps/react-router-dom.js?v=8563555b:4601:5)
    at App
    at Router (http://localhost:5173/node_modules/.vite/deps/react-router-dom.js?v=8563555b:4544:15)
    at HashRouter (http://localhost:5173/node_modules/.vite/deps/react-router-dom.js?v=8563555b:5326:5) @ http://localhost:5173/node_modules/.vite/deps/chunk-NLPANMJC.js?v=8563555b:520
[   63337ms] [ERROR] Warning: Encountered two children with the same key, `%s`. Keys should be unique so that components maintain their identity across updates. Non-unique keys may cause children to be duplicated and/or omitted — the behavior is unsupported and could change in a future version.%s Makkah Al-Mukarramah 
    at div
    at section
    at div
    at HomePage (http://localhost:5173/src/features/home/HomePage.jsx:37:33)
    at RenderedRoute (http://localhost:5173/node_modules/.vite/deps/react-router-dom.js?v=8563555b:4131:5)
    at Outlet (http://localhost:5173/node_modules/.vite/deps/react-router-dom.js?v=8563555b:4537:26)
    at main
    at div
    at MainLayout (http://localhost:5173/src/components/layout/MainLayout.jsx:33:39)
    at RenderedRoute (http://localhost:5173/node_modules/.vite/deps/react-router-dom.js?v=8563555b:4131:5)
    at Routes (http://localhost:5173/node_modules/.vite/deps/react-router-dom.js?v=8563555b:4601:5)
    at App
    at Router (http://localhost:5173/node_modules/.vite/deps/react-router-dom.js?v=8563555b:4544:15)
    at HashRouter (http://localhost:5173/node_modules/.vite/deps/react-router-dom.js?v=8563555b:5326:5) @ http://localhost:5173/node_modules/.vite/deps/chunk-NLPANMJC.js?v=8563555b:520
[   63337ms] [ERROR] Warning: Encountered two children with the same key, `%s`. Keys should be unique so that components maintain their identity across updates. Non-unique keys may cause children to be duplicated and/or omitted — the behavior is unsupported and could change in a future version.%s Makkah Al-Mukarramah 
    at div
    at section
    at div
    at HomePage (http://localhost:5173/src/features/home/HomePage.jsx:37:33)
    at RenderedRoute (http://localhost:5173/node_modules/.vite/deps/react-router-dom.js?v=8563555b:4131:5)
    at Outlet (http://localhost:5173/node_modules/.vite/deps/react-router-dom.js?v=8563555b:4537:26)
    at main
    at div
    at MainLayout (http://localhost:5173/src/components/layout/MainLayout.jsx:33:39)
    at RenderedRoute (http://localhost:5173/node_modules/.vite/deps/react-router-dom.js?v=8563555b:4131:5)
    at Routes (http://localhost:5173/node_modules/.vite/deps/react-router-dom.js?v=8563555b:4601:5)
    at App
    at Router (http://localhost:5173/node_modules/.vite/deps/react-router-dom.js?v=8563555b:4544:15)
    at HashRouter (http://localhost:5173/node_modules/.vite/deps/react-router-dom.js?v=8563555b:5326:5) @ http://localhost:5173/node_modules/.vite/deps/chunk-NLPANMJC.js?v=8563555b:520
[   63337ms] [ERROR] Warning: Encountered two children with the same key, `%s`. Keys should be unique so that components maintain their identity across updates. Non-unique keys may cause children to be duplicated and/or omitted — the behavior is unsupported and could change in a future version.%s Makkah Al-Mukarramah 
    at div
    at section
    at div
    at HomePage (http://localhost:5173/src/features/home/HomePage.jsx:37:33)
    at RenderedRoute (http://localhost:5173/node_modules/.vite/deps/react-router-dom.js?v=8563555b:4131:5)
    at Outlet (http://localhost:5173/node_modules/.vite/deps/react-router-dom.js?v=8563555b:4537:26)
    at main
    at div
    at MainLayout (http://localhost:5173/src/components/layout/MainLayout.jsx:33:39)
    at RenderedRoute (http://localhost:5173/node_modules/.vite/deps/react-router-dom.js?v=8563555b:4131:5)
    at Routes (http://localhost:5173/node_modules/.vite/deps/react-router-dom.js?v=8563555b:4601:5)
    at App
    at Router (http://localhost:5173/node_modules/.vite/deps/react-router-dom.js?v=8563555b:4544:15)
    at HashRouter (http://localhost:5173/node_modules/.vite/deps/react-router-dom.js?v=8563555b:5326:5) @ http://localhost:5173/node_modules/.vite/deps/chunk-NLPANMJC.js?v=8563555b:520
[   63361ms] [ERROR] Warning: Encountered two children with the same key, `%s`. Keys should be unique so that components maintain their identity across updates. Non-unique keys may cause children to be duplicated and/or omitted — the behavior is unsupported and could change in a future version.%s Makkah Al-Mukarramah 
    at div
    at section
    at div
    at HomePage (http://localhost:5173/src/features/home/HomePage.jsx:37:33)
    at RenderedRoute (http://localhost:5173/node_modules/.vite/deps/react-router-dom.js?v=8563555b:4131:5)
    at Outlet (http://localhost:5173/node_modules/.vite/deps/react-router-dom.js?v=8563555b:4537:26)
    at main
    at div
    at MainLayout (http://localhost:5173/src/components/layout/MainLayout.jsx:33:39)
    at RenderedRoute (http://localhost:5173/node_modules/.vite/deps/react-router-dom.js?v=8563555b:4131:5)
    at Routes (http://localhost:5173/node_modules/.vite/deps/react-router-dom.js?v=8563555b:4601:5)
    at App
    at Router (http://localhost:5173/node_modules/.vite/deps/react-router-dom.js?v=8563555b:4544:15)
    at HashRouter (http://localhost:5173/node_modules/.vite/deps/react-router-dom.js?v=8563555b:5326:5) @ http://localhost:5173/node_modules/.vite/deps/chunk-NLPANMJC.js?v=8563555b:520
[   63362ms] [ERROR] Warning: Encountered two children with the same key, `%s`. Keys should be unique so that components maintain their identity across updates. Non-unique keys may cause children to be duplicated and/or omitted — the behavior is unsupported and could change in a future version.%s Makkah Al-Mukarramah 
    at div
    at section
    at div
    at HomePage (http://localhost:5173/src/features/home/HomePage.jsx:37:33)
    at RenderedRoute (http://localhost:5173/node_modules/.vite/deps/react-router-dom.js?v=8563555b:4131:5)
    at Outlet (http://localhost:5173/node_modules/.vite/deps/react-router-dom.js?v=8563555b:4537:26)
    at main
    at div
    at MainLayout (http://localhost:5173/src/components/layout/MainLayout.jsx:33:39)
    at RenderedRoute (http://localhost:5173/node_modules/.vite/deps/react-router-dom.js?v=8563555b:4131:5)
    at Routes (http://localhost:5173/node_modules/.vite/deps/react-router-dom.js?v=8563555b:4601:5)
    at App
    at Router (http://localhost:5173/node_modules/.vite/deps/react-router-dom.js?v=8563555b:4544:15)
    at HashRouter (http://localhost:5173/node_modules/.vite/deps/react-router-dom.js?v=8563555b:5326:5) @ http://localhost:5173/node_modules/.vite/deps/chunk-NLPANMJC.js?v=8563555b:520
[   63362ms] [ERROR] Warning: Encountered two children with the same key, `%s`. Keys should be unique so that components maintain their identity across updates. Non-unique keys may cause children to be duplicated and/or omitted — the behavior is unsupported and could change in a future version.%s Makkah Al-Mukarramah 
    at div
    at section
    at div
    at HomePage (http://localhost:5173/src/features/home/HomePage.jsx:37:33)
    at RenderedRoute (http://localhost:5173/node_modules/.vite/deps/react-router-dom.js?v=8563555b:4131:5)
    at Outlet (http://localhost:5173/node_modules/.vite/deps/react-router-dom.js?v=8563555b:4537:26)
    at main
    at div
    at MainLayout (http://localhost:5173/src/components/layout/MainLayout.jsx:33:39)
    at RenderedRoute (http://localhost:5173/node_modules/.vite/deps/react-router-dom.js?v=8563555b:4131:5)
    at Routes (http://localhost:5173/node_modules/.vite/deps/react-router-dom.js?v=8563555b:4601:5)
    at App
    at Router (http://localhost:5173/node_modules/.vite/deps/react-router-dom.js?v=8563555b:4544:15)
    at HashRouter (http://localhost:5173/node_modules/.vite/deps/react-router-dom.js?v=8563555b:5326:5) @ http://localhost:5173/node_modules/.vite/deps/chunk-NLPANMJC.js?v=8563555b:520
[   63500ms] [ERROR] Warning: Encountered two children with the same key, `%s`. Keys should be unique so that components maintain their identity across updates. Non-unique keys may cause children to be duplicated and/or omitted — the behavior is unsupported and could change in a future version.%s Makkah Al-Mukarramah 
    at div
    at section
    at div
    at HomePage (http://localhost:5173/src/features/home/HomePage.jsx:37:33)
    at RenderedRoute (http://localhost:5173/node_modules/.vite/deps/react-router-dom.js?v=8563555b:4131:5)
    at Outlet (http://localhost:5173/node_modules/.vite/deps/react-router-dom.js?v=8563555b:4537:26)
    at main
    at div
    at MainLayout (http://localhost:5173/src/components/layout/MainLayout.jsx:33:39)
    at RenderedRoute (http://localhost:5173/node_modules/.vite/deps/react-router-dom.js?v=8563555b:4131:5)
    at Routes (http://localhost:5173/node_modules/.vite/deps/react-router-dom.js?v=8563555b:4601:5)
    at App
    at Router (http://localhost:5173/node_modules/.vite/deps/react-router-dom.js?v=8563555b:4544:15)
    at HashRouter (http://localhost:5173/node_modules/.vite/deps/react-router-dom.js?v=8563555b:5326:5) @ http://localhost:5173/node_modules/.vite/deps/chunk-NLPANMJC.js?v=8563555b:520
[   63501ms] [ERROR] Warning: Encountered two children with the same key, `%s`. Keys should be unique so that components maintain their identity across updates. Non-unique keys may cause children to be duplicated and/or omitted — the behavior is unsupported and could change in a future version.%s Makkah Al-Mukarramah 
    at div
    at section
    at div
    at HomePage (http://localhost:5173/src/features/home/HomePage.jsx:37:33)
    at RenderedRoute (http://localhost:5173/node_modules/.vite/deps/react-router-dom.js?v=8563555b:4131:5)
    at Outlet (http://localhost:5173/node_modules/.vite/deps/react-router-dom.js?v=8563555b:4537:26)
    at main
    at div
    at MainLayout (http://localhost:5173/src/components/layout/MainLayout.jsx:33:39)
    at RenderedRoute (http://localhost:5173/node_modules/.vite/deps/react-router-dom.js?v=8563555b:4131:5)
    at Routes (http://localhost:5173/node_modules/.vite/deps/react-router-dom.js?v=8563555b:4601:5)
    at App
    at Router (http://localhost:5173/node_modules/.vite/deps/react-router-dom.js?v=8563555b:4544:15)
    at HashRouter (http://localhost:5173/node_modules/.vite/deps/react-router-dom.js?v=8563555b:5326:5) @ http://localhost:5173/node_modules/.vite/deps/chunk-NLPANMJC.js?v=8563555b:520
[   63501ms] [ERROR] Warning: Encountered two children with the same key, `%s`. Keys should be unique so that components maintain their identity across updates. Non-unique keys may cause children to be duplicated and/or omitted — the behavior is unsupported and could change in a future version.%s Makkah Al-Mukarramah 
    at div
    at section
    at div
    at HomePage (http://localhost:5173/src/features/home/HomePage.jsx:37:33)
    at RenderedRoute (http://localhost:5173/node_modules/.vite/deps/react-router-dom.js?v=8563555b:4131:5)
    at Outlet (http://localhost:5173/node_modules/.vite/deps/react-router-dom.js?v=8563555b:4537:26)
    at main
    at div
    at MainLayout (http://localhost:5173/src/components/layout/MainLayout.jsx:33:39)
    at RenderedRoute (http://localhost:5173/node_modules/.vite/deps/react-router-dom.js?v=8563555b:4131:5)
    at Routes (http://localhost:5173/node_modules/.vite/deps/react-router-dom.js?v=8563555b:4601:5)
    at App
    at Router (http://localhost:5173/node_modules/.vite/deps/react-router-dom.js?v=8563555b:4544:15)
    at HashRouter (http://localhost:5173/node_modules/.vite/deps/react-router-dom.js?v=8563555b:5326:5) @ http://localhost:5173/node_modules/.vite/deps/chunk-NLPANMJC.js?v=8563555b:520
[   67837ms] [ERROR] Warning: Encountered two children with the same key, `%s`. Keys should be unique so that components maintain their identity across updates. Non-unique keys may cause children to be duplicated and/or omitted — the behavior is unsupported and could change in a future version.%s Makkah Al-Mukarramah 
    at div
    at section
    at div
    at HomePage (http://localhost:5173/src/features/home/HomePage.jsx:37:33)
    at RenderedRoute (http://localhost:5173/node_modules/.vite/deps/react-router-dom.js?v=8563555b:4131:5)
    at Outlet (http://localhost:5173/node_modules/.vite/deps/react-router-dom.js?v=8563555b:4537:26)
    at main
    at div
    at MainLayout (http://localhost:5173/src/components/layout/MainLayout.jsx:33:39)
    at RenderedRoute (http://localhost:5173/node_modules/.vite/deps/react-router-dom.js?v=8563555b:4131:5)
    at Routes (http://localhost:5173/node_modules/.vite/deps/react-router-dom.js?v=8563555b:4601:5)
    at App
    at Router (http://localhost:5173/node_modules/.vite/deps/react-router-dom.js?v=8563555b:4544:15)
    at HashRouter (http://localhost:5173/node_modules/.vite/deps/react-router-dom.js?v=8563555b:5326:5) @ http://localhost:5173/node_modules/.vite/deps/chunk-NLPANMJC.js?v=8563555b:520
[   67837ms] [ERROR] Warning: Encountered two children with the same key, `%s`. Keys should be unique so that components maintain their identity across updates. Non-unique keys may cause children to be duplicated and/or omitted — the behavior is unsupported and could change in a future version.%s Makkah Al-Mukarramah 
    at div
    at section
    at div
    at HomePage (http://localhost:5173/src/features/home/HomePage.jsx:37:33)
    at RenderedRoute (http://localhost:5173/node_modules/.vite/deps/react-router-dom.js?v=8563555b:4131:5)
    at Outlet (http://localhost:5173/node_modules/.vite/deps/react-router-dom.js?v=8563555b:4537:26)
    at main
    at div
    at MainLayout (http://localhost:5173/src/components/layout/MainLayout.jsx:33:39)
    at RenderedRoute (http://localhost:5173/node_modules/.vite/deps/react-router-dom.js?v=8563555b:4131:5)
    at Routes (http://localhost:5173/node_modules/.vite/deps/react-router-dom.js?v=8563555b:4601:5)
    at App
    at Router (http://localhost:5173/node_modules/.vite/deps/react-router-dom.js?v=8563555b:4544:15)
    at HashRouter (http://localhost:5173/node_modules/.vite/deps/react-router-dom.js?v=8563555b:5326:5) @ http://localhost:5173/node_modules/.vite/deps/chunk-NLPANMJC.js?v=8563555b:520
[   67837ms] [ERROR] Warning: Encountered two children with the same key, `%s`. Keys should be unique so that components maintain their identity across updates. Non-unique keys may cause children to be duplicated and/or omitted — the behavior is unsupported and could change in a future version.%s Makkah Al-Mukarramah 
    at div
    at section
    at div
    at HomePage (http://localhost:5173/src/features/home/HomePage.jsx:37:33)
    at RenderedRoute (http://localhost:5173/node_modules/.vite/deps/react-router-dom.js?v=8563555b:4131:5)
    at Outlet (http://localhost:5173/node_modules/.vite/deps/react-router-dom.js?v=8563555b:4537:26)
    at main
    at div
    at MainLayout (http://localhost:5173/src/components/layout/MainLayout.jsx:33:39)
    at RenderedRoute (http://localhost:5173/node_modules/.vite/deps/react-router-dom.js?v=8563555b:4131:5)
    at Routes (http://localhost:5173/node_modules/.vite/deps/react-router-dom.js?v=8563555b:4601:5)
    at App
    at Router (http://localhost:5173/node_modules/.vite/deps/react-router-dom.js?v=8563555b:4544:15)
    at HashRouter (http://localhost:5173/node_modules/.vite/deps/react-router-dom.js?v=8563555b:5326:5) @ http://localhost:5173/node_modules/.vite/deps/chunk-NLPANMJC.js?v=8563555b:520
[   67866ms] [ERROR] Warning: Encountered two children with the same key, `%s`. Keys should be unique so that components maintain their identity across updates. Non-unique keys may cause children to be duplicated and/or omitted — the behavior is unsupported and could change in a future version.%s Makkah Al-Mukarramah 
    at div
    at section
    at div
    at HomePage (http://localhost:5173/src/features/home/HomePage.jsx:37:33)
    at RenderedRoute (http://localhost:5173/node_modules/.vite/deps/react-router-dom.js?v=8563555b:4131:5)
    at Outlet (http://localhost:5173/node_modules/.vite/deps/react-router-dom.js?v=8563555b:4537:26)
    at main
    at div
    at MainLayout (http://localhost:5173/src/components/layout/MainLayout.jsx:33:39)
    at RenderedRoute (http://localhost:5173/node_modules/.vite/deps/react-router-dom.js?v=8563555b:4131:5)
    at Routes (http://localhost:5173/node_modules/.vite/deps/react-router-dom.js?v=8563555b:4601:5)
    at App
    at Router (http://localhost:5173/node_modules/.vite/deps/react-router-dom.js?v=8563555b:4544:15)
    at HashRouter (http://localhost:5173/node_modules/.vite/deps/react-router-dom.js?v=8563555b:5326:5) @ http://localhost:5173/node_modules/.vite/deps/chunk-NLPANMJC.js?v=8563555b:520
[   67866ms] [ERROR] Warning: Encountered two children with the same key, `%s`. Keys should be unique so that components maintain their identity across updates. Non-unique keys may cause children to be duplicated and/or omitted — the behavior is unsupported and could change in a future version.%s Makkah Al-Mukarramah 
    at div
    at section
    at div
    at HomePage (http://localhost:5173/src/features/home/HomePage.jsx:37:33)
    at RenderedRoute (http://localhost:5173/node_modules/.vite/deps/react-router-dom.js?v=8563555b:4131:5)
    at Outlet (http://localhost:5173/node_modules/.vite/deps/react-router-dom.js?v=8563555b:4537:26)
    at main
    at div
    at MainLayout (http://localhost:5173/src/components/layout/MainLayout.jsx:33:39)
    at RenderedRoute (http://localhost:5173/node_modules/.vite/deps/react-router-dom.js?v=8563555b:4131:5)
    at Routes (http://localhost:5173/node_modules/.vite/deps/react-router-dom.js?v=8563555b:4601:5)
    at App
    at Router (http://localhost:5173/node_modules/.vite/deps/react-router-dom.js?v=8563555b:4544:15)
    at HashRouter (http://localhost:5173/node_modules/.vite/deps/react-router-dom.js?v=8563555b:5326:5) @ http://localhost:5173/node_modules/.vite/deps/chunk-NLPANMJC.js?v=8563555b:520
[   67867ms] [ERROR] Warning: Encountered two children with the same key, `%s`. Keys should be unique so that components maintain their identity across updates. Non-unique keys may cause children to be duplicated and/or omitted — the behavior is unsupported and could change in a future version.%s Makkah Al-Mukarramah 
    at div
    at section
    at div
    at HomePage (http://localhost:5173/src/features/home/HomePage.jsx:37:33)
    at RenderedRoute (http://localhost:5173/node_modules/.vite/deps/react-router-dom.js?v=8563555b:4131:5)
    at Outlet (http://localhost:5173/node_modules/.vite/deps/react-router-dom.js?v=8563555b:4537:26)
    at main
    at div
    at MainLayout (http://localhost:5173/src/components/layout/MainLayout.jsx:33:39)
    at RenderedRoute (http://localhost:5173/node_modules/.vite/deps/react-router-dom.js?v=8563555b:4131:5)
    at Routes (http://localhost:5173/node_modules/.vite/deps/react-router-dom.js?v=8563555b:4601:5)
    at App
    at Router (http://localhost:5173/node_modules/.vite/deps/react-router-dom.js?v=8563555b:4544:15)
    at HashRouter (http://localhost:5173/node_modules/.vite/deps/react-router-dom.js?v=8563555b:5326:5) @ http://localhost:5173/node_modules/.vite/deps/chunk-NLPANMJC.js?v=8563555b:520
[   68001ms] [ERROR] Warning: Encountered two children with the same key, `%s`. Keys should be unique so that components maintain their identity across updates. Non-unique keys may cause children to be duplicated and/or omitted — the behavior is unsupported and could change in a future version.%s Makkah Al-Mukarramah 
    at div
    at section
    at div
    at HomePage (http://localhost:5173/src/features/home/HomePage.jsx:37:33)
    at RenderedRoute (http://localhost:5173/node_modules/.vite/deps/react-router-dom.js?v=8563555b:4131:5)
    at Outlet (http://localhost:5173/node_modules/.vite/deps/react-router-dom.js?v=8563555b:4537:26)
    at main
    at div
    at MainLayout (http://localhost:5173/src/components/layout/MainLayout.jsx:33:39)
    at RenderedRoute (http://localhost:5173/node_modules/.vite/deps/react-router-dom.js?v=8563555b:4131:5)
    at Routes (http://localhost:5173/node_modules/.vite/deps/react-router-dom.js?v=8563555b:4601:5)
    at App
    at Router (http://localhost:5173/node_modules/.vite/deps/react-router-dom.js?v=8563555b:4544:15)
    at HashRouter (http://localhost:5173/node_modules/.vite/deps/react-router-dom.js?v=8563555b:5326:5) @ http://localhost:5173/node_modules/.vite/deps/chunk-NLPANMJC.js?v=8563555b:520
[   68001ms] [ERROR] Warning: Encountered two children with the same key, `%s`. Keys should be unique so that components maintain their identity across updates. Non-unique keys may cause children to be duplicated and/or omitted — the behavior is unsupported and could change in a future version.%s Makkah Al-Mukarramah 
    at div
    at section
    at div
    at HomePage (http://localhost:5173/src/features/home/HomePage.jsx:37:33)
    at RenderedRoute (http://localhost:5173/node_modules/.vite/deps/react-router-dom.js?v=8563555b:4131:5)
    at Outlet (http://localhost:5173/node_modules/.vite/deps/react-router-dom.js?v=8563555b:4537:26)
    at main
    at div
    at MainLayout (http://localhost:5173/src/components/layout/MainLayout.jsx:33:39)
    at RenderedRoute (http://localhost:5173/node_modules/.vite/deps/react-router-dom.js?v=8563555b:4131:5)
    at Routes (http://localhost:5173/node_modules/.vite/deps/react-router-dom.js?v=8563555b:4601:5)
    at App
    at Router (http://localhost:5173/node_modules/.vite/deps/react-router-dom.js?v=8563555b:4544:15)
    at HashRouter (http://localhost:5173/node_modules/.vite/deps/react-router-dom.js?v=8563555b:5326:5) @ http://localhost:5173/node_modules/.vite/deps/chunk-NLPANMJC.js?v=8563555b:520
[   68002ms] [ERROR] Warning: Encountered two children with the same key, `%s`. Keys should be unique so that components maintain their identity across updates. Non-unique keys may cause children to be duplicated and/or omitted — the behavior is unsupported and could change in a future version.%s Makkah Al-Mukarramah 
    at div
    at section
    at div
    at HomePage (http://localhost:5173/src/features/home/HomePage.jsx:37:33)
    at RenderedRoute (http://localhost:5173/node_modules/.vite/deps/react-router-dom.js?v=8563555b:4131:5)
    at Outlet (http://localhost:5173/node_modules/.vite/deps/react-router-dom.js?v=8563555b:4537:26)
    at main
    at div
    at MainLayout (http://localhost:5173/src/components/layout/MainLayout.jsx:33:39)
    at RenderedRoute (http://localhost:5173/node_modules/.vite/deps/react-router-dom.js?v=8563555b:4131:5)
    at Routes (http://localhost:5173/node_modules/.vite/deps/react-router-dom.js?v=8563555b:4601:5)
    at App
    at Router (http://localhost:5173/node_modules/.vite/deps/react-router-dom.js?v=8563555b:4544:15)
    at HashRouter (http://localhost:5173/node_modules/.vite/deps/react-router-dom.js?v=8563555b:5326:5) @ http://localhost:5173/node_modules/.vite/deps/chunk-NLPANMJC.js?v=8563555b:520
[   72337ms] [ERROR] Warning: Encountered two children with the same key, `%s`. Keys should be unique so that components maintain their identity across updates. Non-unique keys may cause children to be duplicated and/or omitted — the behavior is unsupported and could change in a future version.%s Makkah Al-Mukarramah 
    at div
    at section
    at div
    at HomePage (http://localhost:5173/src/features/home/HomePage.jsx:37:33)
    at RenderedRoute (http://localhost:5173/node_modules/.vite/deps/react-router-dom.js?v=8563555b:4131:5)
    at Outlet (http://localhost:5173/node_modules/.vite/deps/react-router-dom.js?v=8563555b:4537:26)
    at main
    at div
    at MainLayout (http://localhost:5173/src/components/layout/MainLayout.jsx:33:39)
    at RenderedRoute (http://localhost:5173/node_modules/.vite/deps/react-router-dom.js?v=8563555b:4131:5)
    at Routes (http://localhost:5173/node_modules/.vite/deps/react-router-dom.js?v=8563555b:4601:5)
    at App
    at Router (http://localhost:5173/node_modules/.vite/deps/react-router-dom.js?v=8563555b:4544:15)
    at HashRouter (http://localhost:5173/node_modules/.vite/deps/react-router-dom.js?v=8563555b:5326:5) @ http://localhost:5173/node_modules/.vite/deps/chunk-NLPANMJC.js?v=8563555b:520
[   72337ms] [ERROR] Warning: Encountered two children with the same key, `%s`. Keys should be unique so that components maintain their identity across updates. Non-unique keys may cause children to be duplicated and/or omitted — the behavior is unsupported and could change in a future version.%s Makkah Al-Mukarramah 
    at div
    at section
    at div
    at HomePage (http://localhost:5173/src/features/home/HomePage.jsx:37:33)
    at RenderedRoute (http://localhost:5173/node_modules/.vite/deps/react-router-dom.js?v=8563555b:4131:5)
    at Outlet (http://localhost:5173/node_modules/.vite/deps/react-router-dom.js?v=8563555b:4537:26)
    at main
    at div
    at MainLayout (http://localhost:5173/src/components/layout/MainLayout.jsx:33:39)
    at RenderedRoute (http://localhost:5173/node_modules/.vite/deps/react-router-dom.js?v=8563555b:4131:5)
    at Routes (http://localhost:5173/node_modules/.vite/deps/react-router-dom.js?v=8563555b:4601:5)
    at App
    at Router (http://localhost:5173/node_modules/.vite/deps/react-router-dom.js?v=8563555b:4544:15)
    at HashRouter (http://localhost:5173/node_modules/.vite/deps/react-router-dom.js?v=8563555b:5326:5) @ http://localhost:5173/node_modules/.vite/deps/chunk-NLPANMJC.js?v=8563555b:520
[   72337ms] [ERROR] Warning: Encountered two children with the same key, `%s`. Keys should be unique so that components maintain their identity across updates. Non-unique keys may cause children to be duplicated and/or omitted — the behavior is unsupported and could change in a future version.%s Makkah Al-Mukarramah 
    at div
    at section
    at div
    at HomePage (http://localhost:5173/src/features/home/HomePage.jsx:37:33)
    at RenderedRoute (http://localhost:5173/node_modules/.vite/deps/react-router-dom.js?v=8563555b:4131:5)
    at Outlet (http://localhost:5173/node_modules/.vite/deps/react-router-dom.js?v=8563555b:4537:26)
    at main
    at div
    at MainLayout (http://localhost:5173/src/components/layout/MainLayout.jsx:33:39)
    at RenderedRoute (http://localhost:5173/node_modules/.vite/deps/react-router-dom.js?v=8563555b:4131:5)
    at Routes (http://localhost:5173/node_modules/.vite/deps/react-router-dom.js?v=8563555b:4601:5)
    at App
    at Router (http://localhost:5173/node_modules/.vite/deps/react-router-dom.js?v=8563555b:4544:15)
    at HashRouter (http://localhost:5173/node_modules/.vite/deps/react-router-dom.js?v=8563555b:5326:5) @ http://localhost:5173/node_modules/.vite/deps/chunk-NLPANMJC.js?v=8563555b:520
[   72355ms] [ERROR] Warning: Encountered two children with the same key, `%s`. Keys should be unique so that components maintain their identity across updates. Non-unique keys may cause children to be duplicated and/or omitted — the behavior is unsupported and could change in a future version.%s Makkah Al-Mukarramah 
    at div
    at section
    at div
    at HomePage (http://localhost:5173/src/features/home/HomePage.jsx:37:33)
    at RenderedRoute (http://localhost:5173/node_modules/.vite/deps/react-router-dom.js?v=8563555b:4131:5)
    at Outlet (http://localhost:5173/node_modules/.vite/deps/react-router-dom.js?v=8563555b:4537:26)
    at main
    at div
    at MainLayout (http://localhost:5173/src/components/layout/MainLayout.jsx:33:39)
    at RenderedRoute (http://localhost:5173/node_modules/.vite/deps/react-router-dom.js?v=8563555b:4131:5)
    at Routes (http://localhost:5173/node_modules/.vite/deps/react-router-dom.js?v=8563555b:4601:5)
    at App
    at Router (http://localhost:5173/node_modules/.vite/deps/react-router-dom.js?v=8563555b:4544:15)
    at HashRouter (http://localhost:5173/node_modules/.vite/deps/react-router-dom.js?v=8563555b:5326:5) @ http://localhost:5173/node_modules/.vite/deps/chunk-NLPANMJC.js?v=8563555b:520
[   72355ms] [ERROR] Warning: Encountered two children with the same key, `%s`. Keys should be unique so that components maintain their identity across updates. Non-unique keys may cause children to be duplicated and/or omitted — the behavior is unsupported and could change in a future version.%s Makkah Al-Mukarramah 
    at div
    at section
    at div
    at HomePage (http://localhost:5173/src/features/home/HomePage.jsx:37:33)
    at RenderedRoute (http://localhost:5173/node_modules/.vite/deps/react-router-dom.js?v=8563555b:4131:5)
    at Outlet (http://localhost:5173/node_modules/.vite/deps/react-router-dom.js?v=8563555b:4537:26)
    at main
    at div
    at MainLayout (http://localhost:5173/src/components/layout/MainLayout.jsx:33:39)
    at RenderedRoute (http://localhost:5173/node_modules/.vite/deps/react-router-dom.js?v=8563555b:4131:5)
    at Routes (http://localhost:5173/node_modules/.vite/deps/react-router-dom.js?v=8563555b:4601:5)
    at App
    at Router (http://localhost:5173/node_modules/.vite/deps/react-router-dom.js?v=8563555b:4544:15)
    at HashRouter (http://localhost:5173/node_modules/.vite/deps/react-router-dom.js?v=8563555b:5326:5) @ http://localhost:5173/node_modules/.vite/deps/chunk-NLPANMJC.js?v=8563555b:520
[   72356ms] [ERROR] Warning: Encountered two children with the same key, `%s`. Keys should be unique so that components maintain their identity across updates. Non-unique keys may cause children to be duplicated and/or omitted — the behavior is unsupported and could change in a future version.%s Makkah Al-Mukarramah 
    at div
    at section
    at div
    at HomePage (http://localhost:5173/src/features/home/HomePage.jsx:37:33)
    at RenderedRoute (http://localhost:5173/node_modules/.vite/deps/react-router-dom.js?v=8563555b:4131:5)
    at Outlet (http://localhost:5173/node_modules/.vite/deps/react-router-dom.js?v=8563555b:4537:26)
    at main
    at div
    at MainLayout (http://localhost:5173/src/components/layout/MainLayout.jsx:33:39)
    at RenderedRoute (http://localhost:5173/node_modules/.vite/deps/react-router-dom.js?v=8563555b:4131:5)
    at Routes (http://localhost:5173/node_modules/.vite/deps/react-router-dom.js?v=8563555b:4601:5)
    at App
    at Router (http://localhost:5173/node_modules/.vite/deps/react-router-dom.js?v=8563555b:4544:15)
    at HashRouter (http://localhost:5173/node_modules/.vite/deps/react-router-dom.js?v=8563555b:5326:5) @ http://localhost:5173/node_modules/.vite/deps/chunk-NLPANMJC.js?v=8563555b:520
[   72493ms] [ERROR] Warning: Encountered two children with the same key, `%s`. Keys should be unique so that components maintain their identity across updates. Non-unique keys may cause children to be duplicated and/or omitted — the behavior is unsupported and could change in a future version.%s Makkah Al-Mukarramah 
    at div
    at section
    at div
    at HomePage (http://localhost:5173/src/features/home/HomePage.jsx:37:33)
    at RenderedRoute (http://localhost:5173/node_modules/.vite/deps/react-router-dom.js?v=8563555b:4131:5)
    at Outlet (http://localhost:5173/node_modules/.vite/deps/react-router-dom.js?v=8563555b:4537:26)
    at main
    at div
    at MainLayout (http://localhost:5173/src/components/layout/MainLayout.jsx:33:39)
    at RenderedRoute (http://localhost:5173/node_modules/.vite/deps/react-router-dom.js?v=8563555b:4131:5)
    at Routes (http://localhost:5173/node_modules/.vite/deps/react-router-dom.js?v=8563555b:4601:5)
    at App
    at Router (http://localhost:5173/node_modules/.vite/deps/react-router-dom.js?v=8563555b:4544:15)
    at HashRouter (http://localhost:5173/node_modules/.vite/deps/react-router-dom.js?v=8563555b:5326:5) @ http://localhost:5173/node_modules/.vite/deps/chunk-NLPANMJC.js?v=8563555b:520
[   72493ms] [ERROR] Warning: Encountered two children with the same key, `%s`. Keys should be unique so that components maintain their identity across updates. Non-unique keys may cause children to be duplicated and/or omitted — the behavior is unsupported and could change in a future version.%s Makkah Al-Mukarramah 
    at div
    at section
    at div
    at HomePage (http://localhost:5173/src/features/home/HomePage.jsx:37:33)
    at RenderedRoute (http://localhost:5173/node_modules/.vite/deps/react-router-dom.js?v=8563555b:4131:5)
    at Outlet (http://localhost:5173/node_modules/.vite/deps/react-router-dom.js?v=8563555b:4537:26)
    at main
    at div
    at MainLayout (http://localhost:5173/src/components/layout/MainLayout.jsx:33:39)
    at RenderedRoute (http://localhost:5173/node_modules/.vite/deps/react-router-dom.js?v=8563555b:4131:5)
    at Routes (http://localhost:5173/node_modules/.vite/deps/react-router-dom.js?v=8563555b:4601:5)
    at App
    at Router (http://localhost:5173/node_modules/.vite/deps/react-router-dom.js?v=8563555b:4544:15)
    at HashRouter (http://localhost:5173/node_modules/.vite/deps/react-router-dom.js?v=8563555b:5326:5) @ http://localhost:5173/node_modules/.vite/deps/chunk-NLPANMJC.js?v=8563555b:520
[   72493ms] [ERROR] Warning: Encountered two children with the same key, `%s`. Keys should be unique so that components maintain their identity across updates. Non-unique keys may cause children to be duplicated and/or omitted — the behavior is unsupported and could change in a future version.%s Makkah Al-Mukarramah 
    at div
    at section
    at div
    at HomePage (http://localhost:5173/src/features/home/HomePage.jsx:37:33)
    at RenderedRoute (http://localhost:5173/node_modules/.vite/deps/react-router-dom.js?v=8563555b:4131:5)
    at Outlet (http://localhost:5173/node_modules/.vite/deps/react-router-dom.js?v=8563555b:4537:26)
    at main
    at div
    at MainLayout (http://localhost:5173/src/components/layout/MainLayout.jsx:33:39)
    at RenderedRoute (http://localhost:5173/node_modules/.vite/deps/react-router-dom.js?v=8563555b:4131:5)
    at Routes (http://localhost:5173/node_modules/.vite/deps/react-router-dom.js?v=8563555b:4601:5)
    at App
    at Router (http://localhost:5173/node_modules/.vite/deps/react-router-dom.js?v=8563555b:4544:15)
    at HashRouter (http://localhost:5173/node_modules/.vite/deps/react-router-dom.js?v=8563555b:5326:5) @ http://localhost:5173/node_modules/.vite/deps/chunk-NLPANMJC.js?v=8563555b:520
[   76848ms] [ERROR] Warning: Encountered two children with the same key, `%s`. Keys should be unique so that components maintain their identity across updates. Non-unique keys may cause children to be duplicated and/or omitted — the behavior is unsupported and could change in a future version.%s Makkah Al-Mukarramah 
    at div
    at section
    at div
    at HomePage (http://localhost:5173/src/features/home/HomePage.jsx:37:33)
    at RenderedRoute (http://localhost:5173/node_modules/.vite/deps/react-router-dom.js?v=8563555b:4131:5)
    at Outlet (http://localhost:5173/node_modules/.vite/deps/react-router-dom.js?v=8563555b:4537:26)
    at main
    at div
    at MainLayout (http://localhost:5173/src/components/layout/MainLayout.jsx:33:39)
    at RenderedRoute (http://localhost:5173/node_modules/.vite/deps/react-router-dom.js?v=8563555b:4131:5)
    at Routes (http://localhost:5173/node_modules/.vite/deps/react-router-dom.js?v=8563555b:4601:5)
    at App
    at Router (http://localhost:5173/node_modules/.vite/deps/react-router-dom.js?v=8563555b:4544:15)
    at HashRouter (http://localhost:5173/node_modules/.vite/deps/react-router-dom.js?v=8563555b:5326:5) @ http://localhost:5173/node_modules/.vite/deps/chunk-NLPANMJC.js?v=8563555b:520
[   76848ms] [ERROR] Warning: Encountered two children with the same key, `%s`. Keys should be unique so that components maintain their identity across updates. Non-unique keys may cause children to be duplicated and/or omitted — the behavior is unsupported and could change in a future version.%s Makkah Al-Mukarramah 
    at div
    at section
    at div
    at HomePage (http://localhost:5173/src/features/home/HomePage.jsx:37:33)
    at RenderedRoute (http://localhost:5173/node_modules/.vite/deps/react-router-dom.js?v=8563555b:4131:5)
    at Outlet (http://localhost:5173/node_modules/.vite/deps/react-router-dom.js?v=8563555b:4537:26)
    at main
    at div
    at MainLayout (http://localhost:5173/src/components/layout/MainLayout.jsx:33:39)
    at RenderedRoute (http://localhost:5173/node_modules/.vite/deps/react-router-dom.js?v=8563555b:4131:5)
    at Routes (http://localhost:5173/node_modules/.vite/deps/react-router-dom.js?v=8563555b:4601:5)
    at App
    at Router (http://localhost:5173/node_modules/.vite/deps/react-router-dom.js?v=8563555b:4544:15)
    at HashRouter (http://localhost:5173/node_modules/.vite/deps/react-router-dom.js?v=8563555b:5326:5) @ http://localhost:5173/node_modules/.vite/deps/chunk-NLPANMJC.js?v=8563555b:520
[   76849ms] [ERROR] Warning: Encountered two children with the same key, `%s`. Keys should be unique so that components maintain their identity across updates. Non-unique keys may cause children to be duplicated and/or omitted — the behavior is unsupported and could change in a future version.%s Makkah Al-Mukarramah 
    at div
    at section
    at div
    at HomePage (http://localhost:5173/src/features/home/HomePage.jsx:37:33)
    at RenderedRoute (http://localhost:5173/node_modules/.vite/deps/react-router-dom.js?v=8563555b:4131:5)
    at Outlet (http://localhost:5173/node_modules/.vite/deps/react-router-dom.js?v=8563555b:4537:26)
    at main
    at div
    at MainLayout (http://localhost:5173/src/components/layout/MainLayout.jsx:33:39)
    at RenderedRoute (http://localhost:5173/node_modules/.vite/deps/react-router-dom.js?v=8563555b:4131:5)
    at Routes (http://localhost:5173/node_modules/.vite/deps/react-router-dom.js?v=8563555b:4601:5)
    at App
    at Router (http://localhost:5173/node_modules/.vite/deps/react-router-dom.js?v=8563555b:4544:15)
    at HashRouter (http://localhost:5173/node_modules/.vite/deps/react-router-dom.js?v=8563555b:5326:5) @ http://localhost:5173/node_modules/.vite/deps/chunk-NLPANMJC.js?v=8563555b:520
[   76875ms] [ERROR] Warning: Encountered two children with the same key, `%s`. Keys should be unique so that components maintain their identity across updates. Non-unique keys may cause children to be duplicated and/or omitted — the behavior is unsupported and could change in a future version.%s Makkah Al-Mukarramah 
    at div
    at section
    at div
    at HomePage (http://localhost:5173/src/features/home/HomePage.jsx:37:33)
    at RenderedRoute (http://localhost:5173/node_modules/.vite/deps/react-router-dom.js?v=8563555b:4131:5)
    at Outlet (http://localhost:5173/node_modules/.vite/deps/react-router-dom.js?v=8563555b:4537:26)
    at main
    at div
    at MainLayout (http://localhost:5173/src/components/layout/MainLayout.jsx:33:39)
    at RenderedRoute (http://localhost:5173/node_modules/.vite/deps/react-router-dom.js?v=8563555b:4131:5)
    at Routes (http://localhost:5173/node_modules/.vite/deps/react-router-dom.js?v=8563555b:4601:5)
    at App
    at Router (http://localhost:5173/node_modules/.vite/deps/react-router-dom.js?v=8563555b:4544:15)
    at HashRouter (http://localhost:5173/node_modules/.vite/deps/react-router-dom.js?v=8563555b:5326:5) @ http://localhost:5173/node_modules/.vite/deps/chunk-NLPANMJC.js?v=8563555b:520
[   76875ms] [ERROR] Warning: Encountered two children with the same key, `%s`. Keys should be unique so that components maintain their identity across updates. Non-unique keys may cause children to be duplicated and/or omitted — the behavior is unsupported and could change in a future version.%s Makkah Al-Mukarramah 
    at div
    at section
    at div
    at HomePage (http://localhost:5173/src/features/home/HomePage.jsx:37:33)
    at RenderedRoute (http://localhost:5173/node_modules/.vite/deps/react-router-dom.js?v=8563555b:4131:5)
    at Outlet (http://localhost:5173/node_modules/.vite/deps/react-router-dom.js?v=8563555b:4537:26)
    at main
    at div
    at MainLayout (http://localhost:5173/src/components/layout/MainLayout.jsx:33:39)
    at RenderedRoute (http://localhost:5173/node_modules/.vite/deps/react-router-dom.js?v=8563555b:4131:5)
    at Routes (http://localhost:5173/node_modules/.vite/deps/react-router-dom.js?v=8563555b:4601:5)
    at App
    at Router (http://localhost:5173/node_modules/.vite/deps/react-router-dom.js?v=8563555b:4544:15)
    at HashRouter (http://localhost:5173/node_modules/.vite/deps/react-router-dom.js?v=8563555b:5326:5) @ http://localhost:5173/node_modules/.vite/deps/chunk-NLPANMJC.js?v=8563555b:520
[   76875ms] [ERROR] Warning: Encountered two children with the same key, `%s`. Keys should be unique so that components maintain their identity across updates. Non-unique keys may cause children to be duplicated and/or omitted — the behavior is unsupported and could change in a future version.%s Makkah Al-Mukarramah 
    at div
    at section
    at div
    at HomePage (http://localhost:5173/src/features/home/HomePage.jsx:37:33)
    at RenderedRoute (http://localhost:5173/node_modules/.vite/deps/react-router-dom.js?v=8563555b:4131:5)
    at Outlet (http://localhost:5173/node_modules/.vite/deps/react-router-dom.js?v=8563555b:4537:26)
    at main
    at div
    at MainLayout (http://localhost:5173/src/components/layout/MainLayout.jsx:33:39)
    at RenderedRoute (http://localhost:5173/node_modules/.vite/deps/react-router-dom.js?v=8563555b:4131:5)
    at Routes (http://localhost:5173/node_modules/.vite/deps/react-router-dom.js?v=8563555b:4601:5)
    at App
    at Router (http://localhost:5173/node_modules/.vite/deps/react-router-dom.js?v=8563555b:4544:15)
    at HashRouter (http://localhost:5173/node_modules/.vite/deps/react-router-dom.js?v=8563555b:5326:5) @ http://localhost:5173/node_modules/.vite/deps/chunk-NLPANMJC.js?v=8563555b:520
[   77021ms] [ERROR] Warning: Encountered two children with the same key, `%s`. Keys should be unique so that components maintain their identity across updates. Non-unique keys may cause children to be duplicated and/or omitted — the behavior is unsupported and could change in a future version.%s Makkah Al-Mukarramah 
    at div
    at section
    at div
    at HomePage (http://localhost:5173/src/features/home/HomePage.jsx:37:33)
    at RenderedRoute (http://localhost:5173/node_modules/.vite/deps/react-router-dom.js?v=8563555b:4131:5)
    at Outlet (http://localhost:5173/node_modules/.vite/deps/react-router-dom.js?v=8563555b:4537:26)
    at main
    at div
    at MainLayout (http://localhost:5173/src/components/layout/MainLayout.jsx:33:39)
    at RenderedRoute (http://localhost:5173/node_modules/.vite/deps/react-router-dom.js?v=8563555b:4131:5)
    at Routes (http://localhost:5173/node_modules/.vite/deps/react-router-dom.js?v=8563555b:4601:5)
    at App
    at Router (http://localhost:5173/node_modules/.vite/deps/react-router-dom.js?v=8563555b:4544:15)
    at HashRouter (http://localhost:5173/node_modules/.vite/deps/react-router-dom.js?v=8563555b:5326:5) @ http://localhost:5173/node_modules/.vite/deps/chunk-NLPANMJC.js?v=8563555b:520
[   77021ms] [ERROR] Warning: Encountered two children with the same key, `%s`. Keys should be unique so that components maintain their identity across updates. Non-unique keys may cause children to be duplicated and/or omitted — the behavior is unsupported and could change in a future version.%s Makkah Al-Mukarramah 
    at div
    at section
    at div
    at HomePage (http://localhost:5173/src/features/home/HomePage.jsx:37:33)
    at RenderedRoute (http://localhost:5173/node_modules/.vite/deps/react-router-dom.js?v=8563555b:4131:5)
    at Outlet (http://localhost:5173/node_modules/.vite/deps/react-router-dom.js?v=8563555b:4537:26)
    at main
    at div
    at MainLayout (http://localhost:5173/src/components/layout/MainLayout.jsx:33:39)
    at RenderedRoute (http://localhost:5173/node_modules/.vite/deps/react-router-dom.js?v=8563555b:4131:5)
    at Routes (http://localhost:5173/node_modules/.vite/deps/react-router-dom.js?v=8563555b:4601:5)
    at App
    at Router (http://localhost:5173/node_modules/.vite/deps/react-router-dom.js?v=8563555b:4544:15)
    at HashRouter (http://localhost:5173/node_modules/.vite/deps/react-router-dom.js?v=8563555b:5326:5) @ http://localhost:5173/node_modules/.vite/deps/chunk-NLPANMJC.js?v=8563555b:520
[   77021ms] [ERROR] Warning: Encountered two children with the same key, `%s`. Keys should be unique so that components maintain their identity across updates. Non-unique keys may cause children to be duplicated and/or omitted — the behavior is unsupported and could change in a future version.%s Makkah Al-Mukarramah 
    at div
    at section
    at div
    at HomePage (http://localhost:5173/src/features/home/HomePage.jsx:37:33)
    at RenderedRoute (http://localhost:5173/node_modules/.vite/deps/react-router-dom.js?v=8563555b:4131:5)
    at Outlet (http://localhost:5173/node_modules/.vite/deps/react-router-dom.js?v=8563555b:4537:26)
    at main
    at div
    at MainLayout (http://localhost:5173/src/components/layout/MainLayout.jsx:33:39)
    at RenderedRoute (http://localhost:5173/node_modules/.vite/deps/react-router-dom.js?v=8563555b:4131:5)
    at Routes (http://localhost:5173/node_modules/.vite/deps/react-router-dom.js?v=8563555b:4601:5)
    at App
    at Router (http://localhost:5173/node_modules/.vite/deps/react-router-dom.js?v=8563555b:4544:15)
    at HashRouter (http://localhost:5173/node_modules/.vite/deps/react-router-dom.js?v=8563555b:5326:5) @ http://localhost:5173/node_modules/.vite/deps/chunk-NLPANMJC.js?v=8563555b:520
[   77119ms] [ERROR] Warning: Encountered two children with the same key, `%s`. Keys should be unique so that components maintain their identity across updates. Non-unique keys may cause children to be duplicated and/or omitted — the behavior is unsupported and could change in a future version.%s Makkah Al-Mukarramah 
    at div
    at section
    at div
    at HomePage (http://localhost:5173/src/features/home/HomePage.jsx:37:33)
    at RenderedRoute (http://localhost:5173/node_modules/.vite/deps/react-router-dom.js?v=8563555b:4131:5)
    at Outlet (http://localhost:5173/node_modules/.vite/deps/react-router-dom.js?v=8563555b:4537:26)
    at main
    at div
    at MainLayout (http://localhost:5173/src/components/layout/MainLayout.jsx:33:39)
    at RenderedRoute (http://localhost:5173/node_modules/.vite/deps/react-router-dom.js?v=8563555b:4131:5)
    at Routes (http://localhost:5173/node_modules/.vite/deps/react-router-dom.js?v=8563555b:4601:5)
    at App
    at Router (http://localhost:5173/node_modules/.vite/deps/react-router-dom.js?v=8563555b:4544:15)
    at HashRouter (http://localhost:5173/node_modules/.vite/deps/react-router-dom.js?v=8563555b:5326:5) @ http://localhost:5173/node_modules/.vite/deps/chunk-NLPANMJC.js?v=8563555b:520
[   77120ms] [ERROR] Warning: Encountered two children with the same key, `%s`. Keys should be unique so that components maintain their identity across updates. Non-unique keys may cause children to be duplicated and/or omitted — the behavior is unsupported and could change in a future version.%s Makkah Al-Mukarramah 
    at div
    at section
    at div
    at HomePage (http://localhost:5173/src/features/home/HomePage.jsx:37:33)
    at RenderedRoute (http://localhost:5173/node_modules/.vite/deps/react-router-dom.js?v=8563555b:4131:5)
    at Outlet (http://localhost:5173/node_modules/.vite/deps/react-router-dom.js?v=8563555b:4537:26)
    at main
    at div
    at MainLayout (http://localhost:5173/src/components/layout/MainLayout.jsx:33:39)
    at RenderedRoute (http://localhost:5173/node_modules/.vite/deps/react-router-dom.js?v=8563555b:4131:5)
    at Routes (http://localhost:5173/node_modules/.vite/deps/react-router-dom.js?v=8563555b:4601:5)
    at App
    at Router (http://localhost:5173/node_modules/.vite/deps/react-router-dom.js?v=8563555b:4544:15)
    at HashRouter (http://localhost:5173/node_modules/.vite/deps/react-router-dom.js?v=8563555b:5326:5) @ http://localhost:5173/node_modules/.vite/deps/chunk-NLPANMJC.js?v=8563555b:520
[   77120ms] [ERROR] Warning: Encountered two children with the same key, `%s`. Keys should be unique so that components maintain their identity across updates. Non-unique keys may cause children to be duplicated and/or omitted — the behavior is unsupported and could change in a future version.%s Makkah Al-Mukarramah 
    at div
    at section
    at div
    at HomePage (http://localhost:5173/src/features/home/HomePage.jsx:37:33)
    at RenderedRoute (http://localhost:5173/node_modules/.vite/deps/react-router-dom.js?v=8563555b:4131:5)
    at Outlet (http://localhost:5173/node_modules/.vite/deps/react-router-dom.js?v=8563555b:4537:26)
    at main
    at div
    at MainLayout (http://localhost:5173/src/components/layout/MainLayout.jsx:33:39)
    at RenderedRoute (http://localhost:5173/node_modules/.vite/deps/react-router-dom.js?v=8563555b:4131:5)
    at Routes (http://localhost:5173/node_modules/.vite/deps/react-router-dom.js?v=8563555b:4601:5)
    at App
    at Router (http://localhost:5173/node_modules/.vite/deps/react-router-dom.js?v=8563555b:4544:15)
    at HashRouter (http://localhost:5173/node_modules/.vite/deps/react-router-dom.js?v=8563555b:5326:5) @ http://localhost:5173/node_modules/.vite/deps/chunk-NLPANMJC.js?v=8563555b:520
[   77167ms] [ERROR] Warning: Encountered two children with the same key, `%s`. Keys should be unique so that components maintain their identity across updates. Non-unique keys may cause children to be duplicated and/or omitted — the behavior is unsupported and could change in a future version.%s Makkah Al-Mukarramah 
    at div
    at section
    at div
    at HomePage (http://localhost:5173/src/features/home/HomePage.jsx:37:33)
    at RenderedRoute (http://localhost:5173/node_modules/.vite/deps/react-router-dom.js?v=8563555b:4131:5)
    at Outlet (http://localhost:5173/node_modules/.vite/deps/react-router-dom.js?v=8563555b:4537:26)
    at main
    at div
    at MainLayout (http://localhost:5173/src/components/layout/MainLayout.jsx:33:39)
    at RenderedRoute (http://localhost:5173/node_modules/.vite/deps/react-router-dom.js?v=8563555b:4131:5)
    at Routes (http://localhost:5173/node_modules/.vite/deps/react-router-dom.js?v=8563555b:4601:5)
    at App
    at Router (http://localhost:5173/node_modules/.vite/deps/react-router-dom.js?v=8563555b:4544:15)
    at HashRouter (http://localhost:5173/node_modules/.vite/deps/react-router-dom.js?v=8563555b:5326:5) @ http://localhost:5173/node_modules/.vite/deps/chunk-NLPANMJC.js?v=8563555b:520
[   77167ms] [ERROR] Warning: Encountered two children with the same key, `%s`. Keys should be unique so that components maintain their identity across updates. Non-unique keys may cause children to be duplicated and/or omitted — the behavior is unsupported and could change in a future version.%s Makkah Al-Mukarramah 
    at div
    at section
    at div
    at HomePage (http://localhost:5173/src/features/home/HomePage.jsx:37:33)
    at RenderedRoute (http://localhost:5173/node_modules/.vite/deps/react-router-dom.js?v=8563555b:4131:5)
    at Outlet (http://localhost:5173/node_modules/.vite/deps/react-router-dom.js?v=8563555b:4537:26)
    at main
    at div
    at MainLayout (http://localhost:5173/src/components/layout/MainLayout.jsx:33:39)
    at RenderedRoute (http://localhost:5173/node_modules/.vite/deps/react-router-dom.js?v=8563555b:4131:5)
    at Routes (http://localhost:5173/node_modules/.vite/deps/react-router-dom.js?v=8563555b:4601:5)
    at App
    at Router (http://localhost:5173/node_modules/.vite/deps/react-router-dom.js?v=8563555b:4544:15)
    at HashRouter (http://localhost:5173/node_modules/.vite/deps/react-router-dom.js?v=8563555b:5326:5) @ http://localhost:5173/node_modules/.vite/deps/chunk-NLPANMJC.js?v=8563555b:520
[   77167ms] [ERROR] Warning: Encountered two children with the same key, `%s`. Keys should be unique so that components maintain their identity across updates. Non-unique keys may cause children to be duplicated and/or omitted — the behavior is unsupported and could change in a future version.%s Makkah Al-Mukarramah 
    at div
    at section
    at div
    at HomePage (http://localhost:5173/src/features/home/HomePage.jsx:37:33)
    at RenderedRoute (http://localhost:5173/node_modules/.vite/deps/react-router-dom.js?v=8563555b:4131:5)
    at Outlet (http://localhost:5173/node_modules/.vite/deps/react-router-dom.js?v=8563555b:4537:26)
    at main
    at div
    at MainLayout (http://localhost:5173/src/components/layout/MainLayout.jsx:33:39)
    at RenderedRoute (http://localhost:5173/node_modules/.vite/deps/react-router-dom.js?v=8563555b:4131:5)
    at Routes (http://localhost:5173/node_modules/.vite/deps/react-router-dom.js?v=8563555b:4601:5)
    at App
    at Router (http://localhost:5173/node_modules/.vite/deps/react-router-dom.js?v=8563555b:4544:15)
    at HashRouter (http://localhost:5173/node_modules/.vite/deps/react-router-dom.js?v=8563555b:5326:5) @ http://localhost:5173/node_modules/.vite/deps/chunk-NLPANMJC.js?v=8563555b:520
[   77236ms] [ERROR] Warning: Encountered two children with the same key, `%s`. Keys should be unique so that components maintain their identity across updates. Non-unique keys may cause children to be duplicated and/or omitted — the behavior is unsupported and could change in a future version.%s Makkah Al-Mukarramah 
    at div
    at section
    at div
    at HomePage (http://localhost:5173/src/features/home/HomePage.jsx:37:33)
    at RenderedRoute (http://localhost:5173/node_modules/.vite/deps/react-router-dom.js?v=8563555b:4131:5)
    at Outlet (http://localhost:5173/node_modules/.vite/deps/react-router-dom.js?v=8563555b:4537:26)
    at main
    at div
    at MainLayout (http://localhost:5173/src/components/layout/MainLayout.jsx:33:39)
    at RenderedRoute (http://localhost:5173/node_modules/.vite/deps/react-router-dom.js?v=8563555b:4131:5)
    at Routes (http://localhost:5173/node_modules/.vite/deps/react-router-dom.js?v=8563555b:4601:5)
    at App
    at Router (http://localhost:5173/node_modules/.vite/deps/react-router-dom.js?v=8563555b:4544:15)
    at HashRouter (http://localhost:5173/node_modules/.vite/deps/react-router-dom.js?v=8563555b:5326:5) @ http://localhost:5173/node_modules/.vite/deps/chunk-NLPANMJC.js?v=8563555b:520
[   77237ms] [ERROR] Warning: Encountered two children with the same key, `%s`. Keys should be unique so that components maintain their identity across updates. Non-unique keys may cause children to be duplicated and/or omitted — the behavior is unsupported and could change in a future version.%s Makkah Al-Mukarramah 
    at div
    at section
    at div
    at HomePage (http://localhost:5173/src/features/home/HomePage.jsx:37:33)
    at RenderedRoute (http://localhost:5173/node_modules/.vite/deps/react-router-dom.js?v=8563555b:4131:5)
    at Outlet (http://localhost:5173/node_modules/.vite/deps/react-router-dom.js?v=8563555b:4537:26)
    at main
    at div
    at MainLayout (http://localhost:5173/src/components/layout/MainLayout.jsx:33:39)
    at RenderedRoute (http://localhost:5173/node_modules/.vite/deps/react-router-dom.js?v=8563555b:4131:5)
    at Routes (http://localhost:5173/node_modules/.vite/deps/react-router-dom.js?v=8563555b:4601:5)
    at App
    at Router (http://localhost:5173/node_modules/.vite/deps/react-router-dom.js?v=8563555b:4544:15)
    at HashRouter (http://localhost:5173/node_modules/.vite/deps/react-router-dom.js?v=8563555b:5326:5) @ http://localhost:5173/node_modules/.vite/deps/chunk-NLPANMJC.js?v=8563555b:520
[   77237ms] [ERROR] Warning: Encountered two children with the same key, `%s`. Keys should be unique so that components maintain their identity across updates. Non-unique keys may cause children to be duplicated and/or omitted — the behavior is unsupported and could change in a future version.%s Makkah Al-Mukarramah 
    at div
    at section
    at div
    at HomePage (http://localhost:5173/src/features/home/HomePage.jsx:37:33)
    at RenderedRoute (http://localhost:5173/node_modules/.vite/deps/react-router-dom.js?v=8563555b:4131:5)
    at Outlet (http://localhost:5173/node_modules/.vite/deps/react-router-dom.js?v=8563555b:4537:26)
    at main
    at div
    at MainLayout (http://localhost:5173/src/components/layout/MainLayout.jsx:33:39)
    at RenderedRoute (http://localhost:5173/node_modules/.vite/deps/react-router-dom.js?v=8563555b:4131:5)
    at Routes (http://localhost:5173/node_modules/.vite/deps/react-router-dom.js?v=8563555b:4601:5)
    at App
    at Router (http://localhost:5173/node_modules/.vite/deps/react-router-dom.js?v=8563555b:4544:15)
    at HashRouter (http://localhost:5173/node_modules/.vite/deps/react-router-dom.js?v=8563555b:5326:5) @ http://localhost:5173/node_modules/.vite/deps/chunk-NLPANMJC.js?v=8563555b:520
[   77349ms] [ERROR] Warning: Encountered two children with the same key, `%s`. Keys should be unique so that components maintain their identity across updates. Non-unique keys may cause children to be duplicated and/or omitted — the behavior is unsupported and could change in a future version.%s Makkah Al-Mukarramah 
    at div
    at section
    at div
    at HomePage (http://localhost:5173/src/features/home/HomePage.jsx:37:33)
    at RenderedRoute (http://localhost:5173/node_modules/.vite/deps/react-router-dom.js?v=8563555b:4131:5)
    at Outlet (http://localhost:5173/node_modules/.vite/deps/react-router-dom.js?v=8563555b:4537:26)
    at main
    at div
    at MainLayout (http://localhost:5173/src/components/layout/MainLayout.jsx:33:39)
    at RenderedRoute (http://localhost:5173/node_modules/.vite/deps/react-router-dom.js?v=8563555b:4131:5)
    at Routes (http://localhost:5173/node_modules/.vite/deps/react-router-dom.js?v=8563555b:4601:5)
    at App
    at Router (http://localhost:5173/node_modules/.vite/deps/react-router-dom.js?v=8563555b:4544:15)
    at HashRouter (http://localhost:5173/node_modules/.vite/deps/react-router-dom.js?v=8563555b:5326:5) @ http://localhost:5173/node_modules/.vite/deps/chunk-NLPANMJC.js?v=8563555b:520
[   77349ms] [ERROR] Warning: Encountered two children with the same key, `%s`. Keys should be unique so that components maintain their identity across updates. Non-unique keys may cause children to be duplicated and/or omitted — the behavior is unsupported and could change in a future version.%s Makkah Al-Mukarramah 
    at div
    at section
    at div
    at HomePage (http://localhost:5173/src/features/home/HomePage.jsx:37:33)
    at RenderedRoute (http://localhost:5173/node_modules/.vite/deps/react-router-dom.js?v=8563555b:4131:5)
    at Outlet (http://localhost:5173/node_modules/.vite/deps/react-router-dom.js?v=8563555b:4537:26)
    at main
    at div
    at MainLayout (http://localhost:5173/src/components/layout/MainLayout.jsx:33:39)
    at RenderedRoute (http://localhost:5173/node_modules/.vite/deps/react-router-dom.js?v=8563555b:4131:5)
    at Routes (http://localhost:5173/node_modules/.vite/deps/react-router-dom.js?v=8563555b:4601:5)
    at App
    at Router (http://localhost:5173/node_modules/.vite/deps/react-router-dom.js?v=8563555b:4544:15)
    at HashRouter (http://localhost:5173/node_modules/.vite/deps/react-router-dom.js?v=8563555b:5326:5) @ http://localhost:5173/node_modules/.vite/deps/chunk-NLPANMJC.js?v=8563555b:520
[   77349ms] [ERROR] Warning: Encountered two children with the same key, `%s`. Keys should be unique so that components maintain their identity across updates. Non-unique keys may cause children to be duplicated and/or omitted — the behavior is unsupported and could change in a future version.%s Makkah Al-Mukarramah 
    at div
    at section
    at div
    at HomePage (http://localhost:5173/src/features/home/HomePage.jsx:37:33)
    at RenderedRoute (http://localhost:5173/node_modules/.vite/deps/react-router-dom.js?v=8563555b:4131:5)
    at Outlet (http://localhost:5173/node_modules/.vite/deps/react-router-dom.js?v=8563555b:4537:26)
    at main
    at div
    at MainLayout (http://localhost:5173/src/components/layout/MainLayout.jsx:33:39)
    at RenderedRoute (http://localhost:5173/node_modules/.vite/deps/react-router-dom.js?v=8563555b:4131:5)
    at Routes (http://localhost:5173/node_modules/.vite/deps/react-router-dom.js?v=8563555b:4601:5)
    at App
    at Router (http://localhost:5173/node_modules/.vite/deps/react-router-dom.js?v=8563555b:4544:15)
    at HashRouter (http://localhost:5173/node_modules/.vite/deps/react-router-dom.js?v=8563555b:5326:5) @ http://localhost:5173/node_modules/.vite/deps/chunk-NLPANMJC.js?v=8563555b:520
[   77627ms] [ERROR] Warning: Encountered two children with the same key, `%s`. Keys should be unique so that components maintain their identity across updates. Non-unique keys may cause children to be duplicated and/or omitted — the behavior is unsupported and could change in a future version.%s Makkah Al-Mukarramah 
    at div
    at section
    at div
    at HomePage (http://localhost:5173/src/features/home/HomePage.jsx:37:33)
    at RenderedRoute (http://localhost:5173/node_modules/.vite/deps/react-router-dom.js?v=8563555b:4131:5)
    at Outlet (http://localhost:5173/node_modules/.vite/deps/react-router-dom.js?v=8563555b:4537:26)
    at main
    at div
    at MainLayout (http://localhost:5173/src/components/layout/MainLayout.jsx:33:39)
    at RenderedRoute (http://localhost:5173/node_modules/.vite/deps/react-router-dom.js?v=8563555b:4131:5)
    at Routes (http://localhost:5173/node_modules/.vite/deps/react-router-dom.js?v=8563555b:4601:5)
    at App
    at Router (http://localhost:5173/node_modules/.vite/deps/react-router-dom.js?v=8563555b:4544:15)
    at HashRouter (http://localhost:5173/node_modules/.vite/deps/react-router-dom.js?v=8563555b:5326:5) @ http://localhost:5173/node_modules/.vite/deps/chunk-NLPANMJC.js?v=8563555b:520
[   77628ms] [ERROR] Warning: Encountered two children with the same key, `%s`. Keys should be unique so that components maintain their identity across updates. Non-unique keys may cause children to be duplicated and/or omitted — the behavior is unsupported and could change in a future version.%s Makkah Al-Mukarramah 
    at div
    at section
    at div
    at HomePage (http://localhost:5173/src/features/home/HomePage.jsx:37:33)
    at RenderedRoute (http://localhost:5173/node_modules/.vite/deps/react-router-dom.js?v=8563555b:4131:5)
    at Outlet (http://localhost:5173/node_modules/.vite/deps/react-router-dom.js?v=8563555b:4537:26)
    at main
    at div
    at MainLayout (http://localhost:5173/src/components/layout/MainLayout.jsx:33:39)
    at RenderedRoute (http://localhost:5173/node_modules/.vite/deps/react-router-dom.js?v=8563555b:4131:5)
    at Routes (http://localhost:5173/node_modules/.vite/deps/react-router-dom.js?v=8563555b:4601:5)
    at App
    at Router (http://localhost:5173/node_modules/.vite/deps/react-router-dom.js?v=8563555b:4544:15)
    at HashRouter (http://localhost:5173/node_modules/.vite/deps/react-router-dom.js?v=8563555b:5326:5) @ http://localhost:5173/node_modules/.vite/deps/chunk-NLPANMJC.js?v=8563555b:520
[   77628ms] [ERROR] Warning: Encountered two children with the same key, `%s`. Keys should be unique so that components maintain their identity across updates. Non-unique keys may cause children to be duplicated and/or omitted — the behavior is unsupported and could change in a future version.%s Makkah Al-Mukarramah 
    at div
    at section
    at div
    at HomePage (http://localhost:5173/src/features/home/HomePage.jsx:37:33)
    at RenderedRoute (http://localhost:5173/node_modules/.vite/deps/react-router-dom.js?v=8563555b:4131:5)
    at Outlet (http://localhost:5173/node_modules/.vite/deps/react-router-dom.js?v=8563555b:4537:26)
    at main
    at div
    at MainLayout (http://localhost:5173/src/components/layout/MainLayout.jsx:33:39)
    at RenderedRoute (http://localhost:5173/node_modules/.vite/deps/react-router-dom.js?v=8563555b:4131:5)
    at Routes (http://localhost:5173/node_modules/.vite/deps/react-router-dom.js?v=8563555b:4601:5)
    at App
    at Router (http://localhost:5173/node_modules/.vite/deps/react-router-dom.js?v=8563555b:4544:15)
    at HashRouter (http://localhost:5173/node_modules/.vite/deps/react-router-dom.js?v=8563555b:5326:5) @ http://localhost:5173/node_modules/.vite/deps/chunk-NLPANMJC.js?v=8563555b:520
[   81333ms] [ERROR] Warning: Encountered two children with the same key, `%s`. Keys should be unique so that components maintain their identity across updates. Non-unique keys may cause children to be duplicated and/or omitted — the behavior is unsupported and could change in a future version.%s Makkah Al-Mukarramah 
    at div
    at section
    at div
    at HomePage (http://localhost:5173/src/features/home/HomePage.jsx:37:33)
    at RenderedRoute (http://localhost:5173/node_modules/.vite/deps/react-router-dom.js?v=8563555b:4131:5)
    at Outlet (http://localhost:5173/node_modules/.vite/deps/react-router-dom.js?v=8563555b:4537:26)
    at main
    at div
    at MainLayout (http://localhost:5173/src/components/layout/MainLayout.jsx:33:39)
    at RenderedRoute (http://localhost:5173/node_modules/.vite/deps/react-router-dom.js?v=8563555b:4131:5)
    at Routes (http://localhost:5173/node_modules/.vite/deps/react-router-dom.js?v=8563555b:4601:5)
    at App
    at Router (http://localhost:5173/node_modules/.vite/deps/react-router-dom.js?v=8563555b:4544:15)
    at HashRouter (http://localhost:5173/node_modules/.vite/deps/react-router-dom.js?v=8563555b:5326:5) @ http://localhost:5173/node_modules/.vite/deps/chunk-NLPANMJC.js?v=8563555b:520
[   81333ms] [ERROR] Warning: Encountered two children with the same key, `%s`. Keys should be unique so that components maintain their identity across updates. Non-unique keys may cause children to be duplicated and/or omitted — the behavior is unsupported and could change in a future version.%s Makkah Al-Mukarramah 
    at div
    at section
    at div
    at HomePage (http://localhost:5173/src/features/home/HomePage.jsx:37:33)
    at RenderedRoute (http://localhost:5173/node_modules/.vite/deps/react-router-dom.js?v=8563555b:4131:5)
    at Outlet (http://localhost:5173/node_modules/.vite/deps/react-router-dom.js?v=8563555b:4537:26)
    at main
    at div
    at MainLayout (http://localhost:5173/src/components/layout/MainLayout.jsx:33:39)
    at RenderedRoute (http://localhost:5173/node_modules/.vite/deps/react-router-dom.js?v=8563555b:4131:5)
    at Routes (http://localhost:5173/node_modules/.vite/deps/react-router-dom.js?v=8563555b:4601:5)
    at App
    at Router (http://localhost:5173/node_modules/.vite/deps/react-router-dom.js?v=8563555b:4544:15)
    at HashRouter (http://localhost:5173/node_modules/.vite/deps/react-router-dom.js?v=8563555b:5326:5) @ http://localhost:5173/node_modules/.vite/deps/chunk-NLPANMJC.js?v=8563555b:520
[   81333ms] [ERROR] Warning: Encountered two children with the same key, `%s`. Keys should be unique so that components maintain their identity across updates. Non-unique keys may cause children to be duplicated and/or omitted — the behavior is unsupported and could change in a future version.%s Makkah Al-Mukarramah 
    at div
    at section
    at div
    at HomePage (http://localhost:5173/src/features/home/HomePage.jsx:37:33)
    at RenderedRoute (http://localhost:5173/node_modules/.vite/deps/react-router-dom.js?v=8563555b:4131:5)
    at Outlet (http://localhost:5173/node_modules/.vite/deps/react-router-dom.js?v=8563555b:4537:26)
    at main
    at div
    at MainLayout (http://localhost:5173/src/components/layout/MainLayout.jsx:33:39)
    at RenderedRoute (http://localhost:5173/node_modules/.vite/deps/react-router-dom.js?v=8563555b:4131:5)
    at Routes (http://localhost:5173/node_modules/.vite/deps/react-router-dom.js?v=8563555b:4601:5)
    at App
    at Router (http://localhost:5173/node_modules/.vite/deps/react-router-dom.js?v=8563555b:4544:15)
    at HashRouter (http://localhost:5173/node_modules/.vite/deps/react-router-dom.js?v=8563555b:5326:5) @ http://localhost:5173/node_modules/.vite/deps/chunk-NLPANMJC.js?v=8563555b:520
[   81356ms] [ERROR] Warning: Encountered two children with the same key, `%s`. Keys should be unique so that components maintain their identity across updates. Non-unique keys may cause children to be duplicated and/or omitted — the behavior is unsupported and could change in a future version.%s Makkah Al-Mukarramah 
    at div
    at section
    at div
    at HomePage (http://localhost:5173/src/features/home/HomePage.jsx:37:33)
    at RenderedRoute (http://localhost:5173/node_modules/.vite/deps/react-router-dom.js?v=8563555b:4131:5)
    at Outlet (http://localhost:5173/node_modules/.vite/deps/react-router-dom.js?v=8563555b:4537:26)
    at main
    at div
    at MainLayout (http://localhost:5173/src/components/layout/MainLayout.jsx:33:39)
    at RenderedRoute (http://localhost:5173/node_modules/.vite/deps/react-router-dom.js?v=8563555b:4131:5)
    at Routes (http://localhost:5173/node_modules/.vite/deps/react-router-dom.js?v=8563555b:4601:5)
    at App
    at Router (http://localhost:5173/node_modules/.vite/deps/react-router-dom.js?v=8563555b:4544:15)
    at HashRouter (http://localhost:5173/node_modules/.vite/deps/react-router-dom.js?v=8563555b:5326:5) @ http://localhost:5173/node_modules/.vite/deps/chunk-NLPANMJC.js?v=8563555b:520
[   81356ms] [ERROR] Warning: Encountered two children with the same key, `%s`. Keys should be unique so that components maintain their identity across updates. Non-unique keys may cause children to be duplicated and/or omitted — the behavior is unsupported and could change in a future version.%s Makkah Al-Mukarramah 
    at div
    at section
    at div
    at HomePage (http://localhost:5173/src/features/home/HomePage.jsx:37:33)
    at RenderedRoute (http://localhost:5173/node_modules/.vite/deps/react-router-dom.js?v=8563555b:4131:5)
    at Outlet (http://localhost:5173/node_modules/.vite/deps/react-router-dom.js?v=8563555b:4537:26)
    at main
    at div
    at MainLayout (http://localhost:5173/src/components/layout/MainLayout.jsx:33:39)
    at RenderedRoute (http://localhost:5173/node_modules/.vite/deps/react-router-dom.js?v=8563555b:4131:5)
    at Routes (http://localhost:5173/node_modules/.vite/deps/react-router-dom.js?v=8563555b:4601:5)
    at App
    at Router (http://localhost:5173/node_modules/.vite/deps/react-router-dom.js?v=8563555b:4544:15)
    at HashRouter (http://localhost:5173/node_modules/.vite/deps/react-router-dom.js?v=8563555b:5326:5) @ http://localhost:5173/node_modules/.vite/deps/chunk-NLPANMJC.js?v=8563555b:520
[   81356ms] [ERROR] Warning: Encountered two children with the same key, `%s`. Keys should be unique so that components maintain their identity across updates. Non-unique keys may cause children to be duplicated and/or omitted — the behavior is unsupported and could change in a future version.%s Makkah Al-Mukarramah 
    at div
    at section
    at div
    at HomePage (http://localhost:5173/src/features/home/HomePage.jsx:37:33)
    at RenderedRoute (http://localhost:5173/node_modules/.vite/deps/react-router-dom.js?v=8563555b:4131:5)
    at Outlet (http://localhost:5173/node_modules/.vite/deps/react-router-dom.js?v=8563555b:4537:26)
    at main
    at div
    at MainLayout (http://localhost:5173/src/components/layout/MainLayout.jsx:33:39)
    at RenderedRoute (http://localhost:5173/node_modules/.vite/deps/react-router-dom.js?v=8563555b:4131:5)
    at Routes (http://localhost:5173/node_modules/.vite/deps/react-router-dom.js?v=8563555b:4601:5)
    at App
    at Router (http://localhost:5173/node_modules/.vite/deps/react-router-dom.js?v=8563555b:4544:15)
    at HashRouter (http://localhost:5173/node_modules/.vite/deps/react-router-dom.js?v=8563555b:5326:5) @ http://localhost:5173/node_modules/.vite/deps/chunk-NLPANMJC.js?v=8563555b:520
[   81473ms] [ERROR] Warning: Encountered two children with the same key, `%s`. Keys should be unique so that components maintain their identity across updates. Non-unique keys may cause children to be duplicated and/or omitted — the behavior is unsupported and could change in a future version.%s Makkah Al-Mukarramah 
    at div
    at section
    at div
    at HomePage (http://localhost:5173/src/features/home/HomePage.jsx:37:33)
    at RenderedRoute (http://localhost:5173/node_modules/.vite/deps/react-router-dom.js?v=8563555b:4131:5)
    at Outlet (http://localhost:5173/node_modules/.vite/deps/react-router-dom.js?v=8563555b:4537:26)
    at main
    at div
    at MainLayout (http://localhost:5173/src/components/layout/MainLayout.jsx:33:39)
    at RenderedRoute (http://localhost:5173/node_modules/.vite/deps/react-router-dom.js?v=8563555b:4131:5)
    at Routes (http://localhost:5173/node_modules/.vite/deps/react-router-dom.js?v=8563555b:4601:5)
    at App
    at Router (http://localhost:5173/node_modules/.vite/deps/react-router-dom.js?v=8563555b:4544:15)
    at HashRouter (http://localhost:5173/node_modules/.vite/deps/react-router-dom.js?v=8563555b:5326:5) @ http://localhost:5173/node_modules/.vite/deps/chunk-NLPANMJC.js?v=8563555b:520
[   81473ms] [ERROR] Warning: Encountered two children with the same key, `%s`. Keys should be unique so that components maintain their identity across updates. Non-unique keys may cause children to be duplicated and/or omitted — the behavior is unsupported and could change in a future version.%s Makkah Al-Mukarramah 
    at div
    at section
    at div
    at HomePage (http://localhost:5173/src/features/home/HomePage.jsx:37:33)
    at RenderedRoute (http://localhost:5173/node_modules/.vite/deps/react-router-dom.js?v=8563555b:4131:5)
    at Outlet (http://localhost:5173/node_modules/.vite/deps/react-router-dom.js?v=8563555b:4537:26)
    at main
    at div
    at MainLayout (http://localhost:5173/src/components/layout/MainLayout.jsx:33:39)
    at RenderedRoute (http://localhost:5173/node_modules/.vite/deps/react-router-dom.js?v=8563555b:4131:5)
    at Routes (http://localhost:5173/node_modules/.vite/deps/react-router-dom.js?v=8563555b:4601:5)
    at App
    at Router (http://localhost:5173/node_modules/.vite/deps/react-router-dom.js?v=8563555b:4544:15)
    at HashRouter (http://localhost:5173/node_modules/.vite/deps/react-router-dom.js?v=8563555b:5326:5) @ http://localhost:5173/node_modules/.vite/deps/chunk-NLPANMJC.js?v=8563555b:520
[   81473ms] [ERROR] Warning: Encountered two children with the same key, `%s`. Keys should be unique so that components maintain their identity across updates. Non-unique keys may cause children to be duplicated and/or omitted — the behavior is unsupported and could change in a future version.%s Makkah Al-Mukarramah 
    at div
    at section
    at div
    at HomePage (http://localhost:5173/src/features/home/HomePage.jsx:37:33)
    at RenderedRoute (http://localhost:5173/node_modules/.vite/deps/react-router-dom.js?v=8563555b:4131:5)
    at Outlet (http://localhost:5173/node_modules/.vite/deps/react-router-dom.js?v=8563555b:4537:26)
    at main
    at div
    at MainLayout (http://localhost:5173/src/components/layout/MainLayout.jsx:33:39)
    at RenderedRoute (http://localhost:5173/node_modules/.vite/deps/react-router-dom.js?v=8563555b:4131:5)
    at Routes (http://localhost:5173/node_modules/.vite/deps/react-router-dom.js?v=8563555b:4601:5)
    at App
    at Router (http://localhost:5173/node_modules/.vite/deps/react-router-dom.js?v=8563555b:4544:15)
    at HashRouter (http://localhost:5173/node_modules/.vite/deps/react-router-dom.js?v=8563555b:5326:5) @ http://localhost:5173/node_modules/.vite/deps/chunk-NLPANMJC.js?v=8563555b:520
[   85841ms] [ERROR] Warning: Encountered two children with the same key, `%s`. Keys should be unique so that components maintain their identity across updates. Non-unique keys may cause children to be duplicated and/or omitted — the behavior is unsupported and could change in a future version.%s Makkah Al-Mukarramah 
    at div
    at section
    at div
    at HomePage (http://localhost:5173/src/features/home/HomePage.jsx:37:33)
    at RenderedRoute (http://localhost:5173/node_modules/.vite/deps/react-router-dom.js?v=8563555b:4131:5)
    at Outlet (http://localhost:5173/node_modules/.vite/deps/react-router-dom.js?v=8563555b:4537:26)
    at main
    at div
    at MainLayout (http://localhost:5173/src/components/layout/MainLayout.jsx:33:39)
    at RenderedRoute (http://localhost:5173/node_modules/.vite/deps/react-router-dom.js?v=8563555b:4131:5)
    at Routes (http://localhost:5173/node_modules/.vite/deps/react-router-dom.js?v=8563555b:4601:5)
    at App
    at Router (http://localhost:5173/node_modules/.vite/deps/react-router-dom.js?v=8563555b:4544:15)
    at HashRouter (http://localhost:5173/node_modules/.vite/deps/react-router-dom.js?v=8563555b:5326:5) @ http://localhost:5173/node_modules/.vite/deps/chunk-NLPANMJC.js?v=8563555b:520
[   85841ms] [ERROR] Warning: Encountered two children with the same key, `%s`. Keys should be unique so that components maintain their identity across updates. Non-unique keys may cause children to be duplicated and/or omitted — the behavior is unsupported and could change in a future version.%s Makkah Al-Mukarramah 
    at div
    at section
    at div
    at HomePage (http://localhost:5173/src/features/home/HomePage.jsx:37:33)
    at RenderedRoute (http://localhost:5173/node_modules/.vite/deps/react-router-dom.js?v=8563555b:4131:5)
    at Outlet (http://localhost:5173/node_modules/.vite/deps/react-router-dom.js?v=8563555b:4537:26)
    at main
    at div
    at MainLayout (http://localhost:5173/src/components/layout/MainLayout.jsx:33:39)
    at RenderedRoute (http://localhost:5173/node_modules/.vite/deps/react-router-dom.js?v=8563555b:4131:5)
    at Routes (http://localhost:5173/node_modules/.vite/deps/react-router-dom.js?v=8563555b:4601:5)
    at App
    at Router (http://localhost:5173/node_modules/.vite/deps/react-router-dom.js?v=8563555b:4544:15)
    at HashRouter (http://localhost:5173/node_modules/.vite/deps/react-router-dom.js?v=8563555b:5326:5) @ http://localhost:5173/node_modules/.vite/deps/chunk-NLPANMJC.js?v=8563555b:520
[   85842ms] [ERROR] Warning: Encountered two children with the same key, `%s`. Keys should be unique so that components maintain their identity across updates. Non-unique keys may cause children to be duplicated and/or omitted — the behavior is unsupported and could change in a future version.%s Makkah Al-Mukarramah 
    at div
    at section
    at div
    at HomePage (http://localhost:5173/src/features/home/HomePage.jsx:37:33)
    at RenderedRoute (http://localhost:5173/node_modules/.vite/deps/react-router-dom.js?v=8563555b:4131:5)
    at Outlet (http://localhost:5173/node_modules/.vite/deps/react-router-dom.js?v=8563555b:4537:26)
    at main
    at div
    at MainLayout (http://localhost:5173/src/components/layout/MainLayout.jsx:33:39)
    at RenderedRoute (http://localhost:5173/node_modules/.vite/deps/react-router-dom.js?v=8563555b:4131:5)
    at Routes (http://localhost:5173/node_modules/.vite/deps/react-router-dom.js?v=8563555b:4601:5)
    at App
    at Router (http://localhost:5173/node_modules/.vite/deps/react-router-dom.js?v=8563555b:4544:15)
    at HashRouter (http://localhost:5173/node_modules/.vite/deps/react-router-dom.js?v=8563555b:5326:5) @ http://localhost:5173/node_modules/.vite/deps/chunk-NLPANMJC.js?v=8563555b:520
[   85870ms] [ERROR] Warning: Encountered two children with the same key, `%s`. Keys should be unique so that components maintain their identity across updates. Non-unique keys may cause children to be duplicated and/or omitted — the behavior is unsupported and could change in a future version.%s Makkah Al-Mukarramah 
    at div
    at section
    at div
    at HomePage (http://localhost:5173/src/features/home/HomePage.jsx:37:33)
    at RenderedRoute (http://localhost:5173/node_modules/.vite/deps/react-router-dom.js?v=8563555b:4131:5)
    at Outlet (http://localhost:5173/node_modules/.vite/deps/react-router-dom.js?v=8563555b:4537:26)
    at main
    at div
    at MainLayout (http://localhost:5173/src/components/layout/MainLayout.jsx:33:39)
    at RenderedRoute (http://localhost:5173/node_modules/.vite/deps/react-router-dom.js?v=8563555b:4131:5)
    at Routes (http://localhost:5173/node_modules/.vite/deps/react-router-dom.js?v=8563555b:4601:5)
    at App
    at Router (http://localhost:5173/node_modules/.vite/deps/react-router-dom.js?v=8563555b:4544:15)
    at HashRouter (http://localhost:5173/node_modules/.vite/deps/react-router-dom.js?v=8563555b:5326:5) @ http://localhost:5173/node_modules/.vite/deps/chunk-NLPANMJC.js?v=8563555b:520
[   85870ms] [ERROR] Warning: Encountered two children with the same key, `%s`. Keys should be unique so that components maintain their identity across updates. Non-unique keys may cause children to be duplicated and/or omitted — the behavior is unsupported and could change in a future version.%s Makkah Al-Mukarramah 
    at div
    at section
    at div
    at HomePage (http://localhost:5173/src/features/home/HomePage.jsx:37:33)
    at RenderedRoute (http://localhost:5173/node_modules/.vite/deps/react-router-dom.js?v=8563555b:4131:5)
    at Outlet (http://localhost:5173/node_modules/.vite/deps/react-router-dom.js?v=8563555b:4537:26)
    at main
    at div
    at MainLayout (http://localhost:5173/src/components/layout/MainLayout.jsx:33:39)
    at RenderedRoute (http://localhost:5173/node_modules/.vite/deps/react-router-dom.js?v=8563555b:4131:5)
    at Routes (http://localhost:5173/node_modules/.vite/deps/react-router-dom.js?v=8563555b:4601:5)
    at App
    at Router (http://localhost:5173/node_modules/.vite/deps/react-router-dom.js?v=8563555b:4544:15)
    at HashRouter (http://localhost:5173/node_modules/.vite/deps/react-router-dom.js?v=8563555b:5326:5) @ http://localhost:5173/node_modules/.vite/deps/chunk-NLPANMJC.js?v=8563555b:520
[   85871ms] [ERROR] Warning: Encountered two children with the same key, `%s`. Keys should be unique so that components maintain their identity across updates. Non-unique keys may cause children to be duplicated and/or omitted — the behavior is unsupported and could change in a future version.%s Makkah Al-Mukarramah 
    at div
    at section
    at div
    at HomePage (http://localhost:5173/src/features/home/HomePage.jsx:37:33)
    at RenderedRoute (http://localhost:5173/node_modules/.vite/deps/react-router-dom.js?v=8563555b:4131:5)
    at Outlet (http://localhost:5173/node_modules/.vite/deps/react-router-dom.js?v=8563555b:4537:26)
    at main
    at div
    at MainLayout (http://localhost:5173/src/components/layout/MainLayout.jsx:33:39)
    at RenderedRoute (http://localhost:5173/node_modules/.vite/deps/react-router-dom.js?v=8563555b:4131:5)
    at Routes (http://localhost:5173/node_modules/.vite/deps/react-router-dom.js?v=8563555b:4601:5)
    at App
    at Router (http://localhost:5173/node_modules/.vite/deps/react-router-dom.js?v=8563555b:4544:15)
    at HashRouter (http://localhost:5173/node_modules/.vite/deps/react-router-dom.js?v=8563555b:5326:5) @ http://localhost:5173/node_modules/.vite/deps/chunk-NLPANMJC.js?v=8563555b:520
[   86006ms] [ERROR] Warning: Encountered two children with the same key, `%s`. Keys should be unique so that components maintain their identity across updates. Non-unique keys may cause children to be duplicated and/or omitted — the behavior is unsupported and could change in a future version.%s Makkah Al-Mukarramah 
    at div
    at section
    at div
    at HomePage (http://localhost:5173/src/features/home/HomePage.jsx:37:33)
    at RenderedRoute (http://localhost:5173/node_modules/.vite/deps/react-router-dom.js?v=8563555b:4131:5)
    at Outlet (http://localhost:5173/node_modules/.vite/deps/react-router-dom.js?v=8563555b:4537:26)
    at main
    at div
    at MainLayout (http://localhost:5173/src/components/layout/MainLayout.jsx:33:39)
    at RenderedRoute (http://localhost:5173/node_modules/.vite/deps/react-router-dom.js?v=8563555b:4131:5)
    at Routes (http://localhost:5173/node_modules/.vite/deps/react-router-dom.js?v=8563555b:4601:5)
    at App
    at Router (http://localhost:5173/node_modules/.vite/deps/react-router-dom.js?v=8563555b:4544:15)
    at HashRouter (http://localhost:5173/node_modules/.vite/deps/react-router-dom.js?v=8563555b:5326:5) @ http://localhost:5173/node_modules/.vite/deps/chunk-NLPANMJC.js?v=8563555b:520
[   86006ms] [ERROR] Warning: Encountered two children with the same key, `%s`. Keys should be unique so that components maintain their identity across updates. Non-unique keys may cause children to be duplicated and/or omitted — the behavior is unsupported and could change in a future version.%s Makkah Al-Mukarramah 
    at div
    at section
    at div
    at HomePage (http://localhost:5173/src/features/home/HomePage.jsx:37:33)
    at RenderedRoute (http://localhost:5173/node_modules/.vite/deps/react-router-dom.js?v=8563555b:4131:5)
    at Outlet (http://localhost:5173/node_modules/.vite/deps/react-router-dom.js?v=8563555b:4537:26)
    at main
    at div
    at MainLayout (http://localhost:5173/src/components/layout/MainLayout.jsx:33:39)
    at RenderedRoute (http://localhost:5173/node_modules/.vite/deps/react-router-dom.js?v=8563555b:4131:5)
    at Routes (http://localhost:5173/node_modules/.vite/deps/react-router-dom.js?v=8563555b:4601:5)
    at App
    at Router (http://localhost:5173/node_modules/.vite/deps/react-router-dom.js?v=8563555b:4544:15)
    at HashRouter (http://localhost:5173/node_modules/.vite/deps/react-router-dom.js?v=8563555b:5326:5) @ http://localhost:5173/node_modules/.vite/deps/chunk-NLPANMJC.js?v=8563555b:520
[   86006ms] [ERROR] Warning: Encountered two children with the same key, `%s`. Keys should be unique so that components maintain their identity across updates. Non-unique keys may cause children to be duplicated and/or omitted — the behavior is unsupported and could change in a future version.%s Makkah Al-Mukarramah 
    at div
    at section
    at div
    at HomePage (http://localhost:5173/src/features/home/HomePage.jsx:37:33)
    at RenderedRoute (http://localhost:5173/node_modules/.vite/deps/react-router-dom.js?v=8563555b:4131:5)
    at Outlet (http://localhost:5173/node_modules/.vite/deps/react-router-dom.js?v=8563555b:4537:26)
    at main
    at div
    at MainLayout (http://localhost:5173/src/components/layout/MainLayout.jsx:33:39)
    at RenderedRoute (http://localhost:5173/node_modules/.vite/deps/react-router-dom.js?v=8563555b:4131:5)
    at Routes (http://localhost:5173/node_modules/.vite/deps/react-router-dom.js?v=8563555b:4601:5)
    at App
    at Router (http://localhost:5173/node_modules/.vite/deps/react-router-dom.js?v=8563555b:4544:15)
    at HashRouter (http://localhost:5173/node_modules/.vite/deps/react-router-dom.js?v=8563555b:5326:5) @ http://localhost:5173/node_modules/.vite/deps/chunk-NLPANMJC.js?v=8563555b:520
[   90342ms] [ERROR] Warning: Encountered two children with the same key, `%s`. Keys should be unique so that components maintain their identity across updates. Non-unique keys may cause children to be duplicated and/or omitted — the behavior is unsupported and could change in a future version.%s Makkah Al-Mukarramah 
    at div
    at section
    at div
    at HomePage (http://localhost:5173/src/features/home/HomePage.jsx:37:33)
    at RenderedRoute (http://localhost:5173/node_modules/.vite/deps/react-router-dom.js?v=8563555b:4131:5)
    at Outlet (http://localhost:5173/node_modules/.vite/deps/react-router-dom.js?v=8563555b:4537:26)
    at main
    at div
    at MainLayout (http://localhost:5173/src/components/layout/MainLayout.jsx:33:39)
    at RenderedRoute (http://localhost:5173/node_modules/.vite/deps/react-router-dom.js?v=8563555b:4131:5)
    at Routes (http://localhost:5173/node_modules/.vite/deps/react-router-dom.js?v=8563555b:4601:5)
    at App
    at Router (http://localhost:5173/node_modules/.vite/deps/react-router-dom.js?v=8563555b:4544:15)
    at HashRouter (http://localhost:5173/node_modules/.vite/deps/react-router-dom.js?v=8563555b:5326:5) @ http://localhost:5173/node_modules/.vite/deps/chunk-NLPANMJC.js?v=8563555b:520
[   90343ms] [ERROR] Warning: Encountered two children with the same key, `%s`. Keys should be unique so that components maintain their identity across updates. Non-unique keys may cause children to be duplicated and/or omitted — the behavior is unsupported and could change in a future version.%s Makkah Al-Mukarramah 
    at div
    at section
    at div
    at HomePage (http://localhost:5173/src/features/home/HomePage.jsx:37:33)
    at RenderedRoute (http://localhost:5173/node_modules/.vite/deps/react-router-dom.js?v=8563555b:4131:5)
    at Outlet (http://localhost:5173/node_modules/.vite/deps/react-router-dom.js?v=8563555b:4537:26)
    at main
    at div
    at MainLayout (http://localhost:5173/src/components/layout/MainLayout.jsx:33:39)
    at RenderedRoute (http://localhost:5173/node_modules/.vite/deps/react-router-dom.js?v=8563555b:4131:5)
    at Routes (http://localhost:5173/node_modules/.vite/deps/react-router-dom.js?v=8563555b:4601:5)
    at App
    at Router (http://localhost:5173/node_modules/.vite/deps/react-router-dom.js?v=8563555b:4544:15)
    at HashRouter (http://localhost:5173/node_modules/.vite/deps/react-router-dom.js?v=8563555b:5326:5) @ http://localhost:5173/node_modules/.vite/deps/chunk-NLPANMJC.js?v=8563555b:520
[   90343ms] [ERROR] Warning: Encountered two children with the same key, `%s`. Keys should be unique so that components maintain their identity across updates. Non-unique keys may cause children to be duplicated and/or omitted — the behavior is unsupported and could change in a future version.%s Makkah Al-Mukarramah 
    at div
    at section
    at div
    at HomePage (http://localhost:5173/src/features/home/HomePage.jsx:37:33)
    at RenderedRoute (http://localhost:5173/node_modules/.vite/deps/react-router-dom.js?v=8563555b:4131:5)
    at Outlet (http://localhost:5173/node_modules/.vite/deps/react-router-dom.js?v=8563555b:4537:26)
    at main
    at div
    at MainLayout (http://localhost:5173/src/components/layout/MainLayout.jsx:33:39)
    at RenderedRoute (http://localhost:5173/node_modules/.vite/deps/react-router-dom.js?v=8563555b:4131:5)
    at Routes (http://localhost:5173/node_modules/.vite/deps/react-router-dom.js?v=8563555b:4601:5)
    at App
    at Router (http://localhost:5173/node_modules/.vite/deps/react-router-dom.js?v=8563555b:4544:15)
    at HashRouter (http://localhost:5173/node_modules/.vite/deps/react-router-dom.js?v=8563555b:5326:5) @ http://localhost:5173/node_modules/.vite/deps/chunk-NLPANMJC.js?v=8563555b:520
[   90362ms] [ERROR] Warning: Encountered two children with the same key, `%s`. Keys should be unique so that components maintain their identity across updates. Non-unique keys may cause children to be duplicated and/or omitted — the behavior is unsupported and could change in a future version.%s Makkah Al-Mukarramah 
    at div
    at section
    at div
    at HomePage (http://localhost:5173/src/features/home/HomePage.jsx:37:33)
    at RenderedRoute (http://localhost:5173/node_modules/.vite/deps/react-router-dom.js?v=8563555b:4131:5)
    at Outlet (http://localhost:5173/node_modules/.vite/deps/react-router-dom.js?v=8563555b:4537:26)
    at main
    at div
    at MainLayout (http://localhost:5173/src/components/layout/MainLayout.jsx:33:39)
    at RenderedRoute (http://localhost:5173/node_modules/.vite/deps/react-router-dom.js?v=8563555b:4131:5)
    at Routes (http://localhost:5173/node_modules/.vite/deps/react-router-dom.js?v=8563555b:4601:5)
    at App
    at Router (http://localhost:5173/node_modules/.vite/deps/react-router-dom.js?v=8563555b:4544:15)
    at HashRouter (http://localhost:5173/node_modules/.vite/deps/react-router-dom.js?v=8563555b:5326:5) @ http://localhost:5173/node_modules/.vite/deps/chunk-NLPANMJC.js?v=8563555b:520
[   90363ms] [ERROR] Warning: Encountered two children with the same key, `%s`. Keys should be unique so that components maintain their identity across updates. Non-unique keys may cause children to be duplicated and/or omitted — the behavior is unsupported and could change in a future version.%s Makkah Al-Mukarramah 
    at div
    at section
    at div
    at HomePage (http://localhost:5173/src/features/home/HomePage.jsx:37:33)
    at RenderedRoute (http://localhost:5173/node_modules/.vite/deps/react-router-dom.js?v=8563555b:4131:5)
    at Outlet (http://localhost:5173/node_modules/.vite/deps/react-router-dom.js?v=8563555b:4537:26)
    at main
    at div
    at MainLayout (http://localhost:5173/src/components/layout/MainLayout.jsx:33:39)
    at RenderedRoute (http://localhost:5173/node_modules/.vite/deps/react-router-dom.js?v=8563555b:4131:5)
    at Routes (http://localhost:5173/node_modules/.vite/deps/react-router-dom.js?v=8563555b:4601:5)
    at App
    at Router (http://localhost:5173/node_modules/.vite/deps/react-router-dom.js?v=8563555b:4544:15)
    at HashRouter (http://localhost:5173/node_modules/.vite/deps/react-router-dom.js?v=8563555b:5326:5) @ http://localhost:5173/node_modules/.vite/deps/chunk-NLPANMJC.js?v=8563555b:520
[   90363ms] [ERROR] Warning: Encountered two children with the same key, `%s`. Keys should be unique so that components maintain their identity across updates. Non-unique keys may cause children to be duplicated and/or omitted — the behavior is unsupported and could change in a future version.%s Makkah Al-Mukarramah 
    at div
    at section
    at div
    at HomePage (http://localhost:5173/src/features/home/HomePage.jsx:37:33)
    at RenderedRoute (http://localhost:5173/node_modules/.vite/deps/react-router-dom.js?v=8563555b:4131:5)
    at Outlet (http://localhost:5173/node_modules/.vite/deps/react-router-dom.js?v=8563555b:4537:26)
    at main
    at div
    at MainLayout (http://localhost:5173/src/components/layout/MainLayout.jsx:33:39)
    at RenderedRoute (http://localhost:5173/node_modules/.vite/deps/react-router-dom.js?v=8563555b:4131:5)
    at Routes (http://localhost:5173/node_modules/.vite/deps/react-router-dom.js?v=8563555b:4601:5)
    at App
    at Router (http://localhost:5173/node_modules/.vite/deps/react-router-dom.js?v=8563555b:4544:15)
    at HashRouter (http://localhost:5173/node_modules/.vite/deps/react-router-dom.js?v=8563555b:5326:5) @ http://localhost:5173/node_modules/.vite/deps/chunk-NLPANMJC.js?v=8563555b:520
[   90499ms] [ERROR] Warning: Encountered two children with the same key, `%s`. Keys should be unique so that components maintain their identity across updates. Non-unique keys may cause children to be duplicated and/or omitted — the behavior is unsupported and could change in a future version.%s Makkah Al-Mukarramah 
    at div
    at section
    at div
    at HomePage (http://localhost:5173/src/features/home/HomePage.jsx:37:33)
    at RenderedRoute (http://localhost:5173/node_modules/.vite/deps/react-router-dom.js?v=8563555b:4131:5)
    at Outlet (http://localhost:5173/node_modules/.vite/deps/react-router-dom.js?v=8563555b:4537:26)
    at main
    at div
    at MainLayout (http://localhost:5173/src/components/layout/MainLayout.jsx:33:39)
    at RenderedRoute (http://localhost:5173/node_modules/.vite/deps/react-router-dom.js?v=8563555b:4131:5)
    at Routes (http://localhost:5173/node_modules/.vite/deps/react-router-dom.js?v=8563555b:4601:5)
    at App
    at Router (http://localhost:5173/node_modules/.vite/deps/react-router-dom.js?v=8563555b:4544:15)
    at HashRouter (http://localhost:5173/node_modules/.vite/deps/react-router-dom.js?v=8563555b:5326:5) @ http://localhost:5173/node_modules/.vite/deps/chunk-NLPANMJC.js?v=8563555b:520
[   90500ms] [ERROR] Warning: Encountered two children with the same key, `%s`. Keys should be unique so that components maintain their identity across updates. Non-unique keys may cause children to be duplicated and/or omitted — the behavior is unsupported and could change in a future version.%s Makkah Al-Mukarramah 
    at div
    at section
    at div
    at HomePage (http://localhost:5173/src/features/home/HomePage.jsx:37:33)
    at RenderedRoute (http://localhost:5173/node_modules/.vite/deps/react-router-dom.js?v=8563555b:4131:5)
    at Outlet (http://localhost:5173/node_modules/.vite/deps/react-router-dom.js?v=8563555b:4537:26)
    at main
    at div
    at MainLayout (http://localhost:5173/src/components/layout/MainLayout.jsx:33:39)
    at RenderedRoute (http://localhost:5173/node_modules/.vite/deps/react-router-dom.js?v=8563555b:4131:5)
    at Routes (http://localhost:5173/node_modules/.vite/deps/react-router-dom.js?v=8563555b:4601:5)
    at App
    at Router (http://localhost:5173/node_modules/.vite/deps/react-router-dom.js?v=8563555b:4544:15)
    at HashRouter (http://localhost:5173/node_modules/.vite/deps/react-router-dom.js?v=8563555b:5326:5) @ http://localhost:5173/node_modules/.vite/deps/chunk-NLPANMJC.js?v=8563555b:520
[   90500ms] [ERROR] Warning: Encountered two children with the same key, `%s`. Keys should be unique so that components maintain their identity across updates. Non-unique keys may cause children to be duplicated and/or omitted — the behavior is unsupported and could change in a future version.%s Makkah Al-Mukarramah 
    at div
    at section
    at div
    at HomePage (http://localhost:5173/src/features/home/HomePage.jsx:37:33)
    at RenderedRoute (http://localhost:5173/node_modules/.vite/deps/react-router-dom.js?v=8563555b:4131:5)
    at Outlet (http://localhost:5173/node_modules/.vite/deps/react-router-dom.js?v=8563555b:4537:26)
    at main
    at div
    at MainLayout (http://localhost:5173/src/components/layout/MainLayout.jsx:33:39)
    at RenderedRoute (http://localhost:5173/node_modules/.vite/deps/react-router-dom.js?v=8563555b:4131:5)
    at Routes (http://localhost:5173/node_modules/.vite/deps/react-router-dom.js?v=8563555b:4601:5)
    at App
    at Router (http://localhost:5173/node_modules/.vite/deps/react-router-dom.js?v=8563555b:4544:15)
    at HashRouter (http://localhost:5173/node_modules/.vite/deps/react-router-dom.js?v=8563555b:5326:5) @ http://localhost:5173/node_modules/.vite/deps/chunk-NLPANMJC.js?v=8563555b:520
[   94834ms] [ERROR] Warning: Encountered two children with the same key, `%s`. Keys should be unique so that components maintain their identity across updates. Non-unique keys may cause children to be duplicated and/or omitted — the behavior is unsupported and could change in a future version.%s Makkah Al-Mukarramah 
    at div
    at section
    at div
    at HomePage (http://localhost:5173/src/features/home/HomePage.jsx:37:33)
    at RenderedRoute (http://localhost:5173/node_modules/.vite/deps/react-router-dom.js?v=8563555b:4131:5)
    at Outlet (http://localhost:5173/node_modules/.vite/deps/react-router-dom.js?v=8563555b:4537:26)
    at main
    at div
    at MainLayout (http://localhost:5173/src/components/layout/MainLayout.jsx:33:39)
    at RenderedRoute (http://localhost:5173/node_modules/.vite/deps/react-router-dom.js?v=8563555b:4131:5)
    at Routes (http://localhost:5173/node_modules/.vite/deps/react-router-dom.js?v=8563555b:4601:5)
    at App
    at Router (http://localhost:5173/node_modules/.vite/deps/react-router-dom.js?v=8563555b:4544:15)
    at HashRouter (http://localhost:5173/node_modules/.vite/deps/react-router-dom.js?v=8563555b:5326:5) @ http://localhost:5173/node_modules/.vite/deps/chunk-NLPANMJC.js?v=8563555b:520
[   94834ms] [ERROR] Warning: Encountered two children with the same key, `%s`. Keys should be unique so that components maintain their identity across updates. Non-unique keys may cause children to be duplicated and/or omitted — the behavior is unsupported and could change in a future version.%s Makkah Al-Mukarramah 
    at div
    at section
    at div
    at HomePage (http://localhost:5173/src/features/home/HomePage.jsx:37:33)
    at RenderedRoute (http://localhost:5173/node_modules/.vite/deps/react-router-dom.js?v=8563555b:4131:5)
    at Outlet (http://localhost:5173/node_modules/.vite/deps/react-router-dom.js?v=8563555b:4537:26)
    at main
    at div
    at MainLayout (http://localhost:5173/src/components/layout/MainLayout.jsx:33:39)
    at RenderedRoute (http://localhost:5173/node_modules/.vite/deps/react-router-dom.js?v=8563555b:4131:5)
    at Routes (http://localhost:5173/node_modules/.vite/deps/react-router-dom.js?v=8563555b:4601:5)
    at App
    at Router (http://localhost:5173/node_modules/.vite/deps/react-router-dom.js?v=8563555b:4544:15)
    at HashRouter (http://localhost:5173/node_modules/.vite/deps/react-router-dom.js?v=8563555b:5326:5) @ http://localhost:5173/node_modules/.vite/deps/chunk-NLPANMJC.js?v=8563555b:520
[   94835ms] [ERROR] Warning: Encountered two children with the same key, `%s`. Keys should be unique so that components maintain their identity across updates. Non-unique keys may cause children to be duplicated and/or omitted — the behavior is unsupported and could change in a future version.%s Makkah Al-Mukarramah 
    at div
    at section
    at div
    at HomePage (http://localhost:5173/src/features/home/HomePage.jsx:37:33)
    at RenderedRoute (http://localhost:5173/node_modules/.vite/deps/react-router-dom.js?v=8563555b:4131:5)
    at Outlet (http://localhost:5173/node_modules/.vite/deps/react-router-dom.js?v=8563555b:4537:26)
    at main
    at div
    at MainLayout (http://localhost:5173/src/components/layout/MainLayout.jsx:33:39)
    at RenderedRoute (http://localhost:5173/node_modules/.vite/deps/react-router-dom.js?v=8563555b:4131:5)
    at Routes (http://localhost:5173/node_modules/.vite/deps/react-router-dom.js?v=8563555b:4601:5)
    at App
    at Router (http://localhost:5173/node_modules/.vite/deps/react-router-dom.js?v=8563555b:4544:15)
    at HashRouter (http://localhost:5173/node_modules/.vite/deps/react-router-dom.js?v=8563555b:5326:5) @ http://localhost:5173/node_modules/.vite/deps/chunk-NLPANMJC.js?v=8563555b:520
[   94860ms] [ERROR] Warning: Encountered two children with the same key, `%s`. Keys should be unique so that components maintain their identity across updates. Non-unique keys may cause children to be duplicated and/or omitted — the behavior is unsupported and could change in a future version.%s Makkah Al-Mukarramah 
    at div
    at section
    at div
    at HomePage (http://localhost:5173/src/features/home/HomePage.jsx:37:33)
    at RenderedRoute (http://localhost:5173/node_modules/.vite/deps/react-router-dom.js?v=8563555b:4131:5)
    at Outlet (http://localhost:5173/node_modules/.vite/deps/react-router-dom.js?v=8563555b:4537:26)
    at main
    at div
    at MainLayout (http://localhost:5173/src/components/layout/MainLayout.jsx:33:39)
    at RenderedRoute (http://localhost:5173/node_modules/.vite/deps/react-router-dom.js?v=8563555b:4131:5)
    at Routes (http://localhost:5173/node_modules/.vite/deps/react-router-dom.js?v=8563555b:4601:5)
    at App
    at Router (http://localhost:5173/node_modules/.vite/deps/react-router-dom.js?v=8563555b:4544:15)
    at HashRouter (http://localhost:5173/node_modules/.vite/deps/react-router-dom.js?v=8563555b:5326:5) @ http://localhost:5173/node_modules/.vite/deps/chunk-NLPANMJC.js?v=8563555b:520
[   94860ms] [ERROR] Warning: Encountered two children with the same key, `%s`. Keys should be unique so that components maintain their identity across updates. Non-unique keys may cause children to be duplicated and/or omitted — the behavior is unsupported and could change in a future version.%s Makkah Al-Mukarramah 
    at div
    at section
    at div
    at HomePage (http://localhost:5173/src/features/home/HomePage.jsx:37:33)
    at RenderedRoute (http://localhost:5173/node_modules/.vite/deps/react-router-dom.js?v=8563555b:4131:5)
    at Outlet (http://localhost:5173/node_modules/.vite/deps/react-router-dom.js?v=8563555b:4537:26)
    at main
    at div
    at MainLayout (http://localhost:5173/src/components/layout/MainLayout.jsx:33:39)
    at RenderedRoute (http://localhost:5173/node_modules/.vite/deps/react-router-dom.js?v=8563555b:4131:5)
    at Routes (http://localhost:5173/node_modules/.vite/deps/react-router-dom.js?v=8563555b:4601:5)
    at App
    at Router (http://localhost:5173/node_modules/.vite/deps/react-router-dom.js?v=8563555b:4544:15)
    at HashRouter (http://localhost:5173/node_modules/.vite/deps/react-router-dom.js?v=8563555b:5326:5) @ http://localhost:5173/node_modules/.vite/deps/chunk-NLPANMJC.js?v=8563555b:520
[   94861ms] [ERROR] Warning: Encountered two children with the same key, `%s`. Keys should be unique so that components maintain their identity across updates. Non-unique keys may cause children to be duplicated and/or omitted — the behavior is unsupported and could change in a future version.%s Makkah Al-Mukarramah 
    at div
    at section
    at div
    at HomePage (http://localhost:5173/src/features/home/HomePage.jsx:37:33)
    at RenderedRoute (http://localhost:5173/node_modules/.vite/deps/react-router-dom.js?v=8563555b:4131:5)
    at Outlet (http://localhost:5173/node_modules/.vite/deps/react-router-dom.js?v=8563555b:4537:26)
    at main
    at div
    at MainLayout (http://localhost:5173/src/components/layout/MainLayout.jsx:33:39)
    at RenderedRoute (http://localhost:5173/node_modules/.vite/deps/react-router-dom.js?v=8563555b:4131:5)
    at Routes (http://localhost:5173/node_modules/.vite/deps/react-router-dom.js?v=8563555b:4601:5)
    at App
    at Router (http://localhost:5173/node_modules/.vite/deps/react-router-dom.js?v=8563555b:4544:15)
    at HashRouter (http://localhost:5173/node_modules/.vite/deps/react-router-dom.js?v=8563555b:5326:5) @ http://localhost:5173/node_modules/.vite/deps/chunk-NLPANMJC.js?v=8563555b:520
[   94992ms] [ERROR] Warning: Encountered two children with the same key, `%s`. Keys should be unique so that components maintain their identity across updates. Non-unique keys may cause children to be duplicated and/or omitted — the behavior is unsupported and could change in a future version.%s Makkah Al-Mukarramah 
    at div
    at section
    at div
    at HomePage (http://localhost:5173/src/features/home/HomePage.jsx:37:33)
    at RenderedRoute (http://localhost:5173/node_modules/.vite/deps/react-router-dom.js?v=8563555b:4131:5)
    at Outlet (http://localhost:5173/node_modules/.vite/deps/react-router-dom.js?v=8563555b:4537:26)
    at main
    at div
    at MainLayout (http://localhost:5173/src/components/layout/MainLayout.jsx:33:39)
    at RenderedRoute (http://localhost:5173/node_modules/.vite/deps/react-router-dom.js?v=8563555b:4131:5)
    at Routes (http://localhost:5173/node_modules/.vite/deps/react-router-dom.js?v=8563555b:4601:5)
    at App
    at Router (http://localhost:5173/node_modules/.vite/deps/react-router-dom.js?v=8563555b:4544:15)
    at HashRouter (http://localhost:5173/node_modules/.vite/deps/react-router-dom.js?v=8563555b:5326:5) @ http://localhost:5173/node_modules/.vite/deps/chunk-NLPANMJC.js?v=8563555b:520
[   94993ms] [ERROR] Warning: Encountered two children with the same key, `%s`. Keys should be unique so that components maintain their identity across updates. Non-unique keys may cause children to be duplicated and/or omitted — the behavior is unsupported and could change in a future version.%s Makkah Al-Mukarramah 
    at div
    at section
    at div
    at HomePage (http://localhost:5173/src/features/home/HomePage.jsx:37:33)
    at RenderedRoute (http://localhost:5173/node_modules/.vite/deps/react-router-dom.js?v=8563555b:4131:5)
    at Outlet (http://localhost:5173/node_modules/.vite/deps/react-router-dom.js?v=8563555b:4537:26)
    at main
    at div
    at MainLayout (http://localhost:5173/src/components/layout/MainLayout.jsx:33:39)
    at RenderedRoute (http://localhost:5173/node_modules/.vite/deps/react-router-dom.js?v=8563555b:4131:5)
    at Routes (http://localhost:5173/node_modules/.vite/deps/react-router-dom.js?v=8563555b:4601:5)
    at App
    at Router (http://localhost:5173/node_modules/.vite/deps/react-router-dom.js?v=8563555b:4544:15)
    at HashRouter (http://localhost:5173/node_modules/.vite/deps/react-router-dom.js?v=8563555b:5326:5) @ http://localhost:5173/node_modules/.vite/deps/chunk-NLPANMJC.js?v=8563555b:520
[   94993ms] [ERROR] Warning: Encountered two children with the same key, `%s`. Keys should be unique so that components maintain their identity across updates. Non-unique keys may cause children to be duplicated and/or omitted — the behavior is unsupported and could change in a future version.%s Makkah Al-Mukarramah 
    at div
    at section
    at div
    at HomePage (http://localhost:5173/src/features/home/HomePage.jsx:37:33)
    at RenderedRoute (http://localhost:5173/node_modules/.vite/deps/react-router-dom.js?v=8563555b:4131:5)
    at Outlet (http://localhost:5173/node_modules/.vite/deps/react-router-dom.js?v=8563555b:4537:26)
    at main
    at div
    at MainLayout (http://localhost:5173/src/components/layout/MainLayout.jsx:33:39)
    at RenderedRoute (http://localhost:5173/node_modules/.vite/deps/react-router-dom.js?v=8563555b:4131:5)
    at Routes (http://localhost:5173/node_modules/.vite/deps/react-router-dom.js?v=8563555b:4601:5)
    at App
    at Router (http://localhost:5173/node_modules/.vite/deps/react-router-dom.js?v=8563555b:4544:15)
    at HashRouter (http://localhost:5173/node_modules/.vite/deps/react-router-dom.js?v=8563555b:5326:5) @ http://localhost:5173/node_modules/.vite/deps/chunk-NLPANMJC.js?v=8563555b:520
[   99348ms] [ERROR] Warning: Encountered two children with the same key, `%s`. Keys should be unique so that components maintain their identity across updates. Non-unique keys may cause children to be duplicated and/or omitted — the behavior is unsupported and could change in a future version.%s Makkah Al-Mukarramah 
    at div
    at section
    at div
    at HomePage (http://localhost:5173/src/features/home/HomePage.jsx:37:33)
    at RenderedRoute (http://localhost:5173/node_modules/.vite/deps/react-router-dom.js?v=8563555b:4131:5)
    at Outlet (http://localhost:5173/node_modules/.vite/deps/react-router-dom.js?v=8563555b:4537:26)
    at main
    at div
    at MainLayout (http://localhost:5173/src/components/layout/MainLayout.jsx:33:39)
    at RenderedRoute (http://localhost:5173/node_modules/.vite/deps/react-router-dom.js?v=8563555b:4131:5)
    at Routes (http://localhost:5173/node_modules/.vite/deps/react-router-dom.js?v=8563555b:4601:5)
    at App
    at Router (http://localhost:5173/node_modules/.vite/deps/react-router-dom.js?v=8563555b:4544:15)
    at HashRouter (http://localhost:5173/node_modules/.vite/deps/react-router-dom.js?v=8563555b:5326:5) @ http://localhost:5173/node_modules/.vite/deps/chunk-NLPANMJC.js?v=8563555b:520
[   99349ms] [ERROR] Warning: Encountered two children with the same key, `%s`. Keys should be unique so that components maintain their identity across updates. Non-unique keys may cause children to be duplicated and/or omitted — the behavior is unsupported and could change in a future version.%s Makkah Al-Mukarramah 
    at div
    at section
    at div
    at HomePage (http://localhost:5173/src/features/home/HomePage.jsx:37:33)
    at RenderedRoute (http://localhost:5173/node_modules/.vite/deps/react-router-dom.js?v=8563555b:4131:5)
    at Outlet (http://localhost:5173/node_modules/.vite/deps/react-router-dom.js?v=8563555b:4537:26)
    at main
    at div
    at MainLayout (http://localhost:5173/src/components/layout/MainLayout.jsx:33:39)
    at RenderedRoute (http://localhost:5173/node_modules/.vite/deps/react-router-dom.js?v=8563555b:4131:5)
    at Routes (http://localhost:5173/node_modules/.vite/deps/react-router-dom.js?v=8563555b:4601:5)
    at App
    at Router (http://localhost:5173/node_modules/.vite/deps/react-router-dom.js?v=8563555b:4544:15)
    at HashRouter (http://localhost:5173/node_modules/.vite/deps/react-router-dom.js?v=8563555b:5326:5) @ http://localhost:5173/node_modules/.vite/deps/chunk-NLPANMJC.js?v=8563555b:520
[   99350ms] [ERROR] Warning: Encountered two children with the same key, `%s`. Keys should be unique so that components maintain their identity across updates. Non-unique keys may cause children to be duplicated and/or omitted — the behavior is unsupported and could change in a future version.%s Makkah Al-Mukarramah 
    at div
    at section
    at div
    at HomePage (http://localhost:5173/src/features/home/HomePage.jsx:37:33)
    at RenderedRoute (http://localhost:5173/node_modules/.vite/deps/react-router-dom.js?v=8563555b:4131:5)
    at Outlet (http://localhost:5173/node_modules/.vite/deps/react-router-dom.js?v=8563555b:4537:26)
    at main
    at div
    at MainLayout (http://localhost:5173/src/components/layout/MainLayout.jsx:33:39)
    at RenderedRoute (http://localhost:5173/node_modules/.vite/deps/react-router-dom.js?v=8563555b:4131:5)
    at Routes (http://localhost:5173/node_modules/.vite/deps/react-router-dom.js?v=8563555b:4601:5)
    at App
    at Router (http://localhost:5173/node_modules/.vite/deps/react-router-dom.js?v=8563555b:4544:15)
    at HashRouter (http://localhost:5173/node_modules/.vite/deps/react-router-dom.js?v=8563555b:5326:5) @ http://localhost:5173/node_modules/.vite/deps/chunk-NLPANMJC.js?v=8563555b:520
[   99378ms] [ERROR] Warning: Encountered two children with the same key, `%s`. Keys should be unique so that components maintain their identity across updates. Non-unique keys may cause children to be duplicated and/or omitted — the behavior is unsupported and could change in a future version.%s Makkah Al-Mukarramah 
    at div
    at section
    at div
    at HomePage (http://localhost:5173/src/features/home/HomePage.jsx:37:33)
    at RenderedRoute (http://localhost:5173/node_modules/.vite/deps/react-router-dom.js?v=8563555b:4131:5)
    at Outlet (http://localhost:5173/node_modules/.vite/deps/react-router-dom.js?v=8563555b:4537:26)
    at main
    at div
    at MainLayout (http://localhost:5173/src/components/layout/MainLayout.jsx:33:39)
    at RenderedRoute (http://localhost:5173/node_modules/.vite/deps/react-router-dom.js?v=8563555b:4131:5)
    at Routes (http://localhost:5173/node_modules/.vite/deps/react-router-dom.js?v=8563555b:4601:5)
    at App
    at Router (http://localhost:5173/node_modules/.vite/deps/react-router-dom.js?v=8563555b:4544:15)
    at HashRouter (http://localhost:5173/node_modules/.vite/deps/react-router-dom.js?v=8563555b:5326:5) @ http://localhost:5173/node_modules/.vite/deps/chunk-NLPANMJC.js?v=8563555b:520
[   99378ms] [ERROR] Warning: Encountered two children with the same key, `%s`. Keys should be unique so that components maintain their identity across updates. Non-unique keys may cause children to be duplicated and/or omitted — the behavior is unsupported and could change in a future version.%s Makkah Al-Mukarramah 
    at div
    at section
    at div
    at HomePage (http://localhost:5173/src/features/home/HomePage.jsx:37:33)
    at RenderedRoute (http://localhost:5173/node_modules/.vite/deps/react-router-dom.js?v=8563555b:4131:5)
    at Outlet (http://localhost:5173/node_modules/.vite/deps/react-router-dom.js?v=8563555b:4537:26)
    at main
    at div
    at MainLayout (http://localhost:5173/src/components/layout/MainLayout.jsx:33:39)
    at RenderedRoute (http://localhost:5173/node_modules/.vite/deps/react-router-dom.js?v=8563555b:4131:5)
    at Routes (http://localhost:5173/node_modules/.vite/deps/react-router-dom.js?v=8563555b:4601:5)
    at App
    at Router (http://localhost:5173/node_modules/.vite/deps/react-router-dom.js?v=8563555b:4544:15)
    at HashRouter (http://localhost:5173/node_modules/.vite/deps/react-router-dom.js?v=8563555b:5326:5) @ http://localhost:5173/node_modules/.vite/deps/chunk-NLPANMJC.js?v=8563555b:520
[   99379ms] [ERROR] Warning: Encountered two children with the same key, `%s`. Keys should be unique so that components maintain their identity across updates. Non-unique keys may cause children to be duplicated and/or omitted — the behavior is unsupported and could change in a future version.%s Makkah Al-Mukarramah 
    at div
    at section
    at div
    at HomePage (http://localhost:5173/src/features/home/HomePage.jsx:37:33)
    at RenderedRoute (http://localhost:5173/node_modules/.vite/deps/react-router-dom.js?v=8563555b:4131:5)
    at Outlet (http://localhost:5173/node_modules/.vite/deps/react-router-dom.js?v=8563555b:4537:26)
    at main
    at div
    at MainLayout (http://localhost:5173/src/components/layout/MainLayout.jsx:33:39)
    at RenderedRoute (http://localhost:5173/node_modules/.vite/deps/react-router-dom.js?v=8563555b:4131:5)
    at Routes (http://localhost:5173/node_modules/.vite/deps/react-router-dom.js?v=8563555b:4601:5)
    at App
    at Router (http://localhost:5173/node_modules/.vite/deps/react-router-dom.js?v=8563555b:4544:15)
    at HashRouter (http://localhost:5173/node_modules/.vite/deps/react-router-dom.js?v=8563555b:5326:5) @ http://localhost:5173/node_modules/.vite/deps/chunk-NLPANMJC.js?v=8563555b:520
[   99514ms] [ERROR] Warning: Encountered two children with the same key, `%s`. Keys should be unique so that components maintain their identity across updates. Non-unique keys may cause children to be duplicated and/or omitted — the behavior is unsupported and could change in a future version.%s Makkah Al-Mukarramah 
    at div
    at section
    at div
    at HomePage (http://localhost:5173/src/features/home/HomePage.jsx:37:33)
    at RenderedRoute (http://localhost:5173/node_modules/.vite/deps/react-router-dom.js?v=8563555b:4131:5)
    at Outlet (http://localhost:5173/node_modules/.vite/deps/react-router-dom.js?v=8563555b:4537:26)
    at main
    at div
    at MainLayout (http://localhost:5173/src/components/layout/MainLayout.jsx:33:39)
    at RenderedRoute (http://localhost:5173/node_modules/.vite/deps/react-router-dom.js?v=8563555b:4131:5)
    at Routes (http://localhost:5173/node_modules/.vite/deps/react-router-dom.js?v=8563555b:4601:5)
    at App
    at Router (http://localhost:5173/node_modules/.vite/deps/react-router-dom.js?v=8563555b:4544:15)
    at HashRouter (http://localhost:5173/node_modules/.vite/deps/react-router-dom.js?v=8563555b:5326:5) @ http://localhost:5173/node_modules/.vite/deps/chunk-NLPANMJC.js?v=8563555b:520
[   99514ms] [ERROR] Warning: Encountered two children with the same key, `%s`. Keys should be unique so that components maintain their identity across updates. Non-unique keys may cause children to be duplicated and/or omitted — the behavior is unsupported and could change in a future version.%s Makkah Al-Mukarramah 
    at div
    at section
    at div
    at HomePage (http://localhost:5173/src/features/home/HomePage.jsx:37:33)
    at RenderedRoute (http://localhost:5173/node_modules/.vite/deps/react-router-dom.js?v=8563555b:4131:5)
    at Outlet (http://localhost:5173/node_modules/.vite/deps/react-router-dom.js?v=8563555b:4537:26)
    at main
    at div
    at MainLayout (http://localhost:5173/src/components/layout/MainLayout.jsx:33:39)
    at RenderedRoute (http://localhost:5173/node_modules/.vite/deps/react-router-dom.js?v=8563555b:4131:5)
    at Routes (http://localhost:5173/node_modules/.vite/deps/react-router-dom.js?v=8563555b:4601:5)
    at App
    at Router (http://localhost:5173/node_modules/.vite/deps/react-router-dom.js?v=8563555b:4544:15)
    at HashRouter (http://localhost:5173/node_modules/.vite/deps/react-router-dom.js?v=8563555b:5326:5) @ http://localhost:5173/node_modules/.vite/deps/chunk-NLPANMJC.js?v=8563555b:520
[   99514ms] [ERROR] Warning: Encountered two children with the same key, `%s`. Keys should be unique so that components maintain their identity across updates. Non-unique keys may cause children to be duplicated and/or omitted — the behavior is unsupported and could change in a future version.%s Makkah Al-Mukarramah 
    at div
    at section
    at div
    at HomePage (http://localhost:5173/src/features/home/HomePage.jsx:37:33)
    at RenderedRoute (http://localhost:5173/node_modules/.vite/deps/react-router-dom.js?v=8563555b:4131:5)
    at Outlet (http://localhost:5173/node_modules/.vite/deps/react-router-dom.js?v=8563555b:4537:26)
    at main
    at div
    at MainLayout (http://localhost:5173/src/components/layout/MainLayout.jsx:33:39)
    at RenderedRoute (http://localhost:5173/node_modules/.vite/deps/react-router-dom.js?v=8563555b:4131:5)
    at Routes (http://localhost:5173/node_modules/.vite/deps/react-router-dom.js?v=8563555b:4601:5)
    at App
    at Router (http://localhost:5173/node_modules/.vite/deps/react-router-dom.js?v=8563555b:4544:15)
    at HashRouter (http://localhost:5173/node_modules/.vite/deps/react-router-dom.js?v=8563555b:5326:5) @ http://localhost:5173/node_modules/.vite/deps/chunk-NLPANMJC.js?v=8563555b:520
[  103845ms] [ERROR] Warning: Encountered two children with the same key, `%s`. Keys should be unique so that components maintain their identity across updates. Non-unique keys may cause children to be duplicated and/or omitted — the behavior is unsupported and could change in a future version.%s Makkah Al-Mukarramah 
    at div
    at section
    at div
    at HomePage (http://localhost:5173/src/features/home/HomePage.jsx:37:33)
    at RenderedRoute (http://localhost:5173/node_modules/.vite/deps/react-router-dom.js?v=8563555b:4131:5)
    at Outlet (http://localhost:5173/node_modules/.vite/deps/react-router-dom.js?v=8563555b:4537:26)
    at main
    at div
    at MainLayout (http://localhost:5173/src/components/layout/MainLayout.jsx:33:39)
    at RenderedRoute (http://localhost:5173/node_modules/.vite/deps/react-router-dom.js?v=8563555b:4131:5)
    at Routes (http://localhost:5173/node_modules/.vite/deps/react-router-dom.js?v=8563555b:4601:5)
    at App
    at Router (http://localhost:5173/node_modules/.vite/deps/react-router-dom.js?v=8563555b:4544:15)
    at HashRouter (http://localhost:5173/node_modules/.vite/deps/react-router-dom.js?v=8563555b:5326:5) @ http://localhost:5173/node_modules/.vite/deps/chunk-NLPANMJC.js?v=8563555b:520
[  103846ms] [ERROR] Warning: Encountered two children with the same key, `%s`. Keys should be unique so that components maintain their identity across updates. Non-unique keys may cause children to be duplicated and/or omitted — the behavior is unsupported and could change in a future version.%s Makkah Al-Mukarramah 
    at div
    at section
    at div
    at HomePage (http://localhost:5173/src/features/home/HomePage.jsx:37:33)
    at RenderedRoute (http://localhost:5173/node_modules/.vite/deps/react-router-dom.js?v=8563555b:4131:5)
    at Outlet (http://localhost:5173/node_modules/.vite/deps/react-router-dom.js?v=8563555b:4537:26)
    at main
    at div
    at MainLayout (http://localhost:5173/src/components/layout/MainLayout.jsx:33:39)
    at RenderedRoute (http://localhost:5173/node_modules/.vite/deps/react-router-dom.js?v=8563555b:4131:5)
    at Routes (http://localhost:5173/node_modules/.vite/deps/react-router-dom.js?v=8563555b:4601:5)
    at App
    at Router (http://localhost:5173/node_modules/.vite/deps/react-router-dom.js?v=8563555b:4544:15)
    at HashRouter (http://localhost:5173/node_modules/.vite/deps/react-router-dom.js?v=8563555b:5326:5) @ http://localhost:5173/node_modules/.vite/deps/chunk-NLPANMJC.js?v=8563555b:520
[  103846ms] [ERROR] Warning: Encountered two children with the same key, `%s`. Keys should be unique so that components maintain their identity across updates. Non-unique keys may cause children to be duplicated and/or omitted — the behavior is unsupported and could change in a future version.%s Makkah Al-Mukarramah 
    at div
    at section
    at div
    at HomePage (http://localhost:5173/src/features/home/HomePage.jsx:37:33)
    at RenderedRoute (http://localhost:5173/node_modules/.vite/deps/react-router-dom.js?v=8563555b:4131:5)
    at Outlet (http://localhost:5173/node_modules/.vite/deps/react-router-dom.js?v=8563555b:4537:26)
    at main
    at div
    at MainLayout (http://localhost:5173/src/components/layout/MainLayout.jsx:33:39)
    at RenderedRoute (http://localhost:5173/node_modules/.vite/deps/react-router-dom.js?v=8563555b:4131:5)
    at Routes (http://localhost:5173/node_modules/.vite/deps/react-router-dom.js?v=8563555b:4601:5)
    at App
    at Router (http://localhost:5173/node_modules/.vite/deps/react-router-dom.js?v=8563555b:4544:15)
    at HashRouter (http://localhost:5173/node_modules/.vite/deps/react-router-dom.js?v=8563555b:5326:5) @ http://localhost:5173/node_modules/.vite/deps/chunk-NLPANMJC.js?v=8563555b:520
[  103871ms] [ERROR] Warning: Encountered two children with the same key, `%s`. Keys should be unique so that components maintain their identity across updates. Non-unique keys may cause children to be duplicated and/or omitted — the behavior is unsupported and could change in a future version.%s Makkah Al-Mukarramah 
    at div
    at section
    at div
    at HomePage (http://localhost:5173/src/features/home/HomePage.jsx:37:33)
    at RenderedRoute (http://localhost:5173/node_modules/.vite/deps/react-router-dom.js?v=8563555b:4131:5)
    at Outlet (http://localhost:5173/node_modules/.vite/deps/react-router-dom.js?v=8563555b:4537:26)
    at main
    at div
    at MainLayout (http://localhost:5173/src/components/layout/MainLayout.jsx:33:39)
    at RenderedRoute (http://localhost:5173/node_modules/.vite/deps/react-router-dom.js?v=8563555b:4131:5)
    at Routes (http://localhost:5173/node_modules/.vite/deps/react-router-dom.js?v=8563555b:4601:5)
    at App
    at Router (http://localhost:5173/node_modules/.vite/deps/react-router-dom.js?v=8563555b:4544:15)
    at HashRouter (http://localhost:5173/node_modules/.vite/deps/react-router-dom.js?v=8563555b:5326:5) @ http://localhost:5173/node_modules/.vite/deps/chunk-NLPANMJC.js?v=8563555b:520
[  103871ms] [ERROR] Warning: Encountered two children with the same key, `%s`. Keys should be unique so that components maintain their identity across updates. Non-unique keys may cause children to be duplicated and/or omitted — the behavior is unsupported and could change in a future version.%s Makkah Al-Mukarramah 
    at div
    at section
    at div
    at HomePage (http://localhost:5173/src/features/home/HomePage.jsx:37:33)
    at RenderedRoute (http://localhost:5173/node_modules/.vite/deps/react-router-dom.js?v=8563555b:4131:5)
    at Outlet (http://localhost:5173/node_modules/.vite/deps/react-router-dom.js?v=8563555b:4537:26)
    at main
    at div
    at MainLayout (http://localhost:5173/src/components/layout/MainLayout.jsx:33:39)
    at RenderedRoute (http://localhost:5173/node_modules/.vite/deps/react-router-dom.js?v=8563555b:4131:5)
    at Routes (http://localhost:5173/node_modules/.vite/deps/react-router-dom.js?v=8563555b:4601:5)
    at App
    at Router (http://localhost:5173/node_modules/.vite/deps/react-router-dom.js?v=8563555b:4544:15)
    at HashRouter (http://localhost:5173/node_modules/.vite/deps/react-router-dom.js?v=8563555b:5326:5) @ http://localhost:5173/node_modules/.vite/deps/chunk-NLPANMJC.js?v=8563555b:520
[  103871ms] [ERROR] Warning: Encountered two children with the same key, `%s`. Keys should be unique so that components maintain their identity across updates. Non-unique keys may cause children to be duplicated and/or omitted — the behavior is unsupported and could change in a future version.%s Makkah Al-Mukarramah 
    at div
    at section
    at div
    at HomePage (http://localhost:5173/src/features/home/HomePage.jsx:37:33)
    at RenderedRoute (http://localhost:5173/node_modules/.vite/deps/react-router-dom.js?v=8563555b:4131:5)
    at Outlet (http://localhost:5173/node_modules/.vite/deps/react-router-dom.js?v=8563555b:4537:26)
    at main
    at div
    at MainLayout (http://localhost:5173/src/components/layout/MainLayout.jsx:33:39)
    at RenderedRoute (http://localhost:5173/node_modules/.vite/deps/react-router-dom.js?v=8563555b:4131:5)
    at Routes (http://localhost:5173/node_modules/.vite/deps/react-router-dom.js?v=8563555b:4601:5)
    at App
    at Router (http://localhost:5173/node_modules/.vite/deps/react-router-dom.js?v=8563555b:4544:15)
    at HashRouter (http://localhost:5173/node_modules/.vite/deps/react-router-dom.js?v=8563555b:5326:5) @ http://localhost:5173/node_modules/.vite/deps/chunk-NLPANMJC.js?v=8563555b:520
[  104006ms] [ERROR] Warning: Encountered two children with the same key, `%s`. Keys should be unique so that components maintain their identity across updates. Non-unique keys may cause children to be duplicated and/or omitted — the behavior is unsupported and could change in a future version.%s Makkah Al-Mukarramah 
    at div
    at section
    at div
    at HomePage (http://localhost:5173/src/features/home/HomePage.jsx:37:33)
    at RenderedRoute (http://localhost:5173/node_modules/.vite/deps/react-router-dom.js?v=8563555b:4131:5)
    at Outlet (http://localhost:5173/node_modules/.vite/deps/react-router-dom.js?v=8563555b:4537:26)
    at main
    at div
    at MainLayout (http://localhost:5173/src/components/layout/MainLayout.jsx:33:39)
    at RenderedRoute (http://localhost:5173/node_modules/.vite/deps/react-router-dom.js?v=8563555b:4131:5)
    at Routes (http://localhost:5173/node_modules/.vite/deps/react-router-dom.js?v=8563555b:4601:5)
    at App
    at Router (http://localhost:5173/node_modules/.vite/deps/react-router-dom.js?v=8563555b:4544:15)
    at HashRouter (http://localhost:5173/node_modules/.vite/deps/react-router-dom.js?v=8563555b:5326:5) @ http://localhost:5173/node_modules/.vite/deps/chunk-NLPANMJC.js?v=8563555b:520
[  104007ms] [ERROR] Warning: Encountered two children with the same key, `%s`. Keys should be unique so that components maintain their identity across updates. Non-unique keys may cause children to be duplicated and/or omitted — the behavior is unsupported and could change in a future version.%s Makkah Al-Mukarramah 
    at div
    at section
    at div
    at HomePage (http://localhost:5173/src/features/home/HomePage.jsx:37:33)
    at RenderedRoute (http://localhost:5173/node_modules/.vite/deps/react-router-dom.js?v=8563555b:4131:5)
    at Outlet (http://localhost:5173/node_modules/.vite/deps/react-router-dom.js?v=8563555b:4537:26)
    at main
    at div
    at MainLayout (http://localhost:5173/src/components/layout/MainLayout.jsx:33:39)
    at RenderedRoute (http://localhost:5173/node_modules/.vite/deps/react-router-dom.js?v=8563555b:4131:5)
    at Routes (http://localhost:5173/node_modules/.vite/deps/react-router-dom.js?v=8563555b:4601:5)
    at App
    at Router (http://localhost:5173/node_modules/.vite/deps/react-router-dom.js?v=8563555b:4544:15)
    at HashRouter (http://localhost:5173/node_modules/.vite/deps/react-router-dom.js?v=8563555b:5326:5) @ http://localhost:5173/node_modules/.vite/deps/chunk-NLPANMJC.js?v=8563555b:520
[  104007ms] [ERROR] Warning: Encountered two children with the same key, `%s`. Keys should be unique so that components maintain their identity across updates. Non-unique keys may cause children to be duplicated and/or omitted — the behavior is unsupported and could change in a future version.%s Makkah Al-Mukarramah 
    at div
    at section
    at div
    at HomePage (http://localhost:5173/src/features/home/HomePage.jsx:37:33)
    at RenderedRoute (http://localhost:5173/node_modules/.vite/deps/react-router-dom.js?v=8563555b:4131:5)
    at Outlet (http://localhost:5173/node_modules/.vite/deps/react-router-dom.js?v=8563555b:4537:26)
    at main
    at div
    at MainLayout (http://localhost:5173/src/components/layout/MainLayout.jsx:33:39)
    at RenderedRoute (http://localhost:5173/node_modules/.vite/deps/react-router-dom.js?v=8563555b:4131:5)
    at Routes (http://localhost:5173/node_modules/.vite/deps/react-router-dom.js?v=8563555b:4601:5)
    at App
    at Router (http://localhost:5173/node_modules/.vite/deps/react-router-dom.js?v=8563555b:4544:15)
    at HashRouter (http://localhost:5173/node_modules/.vite/deps/react-router-dom.js?v=8563555b:5326:5) @ http://localhost:5173/node_modules/.vite/deps/chunk-NLPANMJC.js?v=8563555b:520
[  108344ms] [ERROR] Warning: Encountered two children with the same key, `%s`. Keys should be unique so that components maintain their identity across updates. Non-unique keys may cause children to be duplicated and/or omitted — the behavior is unsupported and could change in a future version.%s Makkah Al-Mukarramah 
    at div
    at section
    at div
    at HomePage (http://localhost:5173/src/features/home/HomePage.jsx:37:33)
    at RenderedRoute (http://localhost:5173/node_modules/.vite/deps/react-router-dom.js?v=8563555b:4131:5)
    at Outlet (http://localhost:5173/node_modules/.vite/deps/react-router-dom.js?v=8563555b:4537:26)
    at main
    at div
    at MainLayout (http://localhost:5173/src/components/layout/MainLayout.jsx:33:39)
    at RenderedRoute (http://localhost:5173/node_modules/.vite/deps/react-router-dom.js?v=8563555b:4131:5)
    at Routes (http://localhost:5173/node_modules/.vite/deps/react-router-dom.js?v=8563555b:4601:5)
    at App
    at Router (http://localhost:5173/node_modules/.vite/deps/react-router-dom.js?v=8563555b:4544:15)
    at HashRouter (http://localhost:5173/node_modules/.vite/deps/react-router-dom.js?v=8563555b:5326:5) @ http://localhost:5173/node_modules/.vite/deps/chunk-NLPANMJC.js?v=8563555b:520
[  108345ms] [ERROR] Warning: Encountered two children with the same key, `%s`. Keys should be unique so that components maintain their identity across updates. Non-unique keys may cause children to be duplicated and/or omitted — the behavior is unsupported and could change in a future version.%s Makkah Al-Mukarramah 
    at div
    at section
    at div
    at HomePage (http://localhost:5173/src/features/home/HomePage.jsx:37:33)
    at RenderedRoute (http://localhost:5173/node_modules/.vite/deps/react-router-dom.js?v=8563555b:4131:5)
    at Outlet (http://localhost:5173/node_modules/.vite/deps/react-router-dom.js?v=8563555b:4537:26)
    at main
    at div
    at MainLayout (http://localhost:5173/src/components/layout/MainLayout.jsx:33:39)
    at RenderedRoute (http://localhost:5173/node_modules/.vite/deps/react-router-dom.js?v=8563555b:4131:5)
    at Routes (http://localhost:5173/node_modules/.vite/deps/react-router-dom.js?v=8563555b:4601:5)
    at App
    at Router (http://localhost:5173/node_modules/.vite/deps/react-router-dom.js?v=8563555b:4544:15)
    at HashRouter (http://localhost:5173/node_modules/.vite/deps/react-router-dom.js?v=8563555b:5326:5) @ http://localhost:5173/node_modules/.vite/deps/chunk-NLPANMJC.js?v=8563555b:520
[  108345ms] [ERROR] Warning: Encountered two children with the same key, `%s`. Keys should be unique so that components maintain their identity across updates. Non-unique keys may cause children to be duplicated and/or omitted — the behavior is unsupported and could change in a future version.%s Makkah Al-Mukarramah 
    at div
    at section
    at div
    at HomePage (http://localhost:5173/src/features/home/HomePage.jsx:37:33)
    at RenderedRoute (http://localhost:5173/node_modules/.vite/deps/react-router-dom.js?v=8563555b:4131:5)
    at Outlet (http://localhost:5173/node_modules/.vite/deps/react-router-dom.js?v=8563555b:4537:26)
    at main
    at div
    at MainLayout (http://localhost:5173/src/components/layout/MainLayout.jsx:33:39)
    at RenderedRoute (http://localhost:5173/node_modules/.vite/deps/react-router-dom.js?v=8563555b:4131:5)
    at Routes (http://localhost:5173/node_modules/.vite/deps/react-router-dom.js?v=8563555b:4601:5)
    at App
    at Router (http://localhost:5173/node_modules/.vite/deps/react-router-dom.js?v=8563555b:4544:15)
    at HashRouter (http://localhost:5173/node_modules/.vite/deps/react-router-dom.js?v=8563555b:5326:5) @ http://localhost:5173/node_modules/.vite/deps/chunk-NLPANMJC.js?v=8563555b:520
[  108369ms] [ERROR] Warning: Encountered two children with the same key, `%s`. Keys should be unique so that components maintain their identity across updates. Non-unique keys may cause children to be duplicated and/or omitted — the behavior is unsupported and could change in a future version.%s Makkah Al-Mukarramah 
    at div
    at section
    at div
    at HomePage (http://localhost:5173/src/features/home/HomePage.jsx:37:33)
    at RenderedRoute (http://localhost:5173/node_modules/.vite/deps/react-router-dom.js?v=8563555b:4131:5)
    at Outlet (http://localhost:5173/node_modules/.vite/deps/react-router-dom.js?v=8563555b:4537:26)
    at main
    at div
    at MainLayout (http://localhost:5173/src/components/layout/MainLayout.jsx:33:39)
    at RenderedRoute (http://localhost:5173/node_modules/.vite/deps/react-router-dom.js?v=8563555b:4131:5)
    at Routes (http://localhost:5173/node_modules/.vite/deps/react-router-dom.js?v=8563555b:4601:5)
    at App
    at Router (http://localhost:5173/node_modules/.vite/deps/react-router-dom.js?v=8563555b:4544:15)
    at HashRouter (http://localhost:5173/node_modules/.vite/deps/react-router-dom.js?v=8563555b:5326:5) @ http://localhost:5173/node_modules/.vite/deps/chunk-NLPANMJC.js?v=8563555b:520
[  108370ms] [ERROR] Warning: Encountered two children with the same key, `%s`. Keys should be unique so that components maintain their identity across updates. Non-unique keys may cause children to be duplicated and/or omitted — the behavior is unsupported and could change in a future version.%s Makkah Al-Mukarramah 
    at div
    at section
    at div
    at HomePage (http://localhost:5173/src/features/home/HomePage.jsx:37:33)
    at RenderedRoute (http://localhost:5173/node_modules/.vite/deps/react-router-dom.js?v=8563555b:4131:5)
    at Outlet (http://localhost:5173/node_modules/.vite/deps/react-router-dom.js?v=8563555b:4537:26)
    at main
    at div
    at MainLayout (http://localhost:5173/src/components/layout/MainLayout.jsx:33:39)
    at RenderedRoute (http://localhost:5173/node_modules/.vite/deps/react-router-dom.js?v=8563555b:4131:5)
    at Routes (http://localhost:5173/node_modules/.vite/deps/react-router-dom.js?v=8563555b:4601:5)
    at App
    at Router (http://localhost:5173/node_modules/.vite/deps/react-router-dom.js?v=8563555b:4544:15)
    at HashRouter (http://localhost:5173/node_modules/.vite/deps/react-router-dom.js?v=8563555b:5326:5) @ http://localhost:5173/node_modules/.vite/deps/chunk-NLPANMJC.js?v=8563555b:520
[  108370ms] [ERROR] Warning: Encountered two children with the same key, `%s`. Keys should be unique so that components maintain their identity across updates. Non-unique keys may cause children to be duplicated and/or omitted — the behavior is unsupported and could change in a future version.%s Makkah Al-Mukarramah 
    at div
    at section
    at div
    at HomePage (http://localhost:5173/src/features/home/HomePage.jsx:37:33)
    at RenderedRoute (http://localhost:5173/node_modules/.vite/deps/react-router-dom.js?v=8563555b:4131:5)
    at Outlet (http://localhost:5173/node_modules/.vite/deps/react-router-dom.js?v=8563555b:4537:26)
    at main
    at div
    at MainLayout (http://localhost:5173/src/components/layout/MainLayout.jsx:33:39)
    at RenderedRoute (http://localhost:5173/node_modules/.vite/deps/react-router-dom.js?v=8563555b:4131:5)
    at Routes (http://localhost:5173/node_modules/.vite/deps/react-router-dom.js?v=8563555b:4601:5)
    at App
    at Router (http://localhost:5173/node_modules/.vite/deps/react-router-dom.js?v=8563555b:4544:15)
    at HashRouter (http://localhost:5173/node_modules/.vite/deps/react-router-dom.js?v=8563555b:5326:5) @ http://localhost:5173/node_modules/.vite/deps/chunk-NLPANMJC.js?v=8563555b:520
[  108520ms] [ERROR] Warning: Encountered two children with the same key, `%s`. Keys should be unique so that components maintain their identity across updates. Non-unique keys may cause children to be duplicated and/or omitted — the behavior is unsupported and could change in a future version.%s Makkah Al-Mukarramah 
    at div
    at section
    at div
    at HomePage (http://localhost:5173/src/features/home/HomePage.jsx:37:33)
    at RenderedRoute (http://localhost:5173/node_modules/.vite/deps/react-router-dom.js?v=8563555b:4131:5)
    at Outlet (http://localhost:5173/node_modules/.vite/deps/react-router-dom.js?v=8563555b:4537:26)
    at main
    at div
    at MainLayout (http://localhost:5173/src/components/layout/MainLayout.jsx:33:39)
    at RenderedRoute (http://localhost:5173/node_modules/.vite/deps/react-router-dom.js?v=8563555b:4131:5)
    at Routes (http://localhost:5173/node_modules/.vite/deps/react-router-dom.js?v=8563555b:4601:5)
    at App
    at Router (http://localhost:5173/node_modules/.vite/deps/react-router-dom.js?v=8563555b:4544:15)
    at HashRouter (http://localhost:5173/node_modules/.vite/deps/react-router-dom.js?v=8563555b:5326:5) @ http://localhost:5173/node_modules/.vite/deps/chunk-NLPANMJC.js?v=8563555b:520
[  108520ms] [ERROR] Warning: Encountered two children with the same key, `%s`. Keys should be unique so that components maintain their identity across updates. Non-unique keys may cause children to be duplicated and/or omitted — the behavior is unsupported and could change in a future version.%s Makkah Al-Mukarramah 
    at div
    at section
    at div
    at HomePage (http://localhost:5173/src/features/home/HomePage.jsx:37:33)
    at RenderedRoute (http://localhost:5173/node_modules/.vite/deps/react-router-dom.js?v=8563555b:4131:5)
    at Outlet (http://localhost:5173/node_modules/.vite/deps/react-router-dom.js?v=8563555b:4537:26)
    at main
    at div
    at MainLayout (http://localhost:5173/src/components/layout/MainLayout.jsx:33:39)
    at RenderedRoute (http://localhost:5173/node_modules/.vite/deps/react-router-dom.js?v=8563555b:4131:5)
    at Routes (http://localhost:5173/node_modules/.vite/deps/react-router-dom.js?v=8563555b:4601:5)
    at App
    at Router (http://localhost:5173/node_modules/.vite/deps/react-router-dom.js?v=8563555b:4544:15)
    at HashRouter (http://localhost:5173/node_modules/.vite/deps/react-router-dom.js?v=8563555b:5326:5) @ http://localhost:5173/node_modules/.vite/deps/chunk-NLPANMJC.js?v=8563555b:520
[  108520ms] [ERROR] Warning: Encountered two children with the same key, `%s`. Keys should be unique so that components maintain their identity across updates. Non-unique keys may cause children to be duplicated and/or omitted — the behavior is unsupported and could change in a future version.%s Makkah Al-Mukarramah 
    at div
    at section
    at div
    at HomePage (http://localhost:5173/src/features/home/HomePage.jsx:37:33)
    at RenderedRoute (http://localhost:5173/node_modules/.vite/deps/react-router-dom.js?v=8563555b:4131:5)
    at Outlet (http://localhost:5173/node_modules/.vite/deps/react-router-dom.js?v=8563555b:4537:26)
    at main
    at div
    at MainLayout (http://localhost:5173/src/components/layout/MainLayout.jsx:33:39)
    at RenderedRoute (http://localhost:5173/node_modules/.vite/deps/react-router-dom.js?v=8563555b:4131:5)
    at Routes (http://localhost:5173/node_modules/.vite/deps/react-router-dom.js?v=8563555b:4601:5)
    at App
    at Router (http://localhost:5173/node_modules/.vite/deps/react-router-dom.js?v=8563555b:4544:15)
    at HashRouter (http://localhost:5173/node_modules/.vite/deps/react-router-dom.js?v=8563555b:5326:5) @ http://localhost:5173/node_modules/.vite/deps/chunk-NLPANMJC.js?v=8563555b:520
[  108617ms] [ERROR] Warning: Encountered two children with the same key, `%s`. Keys should be unique so that components maintain their identity across updates. Non-unique keys may cause children to be duplicated and/or omitted — the behavior is unsupported and could change in a future version.%s Makkah Al-Mukarramah 
    at div
    at section
    at div
    at HomePage (http://localhost:5173/src/features/home/HomePage.jsx:37:33)
    at RenderedRoute (http://localhost:5173/node_modules/.vite/deps/react-router-dom.js?v=8563555b:4131:5)
    at Outlet (http://localhost:5173/node_modules/.vite/deps/react-router-dom.js?v=8563555b:4537:26)
    at main
    at div
    at MainLayout (http://localhost:5173/src/components/layout/MainLayout.jsx:33:39)
    at RenderedRoute (http://localhost:5173/node_modules/.vite/deps/react-router-dom.js?v=8563555b:4131:5)
    at Routes (http://localhost:5173/node_modules/.vite/deps/react-router-dom.js?v=8563555b:4601:5)
    at App
    at Router (http://localhost:5173/node_modules/.vite/deps/react-router-dom.js?v=8563555b:4544:15)
    at HashRouter (http://localhost:5173/node_modules/.vite/deps/react-router-dom.js?v=8563555b:5326:5) @ http://localhost:5173/node_modules/.vite/deps/chunk-NLPANMJC.js?v=8563555b:520
[  108617ms] [ERROR] Warning: Encountered two children with the same key, `%s`. Keys should be unique so that components maintain their identity across updates. Non-unique keys may cause children to be duplicated and/or omitted — the behavior is unsupported and could change in a future version.%s Makkah Al-Mukarramah 
    at div
    at section
    at div
    at HomePage (http://localhost:5173/src/features/home/HomePage.jsx:37:33)
    at RenderedRoute (http://localhost:5173/node_modules/.vite/deps/react-router-dom.js?v=8563555b:4131:5)
    at Outlet (http://localhost:5173/node_modules/.vite/deps/react-router-dom.js?v=8563555b:4537:26)
    at main
    at div
    at MainLayout (http://localhost:5173/src/components/layout/MainLayout.jsx:33:39)
    at RenderedRoute (http://localhost:5173/node_modules/.vite/deps/react-router-dom.js?v=8563555b:4131:5)
    at Routes (http://localhost:5173/node_modules/.vite/deps/react-router-dom.js?v=8563555b:4601:5)
    at App
    at Router (http://localhost:5173/node_modules/.vite/deps/react-router-dom.js?v=8563555b:4544:15)
    at HashRouter (http://localhost:5173/node_modules/.vite/deps/react-router-dom.js?v=8563555b:5326:5) @ http://localhost:5173/node_modules/.vite/deps/chunk-NLPANMJC.js?v=8563555b:520
[  108617ms] [ERROR] Warning: Encountered two children with the same key, `%s`. Keys should be unique so that components maintain their identity across updates. Non-unique keys may cause children to be duplicated and/or omitted — the behavior is unsupported and could change in a future version.%s Makkah Al-Mukarramah 
    at div
    at section
    at div
    at HomePage (http://localhost:5173/src/features/home/HomePage.jsx:37:33)
    at RenderedRoute (http://localhost:5173/node_modules/.vite/deps/react-router-dom.js?v=8563555b:4131:5)
    at Outlet (http://localhost:5173/node_modules/.vite/deps/react-router-dom.js?v=8563555b:4537:26)
    at main
    at div
    at MainLayout (http://localhost:5173/src/components/layout/MainLayout.jsx:33:39)
    at RenderedRoute (http://localhost:5173/node_modules/.vite/deps/react-router-dom.js?v=8563555b:4131:5)
    at Routes (http://localhost:5173/node_modules/.vite/deps/react-router-dom.js?v=8563555b:4601:5)
    at App
    at Router (http://localhost:5173/node_modules/.vite/deps/react-router-dom.js?v=8563555b:4544:15)
    at HashRouter (http://localhost:5173/node_modules/.vite/deps/react-router-dom.js?v=8563555b:5326:5) @ http://localhost:5173/node_modules/.vite/deps/chunk-NLPANMJC.js?v=8563555b:520
[  108668ms] [ERROR] Warning: Encountered two children with the same key, `%s`. Keys should be unique so that components maintain their identity across updates. Non-unique keys may cause children to be duplicated and/or omitted — the behavior is unsupported and could change in a future version.%s Makkah Al-Mukarramah 
    at div
    at section
    at div
    at HomePage (http://localhost:5173/src/features/home/HomePage.jsx:37:33)
    at RenderedRoute (http://localhost:5173/node_modules/.vite/deps/react-router-dom.js?v=8563555b:4131:5)
    at Outlet (http://localhost:5173/node_modules/.vite/deps/react-router-dom.js?v=8563555b:4537:26)
    at main
    at div
    at MainLayout (http://localhost:5173/src/components/layout/MainLayout.jsx:33:39)
    at RenderedRoute (http://localhost:5173/node_modules/.vite/deps/react-router-dom.js?v=8563555b:4131:5)
    at Routes (http://localhost:5173/node_modules/.vite/deps/react-router-dom.js?v=8563555b:4601:5)
    at App
    at Router (http://localhost:5173/node_modules/.vite/deps/react-router-dom.js?v=8563555b:4544:15)
    at HashRouter (http://localhost:5173/node_modules/.vite/deps/react-router-dom.js?v=8563555b:5326:5) @ http://localhost:5173/node_modules/.vite/deps/chunk-NLPANMJC.js?v=8563555b:520
[  108669ms] [ERROR] Warning: Encountered two children with the same key, `%s`. Keys should be unique so that components maintain their identity across updates. Non-unique keys may cause children to be duplicated and/or omitted — the behavior is unsupported and could change in a future version.%s Makkah Al-Mukarramah 
    at div
    at section
    at div
    at HomePage (http://localhost:5173/src/features/home/HomePage.jsx:37:33)
    at RenderedRoute (http://localhost:5173/node_modules/.vite/deps/react-router-dom.js?v=8563555b:4131:5)
    at Outlet (http://localhost:5173/node_modules/.vite/deps/react-router-dom.js?v=8563555b:4537:26)
    at main
    at div
    at MainLayout (http://localhost:5173/src/components/layout/MainLayout.jsx:33:39)
    at RenderedRoute (http://localhost:5173/node_modules/.vite/deps/react-router-dom.js?v=8563555b:4131:5)
    at Routes (http://localhost:5173/node_modules/.vite/deps/react-router-dom.js?v=8563555b:4601:5)
    at App
    at Router (http://localhost:5173/node_modules/.vite/deps/react-router-dom.js?v=8563555b:4544:15)
    at HashRouter (http://localhost:5173/node_modules/.vite/deps/react-router-dom.js?v=8563555b:5326:5) @ http://localhost:5173/node_modules/.vite/deps/chunk-NLPANMJC.js?v=8563555b:520
[  108669ms] [ERROR] Warning: Encountered two children with the same key, `%s`. Keys should be unique so that components maintain their identity across updates. Non-unique keys may cause children to be duplicated and/or omitted — the behavior is unsupported and could change in a future version.%s Makkah Al-Mukarramah 
    at div
    at section
    at div
    at HomePage (http://localhost:5173/src/features/home/HomePage.jsx:37:33)
    at RenderedRoute (http://localhost:5173/node_modules/.vite/deps/react-router-dom.js?v=8563555b:4131:5)
    at Outlet (http://localhost:5173/node_modules/.vite/deps/react-router-dom.js?v=8563555b:4537:26)
    at main
    at div
    at MainLayout (http://localhost:5173/src/components/layout/MainLayout.jsx:33:39)
    at RenderedRoute (http://localhost:5173/node_modules/.vite/deps/react-router-dom.js?v=8563555b:4131:5)
    at Routes (http://localhost:5173/node_modules/.vite/deps/react-router-dom.js?v=8563555b:4601:5)
    at App
    at Router (http://localhost:5173/node_modules/.vite/deps/react-router-dom.js?v=8563555b:4544:15)
    at HashRouter (http://localhost:5173/node_modules/.vite/deps/react-router-dom.js?v=8563555b:5326:5) @ http://localhost:5173/node_modules/.vite/deps/chunk-NLPANMJC.js?v=8563555b:520
[  108735ms] [ERROR] Warning: Encountered two children with the same key, `%s`. Keys should be unique so that components maintain their identity across updates. Non-unique keys may cause children to be duplicated and/or omitted — the behavior is unsupported and could change in a future version.%s Makkah Al-Mukarramah 
    at div
    at section
    at div
    at HomePage (http://localhost:5173/src/features/home/HomePage.jsx:37:33)
    at RenderedRoute (http://localhost:5173/node_modules/.vite/deps/react-router-dom.js?v=8563555b:4131:5)
    at Outlet (http://localhost:5173/node_modules/.vite/deps/react-router-dom.js?v=8563555b:4537:26)
    at main
    at div
    at MainLayout (http://localhost:5173/src/components/layout/MainLayout.jsx:33:39)
    at RenderedRoute (http://localhost:5173/node_modules/.vite/deps/react-router-dom.js?v=8563555b:4131:5)
    at Routes (http://localhost:5173/node_modules/.vite/deps/react-router-dom.js?v=8563555b:4601:5)
    at App
    at Router (http://localhost:5173/node_modules/.vite/deps/react-router-dom.js?v=8563555b:4544:15)
    at HashRouter (http://localhost:5173/node_modules/.vite/deps/react-router-dom.js?v=8563555b:5326:5) @ http://localhost:5173/node_modules/.vite/deps/chunk-NLPANMJC.js?v=8563555b:520
[  108735ms] [ERROR] Warning: Encountered two children with the same key, `%s`. Keys should be unique so that components maintain their identity across updates. Non-unique keys may cause children to be duplicated and/or omitted — the behavior is unsupported and could change in a future version.%s Makkah Al-Mukarramah 
    at div
    at section
    at div
    at HomePage (http://localhost:5173/src/features/home/HomePage.jsx:37:33)
    at RenderedRoute (http://localhost:5173/node_modules/.vite/deps/react-router-dom.js?v=8563555b:4131:5)
    at Outlet (http://localhost:5173/node_modules/.vite/deps/react-router-dom.js?v=8563555b:4537:26)
    at main
    at div
    at MainLayout (http://localhost:5173/src/components/layout/MainLayout.jsx:33:39)
    at RenderedRoute (http://localhost:5173/node_modules/.vite/deps/react-router-dom.js?v=8563555b:4131:5)
    at Routes (http://localhost:5173/node_modules/.vite/deps/react-router-dom.js?v=8563555b:4601:5)
    at App
    at Router (http://localhost:5173/node_modules/.vite/deps/react-router-dom.js?v=8563555b:4544:15)
    at HashRouter (http://localhost:5173/node_modules/.vite/deps/react-router-dom.js?v=8563555b:5326:5) @ http://localhost:5173/node_modules/.vite/deps/chunk-NLPANMJC.js?v=8563555b:520
[  108735ms] [ERROR] Warning: Encountered two children with the same key, `%s`. Keys should be unique so that components maintain their identity across updates. Non-unique keys may cause children to be duplicated and/or omitted — the behavior is unsupported and could change in a future version.%s Makkah Al-Mukarramah 
    at div
    at section
    at div
    at HomePage (http://localhost:5173/src/features/home/HomePage.jsx:37:33)
    at RenderedRoute (http://localhost:5173/node_modules/.vite/deps/react-router-dom.js?v=8563555b:4131:5)
    at Outlet (http://localhost:5173/node_modules/.vite/deps/react-router-dom.js?v=8563555b:4537:26)
    at main
    at div
    at MainLayout (http://localhost:5173/src/components/layout/MainLayout.jsx:33:39)
    at RenderedRoute (http://localhost:5173/node_modules/.vite/deps/react-router-dom.js?v=8563555b:4131:5)
    at Routes (http://localhost:5173/node_modules/.vite/deps/react-router-dom.js?v=8563555b:4601:5)
    at App
    at Router (http://localhost:5173/node_modules/.vite/deps/react-router-dom.js?v=8563555b:4544:15)
    at HashRouter (http://localhost:5173/node_modules/.vite/deps/react-router-dom.js?v=8563555b:5326:5) @ http://localhost:5173/node_modules/.vite/deps/chunk-NLPANMJC.js?v=8563555b:520
[  108847ms] [ERROR] Warning: Encountered two children with the same key, `%s`. Keys should be unique so that components maintain their identity across updates. Non-unique keys may cause children to be duplicated and/or omitted — the behavior is unsupported and could change in a future version.%s Makkah Al-Mukarramah 
    at div
    at section
    at div
    at HomePage (http://localhost:5173/src/features/home/HomePage.jsx:37:33)
    at RenderedRoute (http://localhost:5173/node_modules/.vite/deps/react-router-dom.js?v=8563555b:4131:5)
    at Outlet (http://localhost:5173/node_modules/.vite/deps/react-router-dom.js?v=8563555b:4537:26)
    at main
    at div
    at MainLayout (http://localhost:5173/src/components/layout/MainLayout.jsx:33:39)
    at RenderedRoute (http://localhost:5173/node_modules/.vite/deps/react-router-dom.js?v=8563555b:4131:5)
    at Routes (http://localhost:5173/node_modules/.vite/deps/react-router-dom.js?v=8563555b:4601:5)
    at App
    at Router (http://localhost:5173/node_modules/.vite/deps/react-router-dom.js?v=8563555b:4544:15)
    at HashRouter (http://localhost:5173/node_modules/.vite/deps/react-router-dom.js?v=8563555b:5326:5) @ http://localhost:5173/node_modules/.vite/deps/chunk-NLPANMJC.js?v=8563555b:520
[  108847ms] [ERROR] Warning: Encountered two children with the same key, `%s`. Keys should be unique so that components maintain their identity across updates. Non-unique keys may cause children to be duplicated and/or omitted — the behavior is unsupported and could change in a future version.%s Makkah Al-Mukarramah 
    at div
    at section
    at div
    at HomePage (http://localhost:5173/src/features/home/HomePage.jsx:37:33)
    at RenderedRoute (http://localhost:5173/node_modules/.vite/deps/react-router-dom.js?v=8563555b:4131:5)
    at Outlet (http://localhost:5173/node_modules/.vite/deps/react-router-dom.js?v=8563555b:4537:26)
    at main
    at div
    at MainLayout (http://localhost:5173/src/components/layout/MainLayout.jsx:33:39)
    at RenderedRoute (http://localhost:5173/node_modules/.vite/deps/react-router-dom.js?v=8563555b:4131:5)
    at Routes (http://localhost:5173/node_modules/.vite/deps/react-router-dom.js?v=8563555b:4601:5)
    at App
    at Router (http://localhost:5173/node_modules/.vite/deps/react-router-dom.js?v=8563555b:4544:15)
    at HashRouter (http://localhost:5173/node_modules/.vite/deps/react-router-dom.js?v=8563555b:5326:5) @ http://localhost:5173/node_modules/.vite/deps/chunk-NLPANMJC.js?v=8563555b:520
[  108847ms] [ERROR] Warning: Encountered two children with the same key, `%s`. Keys should be unique so that components maintain their identity across updates. Non-unique keys may cause children to be duplicated and/or omitted — the behavior is unsupported and could change in a future version.%s Makkah Al-Mukarramah 
    at div
    at section
    at div
    at HomePage (http://localhost:5173/src/features/home/HomePage.jsx:37:33)
    at RenderedRoute (http://localhost:5173/node_modules/.vite/deps/react-router-dom.js?v=8563555b:4131:5)
    at Outlet (http://localhost:5173/node_modules/.vite/deps/react-router-dom.js?v=8563555b:4537:26)
    at main
    at div
    at MainLayout (http://localhost:5173/src/components/layout/MainLayout.jsx:33:39)
    at RenderedRoute (http://localhost:5173/node_modules/.vite/deps/react-router-dom.js?v=8563555b:4131:5)
    at Routes (http://localhost:5173/node_modules/.vite/deps/react-router-dom.js?v=8563555b:4601:5)
    at App
    at Router (http://localhost:5173/node_modules/.vite/deps/react-router-dom.js?v=8563555b:4544:15)
    at HashRouter (http://localhost:5173/node_modules/.vite/deps/react-router-dom.js?v=8563555b:5326:5) @ http://localhost:5173/node_modules/.vite/deps/chunk-NLPANMJC.js?v=8563555b:520
[  109124ms] [ERROR] Warning: Encountered two children with the same key, `%s`. Keys should be unique so that components maintain their identity across updates. Non-unique keys may cause children to be duplicated and/or omitted — the behavior is unsupported and could change in a future version.%s Makkah Al-Mukarramah 
    at div
    at section
    at div
    at HomePage (http://localhost:5173/src/features/home/HomePage.jsx:37:33)
    at RenderedRoute (http://localhost:5173/node_modules/.vite/deps/react-router-dom.js?v=8563555b:4131:5)
    at Outlet (http://localhost:5173/node_modules/.vite/deps/react-router-dom.js?v=8563555b:4537:26)
    at main
    at div
    at MainLayout (http://localhost:5173/src/components/layout/MainLayout.jsx:33:39)
    at RenderedRoute (http://localhost:5173/node_modules/.vite/deps/react-router-dom.js?v=8563555b:4131:5)
    at Routes (http://localhost:5173/node_modules/.vite/deps/react-router-dom.js?v=8563555b:4601:5)
    at App
    at Router (http://localhost:5173/node_modules/.vite/deps/react-router-dom.js?v=8563555b:4544:15)
    at HashRouter (http://localhost:5173/node_modules/.vite/deps/react-router-dom.js?v=8563555b:5326:5) @ http://localhost:5173/node_modules/.vite/deps/chunk-NLPANMJC.js?v=8563555b:520
[  109125ms] [ERROR] Warning: Encountered two children with the same key, `%s`. Keys should be unique so that components maintain their identity across updates. Non-unique keys may cause children to be duplicated and/or omitted — the behavior is unsupported and could change in a future version.%s Makkah Al-Mukarramah 
    at div
    at section
    at div
    at HomePage (http://localhost:5173/src/features/home/HomePage.jsx:37:33)
    at RenderedRoute (http://localhost:5173/node_modules/.vite/deps/react-router-dom.js?v=8563555b:4131:5)
    at Outlet (http://localhost:5173/node_modules/.vite/deps/react-router-dom.js?v=8563555b:4537:26)
    at main
    at div
    at MainLayout (http://localhost:5173/src/components/layout/MainLayout.jsx:33:39)
    at RenderedRoute (http://localhost:5173/node_modules/.vite/deps/react-router-dom.js?v=8563555b:4131:5)
    at Routes (http://localhost:5173/node_modules/.vite/deps/react-router-dom.js?v=8563555b:4601:5)
    at App
    at Router (http://localhost:5173/node_modules/.vite/deps/react-router-dom.js?v=8563555b:4544:15)
    at HashRouter (http://localhost:5173/node_modules/.vite/deps/react-router-dom.js?v=8563555b:5326:5) @ http://localhost:5173/node_modules/.vite/deps/chunk-NLPANMJC.js?v=8563555b:520
[  109125ms] [ERROR] Warning: Encountered two children with the same key, `%s`. Keys should be unique so that components maintain their identity across updates. Non-unique keys may cause children to be duplicated and/or omitted — the behavior is unsupported and could change in a future version.%s Makkah Al-Mukarramah 
    at div
    at section
    at div
    at HomePage (http://localhost:5173/src/features/home/HomePage.jsx:37:33)
    at RenderedRoute (http://localhost:5173/node_modules/.vite/deps/react-router-dom.js?v=8563555b:4131:5)
    at Outlet (http://localhost:5173/node_modules/.vite/deps/react-router-dom.js?v=8563555b:4537:26)
    at main
    at div
    at MainLayout (http://localhost:5173/src/components/layout/MainLayout.jsx:33:39)
    at RenderedRoute (http://localhost:5173/node_modules/.vite/deps/react-router-dom.js?v=8563555b:4131:5)
    at Routes (http://localhost:5173/node_modules/.vite/deps/react-router-dom.js?v=8563555b:4601:5)
    at App
    at Router (http://localhost:5173/node_modules/.vite/deps/react-router-dom.js?v=8563555b:4544:15)
    at HashRouter (http://localhost:5173/node_modules/.vite/deps/react-router-dom.js?v=8563555b:5326:5) @ http://localhost:5173/node_modules/.vite/deps/chunk-NLPANMJC.js?v=8563555b:520
[  112849ms] [ERROR] Warning: Encountered two children with the same key, `%s`. Keys should be unique so that components maintain their identity across updates. Non-unique keys may cause children to be duplicated and/or omitted — the behavior is unsupported and could change in a future version.%s Makkah Al-Mukarramah 
    at div
    at section
    at div
    at HomePage (http://localhost:5173/src/features/home/HomePage.jsx:37:33)
    at RenderedRoute (http://localhost:5173/node_modules/.vite/deps/react-router-dom.js?v=8563555b:4131:5)
    at Outlet (http://localhost:5173/node_modules/.vite/deps/react-router-dom.js?v=8563555b:4537:26)
    at main
    at div
    at MainLayout (http://localhost:5173/src/components/layout/MainLayout.jsx:33:39)
    at RenderedRoute (http://localhost:5173/node_modules/.vite/deps/react-router-dom.js?v=8563555b:4131:5)
    at Routes (http://localhost:5173/node_modules/.vite/deps/react-router-dom.js?v=8563555b:4601:5)
    at App
    at Router (http://localhost:5173/node_modules/.vite/deps/react-router-dom.js?v=8563555b:4544:15)
    at HashRouter (http://localhost:5173/node_modules/.vite/deps/react-router-dom.js?v=8563555b:5326:5) @ http://localhost:5173/node_modules/.vite/deps/chunk-NLPANMJC.js?v=8563555b:520
[  112849ms] [ERROR] Warning: Encountered two children with the same key, `%s`. Keys should be unique so that components maintain their identity across updates. Non-unique keys may cause children to be duplicated and/or omitted — the behavior is unsupported and could change in a future version.%s Makkah Al-Mukarramah 
    at div
    at section
    at div
    at HomePage (http://localhost:5173/src/features/home/HomePage.jsx:37:33)
    at RenderedRoute (http://localhost:5173/node_modules/.vite/deps/react-router-dom.js?v=8563555b:4131:5)
    at Outlet (http://localhost:5173/node_modules/.vite/deps/react-router-dom.js?v=8563555b:4537:26)
    at main
    at div
    at MainLayout (http://localhost:5173/src/components/layout/MainLayout.jsx:33:39)
    at RenderedRoute (http://localhost:5173/node_modules/.vite/deps/react-router-dom.js?v=8563555b:4131:5)
    at Routes (http://localhost:5173/node_modules/.vite/deps/react-router-dom.js?v=8563555b:4601:5)
    at App
    at Router (http://localhost:5173/node_modules/.vite/deps/react-router-dom.js?v=8563555b:4544:15)
    at HashRouter (http://localhost:5173/node_modules/.vite/deps/react-router-dom.js?v=8563555b:5326:5) @ http://localhost:5173/node_modules/.vite/deps/chunk-NLPANMJC.js?v=8563555b:520
[  112849ms] [ERROR] Warning: Encountered two children with the same key, `%s`. Keys should be unique so that components maintain their identity across updates. Non-unique keys may cause children to be duplicated and/or omitted — the behavior is unsupported and could change in a future version.%s Makkah Al-Mukarramah 
    at div
    at section
    at div
    at HomePage (http://localhost:5173/src/features/home/HomePage.jsx:37:33)
    at RenderedRoute (http://localhost:5173/node_modules/.vite/deps/react-router-dom.js?v=8563555b:4131:5)
    at Outlet (http://localhost:5173/node_modules/.vite/deps/react-router-dom.js?v=8563555b:4537:26)
    at main
    at div
    at MainLayout (http://localhost:5173/src/components/layout/MainLayout.jsx:33:39)
    at RenderedRoute (http://localhost:5173/node_modules/.vite/deps/react-router-dom.js?v=8563555b:4131:5)
    at Routes (http://localhost:5173/node_modules/.vite/deps/react-router-dom.js?v=8563555b:4601:5)
    at App
    at Router (http://localhost:5173/node_modules/.vite/deps/react-router-dom.js?v=8563555b:4544:15)
    at HashRouter (http://localhost:5173/node_modules/.vite/deps/react-router-dom.js?v=8563555b:5326:5) @ http://localhost:5173/node_modules/.vite/deps/chunk-NLPANMJC.js?v=8563555b:520
[  112869ms] [ERROR] Warning: Encountered two children with the same key, `%s`. Keys should be unique so that components maintain their identity across updates. Non-unique keys may cause children to be duplicated and/or omitted — the behavior is unsupported and could change in a future version.%s Makkah Al-Mukarramah 
    at div
    at section
    at div
    at HomePage (http://localhost:5173/src/features/home/HomePage.jsx:37:33)
    at RenderedRoute (http://localhost:5173/node_modules/.vite/deps/react-router-dom.js?v=8563555b:4131:5)
    at Outlet (http://localhost:5173/node_modules/.vite/deps/react-router-dom.js?v=8563555b:4537:26)
    at main
    at div
    at MainLayout (http://localhost:5173/src/components/layout/MainLayout.jsx:33:39)
    at RenderedRoute (http://localhost:5173/node_modules/.vite/deps/react-router-dom.js?v=8563555b:4131:5)
    at Routes (http://localhost:5173/node_modules/.vite/deps/react-router-dom.js?v=8563555b:4601:5)
    at App
    at Router (http://localhost:5173/node_modules/.vite/deps/react-router-dom.js?v=8563555b:4544:15)
    at HashRouter (http://localhost:5173/node_modules/.vite/deps/react-router-dom.js?v=8563555b:5326:5) @ http://localhost:5173/node_modules/.vite/deps/chunk-NLPANMJC.js?v=8563555b:520
[  112869ms] [ERROR] Warning: Encountered two children with the same key, `%s`. Keys should be unique so that components maintain their identity across updates. Non-unique keys may cause children to be duplicated and/or omitted — the behavior is unsupported and could change in a future version.%s Makkah Al-Mukarramah 
    at div
    at section
    at div
    at HomePage (http://localhost:5173/src/features/home/HomePage.jsx:37:33)
    at RenderedRoute (http://localhost:5173/node_modules/.vite/deps/react-router-dom.js?v=8563555b:4131:5)
    at Outlet (http://localhost:5173/node_modules/.vite/deps/react-router-dom.js?v=8563555b:4537:26)
    at main
    at div
    at MainLayout (http://localhost:5173/src/components/layout/MainLayout.jsx:33:39)
    at RenderedRoute (http://localhost:5173/node_modules/.vite/deps/react-router-dom.js?v=8563555b:4131:5)
    at Routes (http://localhost:5173/node_modules/.vite/deps/react-router-dom.js?v=8563555b:4601:5)
    at App
    at Router (http://localhost:5173/node_modules/.vite/deps/react-router-dom.js?v=8563555b:4544:15)
    at HashRouter (http://localhost:5173/node_modules/.vite/deps/react-router-dom.js?v=8563555b:5326:5) @ http://localhost:5173/node_modules/.vite/deps/chunk-NLPANMJC.js?v=8563555b:520
[  112869ms] [ERROR] Warning: Encountered two children with the same key, `%s`. Keys should be unique so that components maintain their identity across updates. Non-unique keys may cause children to be duplicated and/or omitted — the behavior is unsupported and could change in a future version.%s Makkah Al-Mukarramah 
    at div
    at section
    at div
    at HomePage (http://localhost:5173/src/features/home/HomePage.jsx:37:33)
    at RenderedRoute (http://localhost:5173/node_modules/.vite/deps/react-router-dom.js?v=8563555b:4131:5)
    at Outlet (http://localhost:5173/node_modules/.vite/deps/react-router-dom.js?v=8563555b:4537:26)
    at main
    at div
    at MainLayout (http://localhost:5173/src/components/layout/MainLayout.jsx:33:39)
    at RenderedRoute (http://localhost:5173/node_modules/.vite/deps/react-router-dom.js?v=8563555b:4131:5)
    at Routes (http://localhost:5173/node_modules/.vite/deps/react-router-dom.js?v=8563555b:4601:5)
    at App
    at Router (http://localhost:5173/node_modules/.vite/deps/react-router-dom.js?v=8563555b:4544:15)
    at HashRouter (http://localhost:5173/node_modules/.vite/deps/react-router-dom.js?v=8563555b:5326:5) @ http://localhost:5173/node_modules/.vite/deps/chunk-NLPANMJC.js?v=8563555b:520
[  112984ms] [ERROR] Warning: Encountered two children with the same key, `%s`. Keys should be unique so that components maintain their identity across updates. Non-unique keys may cause children to be duplicated and/or omitted — the behavior is unsupported and could change in a future version.%s Makkah Al-Mukarramah 
    at div
    at section
    at div
    at HomePage (http://localhost:5173/src/features/home/HomePage.jsx:37:33)
    at RenderedRoute (http://localhost:5173/node_modules/.vite/deps/react-router-dom.js?v=8563555b:4131:5)
    at Outlet (http://localhost:5173/node_modules/.vite/deps/react-router-dom.js?v=8563555b:4537:26)
    at main
    at div
    at MainLayout (http://localhost:5173/src/components/layout/MainLayout.jsx:33:39)
    at RenderedRoute (http://localhost:5173/node_modules/.vite/deps/react-router-dom.js?v=8563555b:4131:5)
    at Routes (http://localhost:5173/node_modules/.vite/deps/react-router-dom.js?v=8563555b:4601:5)
    at App
    at Router (http://localhost:5173/node_modules/.vite/deps/react-router-dom.js?v=8563555b:4544:15)
    at HashRouter (http://localhost:5173/node_modules/.vite/deps/react-router-dom.js?v=8563555b:5326:5) @ http://localhost:5173/node_modules/.vite/deps/chunk-NLPANMJC.js?v=8563555b:520
[  112984ms] [ERROR] Warning: Encountered two children with the same key, `%s`. Keys should be unique so that components maintain their identity across updates. Non-unique keys may cause children to be duplicated and/or omitted — the behavior is unsupported and could change in a future version.%s Makkah Al-Mukarramah 
    at div
    at section
    at div
    at HomePage (http://localhost:5173/src/features/home/HomePage.jsx:37:33)
    at RenderedRoute (http://localhost:5173/node_modules/.vite/deps/react-router-dom.js?v=8563555b:4131:5)
    at Outlet (http://localhost:5173/node_modules/.vite/deps/react-router-dom.js?v=8563555b:4537:26)
    at main
    at div
    at MainLayout (http://localhost:5173/src/components/layout/MainLayout.jsx:33:39)
    at RenderedRoute (http://localhost:5173/node_modules/.vite/deps/react-router-dom.js?v=8563555b:4131:5)
    at Routes (http://localhost:5173/node_modules/.vite/deps/react-router-dom.js?v=8563555b:4601:5)
    at App
    at Router (http://localhost:5173/node_modules/.vite/deps/react-router-dom.js?v=8563555b:4544:15)
    at HashRouter (http://localhost:5173/node_modules/.vite/deps/react-router-dom.js?v=8563555b:5326:5) @ http://localhost:5173/node_modules/.vite/deps/chunk-NLPANMJC.js?v=8563555b:520
[  112984ms] [ERROR] Warning: Encountered two children with the same key, `%s`. Keys should be unique so that components maintain their identity across updates. Non-unique keys may cause children to be duplicated and/or omitted — the behavior is unsupported and could change in a future version.%s Makkah Al-Mukarramah 
    at div
    at section
    at div
    at HomePage (http://localhost:5173/src/features/home/HomePage.jsx:37:33)
    at RenderedRoute (http://localhost:5173/node_modules/.vite/deps/react-router-dom.js?v=8563555b:4131:5)
    at Outlet (http://localhost:5173/node_modules/.vite/deps/react-router-dom.js?v=8563555b:4537:26)
    at main
    at div
    at MainLayout (http://localhost:5173/src/components/layout/MainLayout.jsx:33:39)
    at RenderedRoute (http://localhost:5173/node_modules/.vite/deps/react-router-dom.js?v=8563555b:4131:5)
    at Routes (http://localhost:5173/node_modules/.vite/deps/react-router-dom.js?v=8563555b:4601:5)
    at App
    at Router (http://localhost:5173/node_modules/.vite/deps/react-router-dom.js?v=8563555b:4544:15)
    at HashRouter (http://localhost:5173/node_modules/.vite/deps/react-router-dom.js?v=8563555b:5326:5) @ http://localhost:5173/node_modules/.vite/deps/chunk-NLPANMJC.js?v=8563555b:520
[  117338ms] [ERROR] Warning: Encountered two children with the same key, `%s`. Keys should be unique so that components maintain their identity across updates. Non-unique keys may cause children to be duplicated and/or omitted — the behavior is unsupported and could change in a future version.%s Makkah Al-Mukarramah 
    at div
    at section
    at div
    at HomePage (http://localhost:5173/src/features/home/HomePage.jsx:37:33)
    at RenderedRoute (http://localhost:5173/node_modules/.vite/deps/react-router-dom.js?v=8563555b:4131:5)
    at Outlet (http://localhost:5173/node_modules/.vite/deps/react-router-dom.js?v=8563555b:4537:26)
    at main
    at div
    at MainLayout (http://localhost:5173/src/components/layout/MainLayout.jsx:33:39)
    at RenderedRoute (http://localhost:5173/node_modules/.vite/deps/react-router-dom.js?v=8563555b:4131:5)
    at Routes (http://localhost:5173/node_modules/.vite/deps/react-router-dom.js?v=8563555b:4601:5)
    at App
    at Router (http://localhost:5173/node_modules/.vite/deps/react-router-dom.js?v=8563555b:4544:15)
    at HashRouter (http://localhost:5173/node_modules/.vite/deps/react-router-dom.js?v=8563555b:5326:5) @ http://localhost:5173/node_modules/.vite/deps/chunk-NLPANMJC.js?v=8563555b:520
[  117339ms] [ERROR] Warning: Encountered two children with the same key, `%s`. Keys should be unique so that components maintain their identity across updates. Non-unique keys may cause children to be duplicated and/or omitted — the behavior is unsupported and could change in a future version.%s Makkah Al-Mukarramah 
    at div
    at section
    at div
    at HomePage (http://localhost:5173/src/features/home/HomePage.jsx:37:33)
    at RenderedRoute (http://localhost:5173/node_modules/.vite/deps/react-router-dom.js?v=8563555b:4131:5)
    at Outlet (http://localhost:5173/node_modules/.vite/deps/react-router-dom.js?v=8563555b:4537:26)
    at main
    at div
    at MainLayout (http://localhost:5173/src/components/layout/MainLayout.jsx:33:39)
    at RenderedRoute (http://localhost:5173/node_modules/.vite/deps/react-router-dom.js?v=8563555b:4131:5)
    at Routes (http://localhost:5173/node_modules/.vite/deps/react-router-dom.js?v=8563555b:4601:5)
    at App
    at Router (http://localhost:5173/node_modules/.vite/deps/react-router-dom.js?v=8563555b:4544:15)
    at HashRouter (http://localhost:5173/node_modules/.vite/deps/react-router-dom.js?v=8563555b:5326:5) @ http://localhost:5173/node_modules/.vite/deps/chunk-NLPANMJC.js?v=8563555b:520
[  117339ms] [ERROR] Warning: Encountered two children with the same key, `%s`. Keys should be unique so that components maintain their identity across updates. Non-unique keys may cause children to be duplicated and/or omitted — the behavior is unsupported and could change in a future version.%s Makkah Al-Mukarramah 
    at div
    at section
    at div
    at HomePage (http://localhost:5173/src/features/home/HomePage.jsx:37:33)
    at RenderedRoute (http://localhost:5173/node_modules/.vite/deps/react-router-dom.js?v=8563555b:4131:5)
    at Outlet (http://localhost:5173/node_modules/.vite/deps/react-router-dom.js?v=8563555b:4537:26)
    at main
    at div
    at MainLayout (http://localhost:5173/src/components/layout/MainLayout.jsx:33:39)
    at RenderedRoute (http://localhost:5173/node_modules/.vite/deps/react-router-dom.js?v=8563555b:4131:5)
    at Routes (http://localhost:5173/node_modules/.vite/deps/react-router-dom.js?v=8563555b:4601:5)
    at App
    at Router (http://localhost:5173/node_modules/.vite/deps/react-router-dom.js?v=8563555b:4544:15)
    at HashRouter (http://localhost:5173/node_modules/.vite/deps/react-router-dom.js?v=8563555b:5326:5) @ http://localhost:5173/node_modules/.vite/deps/chunk-NLPANMJC.js?v=8563555b:520
[  117360ms] [ERROR] Warning: Encountered two children with the same key, `%s`. Keys should be unique so that components maintain their identity across updates. Non-unique keys may cause children to be duplicated and/or omitted — the behavior is unsupported and could change in a future version.%s Makkah Al-Mukarramah 
    at div
    at section
    at div
    at HomePage (http://localhost:5173/src/features/home/HomePage.jsx:37:33)
    at RenderedRoute (http://localhost:5173/node_modules/.vite/deps/react-router-dom.js?v=8563555b:4131:5)
    at Outlet (http://localhost:5173/node_modules/.vite/deps/react-router-dom.js?v=8563555b:4537:26)
    at main
    at div
    at MainLayout (http://localhost:5173/src/components/layout/MainLayout.jsx:33:39)
    at RenderedRoute (http://localhost:5173/node_modules/.vite/deps/react-router-dom.js?v=8563555b:4131:5)
    at Routes (http://localhost:5173/node_modules/.vite/deps/react-router-dom.js?v=8563555b:4601:5)
    at App
    at Router (http://localhost:5173/node_modules/.vite/deps/react-router-dom.js?v=8563555b:4544:15)
    at HashRouter (http://localhost:5173/node_modules/.vite/deps/react-router-dom.js?v=8563555b:5326:5) @ http://localhost:5173/node_modules/.vite/deps/chunk-NLPANMJC.js?v=8563555b:520
[  117360ms] [ERROR] Warning: Encountered two children with the same key, `%s`. Keys should be unique so that components maintain their identity across updates. Non-unique keys may cause children to be duplicated and/or omitted — the behavior is unsupported and could change in a future version.%s Makkah Al-Mukarramah 
    at div
    at section
    at div
    at HomePage (http://localhost:5173/src/features/home/HomePage.jsx:37:33)
    at RenderedRoute (http://localhost:5173/node_modules/.vite/deps/react-router-dom.js?v=8563555b:4131:5)
    at Outlet (http://localhost:5173/node_modules/.vite/deps/react-router-dom.js?v=8563555b:4537:26)
    at main
    at div
    at MainLayout (http://localhost:5173/src/components/layout/MainLayout.jsx:33:39)
    at RenderedRoute (http://localhost:5173/node_modules/.vite/deps/react-router-dom.js?v=8563555b:4131:5)
    at Routes (http://localhost:5173/node_modules/.vite/deps/react-router-dom.js?v=8563555b:4601:5)
    at App
    at Router (http://localhost:5173/node_modules/.vite/deps/react-router-dom.js?v=8563555b:4544:15)
    at HashRouter (http://localhost:5173/node_modules/.vite/deps/react-router-dom.js?v=8563555b:5326:5) @ http://localhost:5173/node_modules/.vite/deps/chunk-NLPANMJC.js?v=8563555b:520
[  117360ms] [ERROR] Warning: Encountered two children with the same key, `%s`. Keys should be unique so that components maintain their identity across updates. Non-unique keys may cause children to be duplicated and/or omitted — the behavior is unsupported and could change in a future version.%s Makkah Al-Mukarramah 
    at div
    at section
    at div
    at HomePage (http://localhost:5173/src/features/home/HomePage.jsx:37:33)
    at RenderedRoute (http://localhost:5173/node_modules/.vite/deps/react-router-dom.js?v=8563555b:4131:5)
    at Outlet (http://localhost:5173/node_modules/.vite/deps/react-router-dom.js?v=8563555b:4537:26)
    at main
    at div
    at MainLayout (http://localhost:5173/src/components/layout/MainLayout.jsx:33:39)
    at RenderedRoute (http://localhost:5173/node_modules/.vite/deps/react-router-dom.js?v=8563555b:4131:5)
    at Routes (http://localhost:5173/node_modules/.vite/deps/react-router-dom.js?v=8563555b:4601:5)
    at App
    at Router (http://localhost:5173/node_modules/.vite/deps/react-router-dom.js?v=8563555b:4544:15)
    at HashRouter (http://localhost:5173/node_modules/.vite/deps/react-router-dom.js?v=8563555b:5326:5) @ http://localhost:5173/node_modules/.vite/deps/chunk-NLPANMJC.js?v=8563555b:520
[  117499ms] [ERROR] Warning: Encountered two children with the same key, `%s`. Keys should be unique so that components maintain their identity across updates. Non-unique keys may cause children to be duplicated and/or omitted — the behavior is unsupported and could change in a future version.%s Makkah Al-Mukarramah 
    at div
    at section
    at div
    at HomePage (http://localhost:5173/src/features/home/HomePage.jsx:37:33)
    at RenderedRoute (http://localhost:5173/node_modules/.vite/deps/react-router-dom.js?v=8563555b:4131:5)
    at Outlet (http://localhost:5173/node_modules/.vite/deps/react-router-dom.js?v=8563555b:4537:26)
    at main
    at div
    at MainLayout (http://localhost:5173/src/components/layout/MainLayout.jsx:33:39)
    at RenderedRoute (http://localhost:5173/node_modules/.vite/deps/react-router-dom.js?v=8563555b:4131:5)
    at Routes (http://localhost:5173/node_modules/.vite/deps/react-router-dom.js?v=8563555b:4601:5)
    at App
    at Router (http://localhost:5173/node_modules/.vite/deps/react-router-dom.js?v=8563555b:4544:15)
    at HashRouter (http://localhost:5173/node_modules/.vite/deps/react-router-dom.js?v=8563555b:5326:5) @ http://localhost:5173/node_modules/.vite/deps/chunk-NLPANMJC.js?v=8563555b:520
[  117499ms] [ERROR] Warning: Encountered two children with the same key, `%s`. Keys should be unique so that components maintain their identity across updates. Non-unique keys may cause children to be duplicated and/or omitted — the behavior is unsupported and could change in a future version.%s Makkah Al-Mukarramah 
    at div
    at section
    at div
    at HomePage (http://localhost:5173/src/features/home/HomePage.jsx:37:33)
    at RenderedRoute (http://localhost:5173/node_modules/.vite/deps/react-router-dom.js?v=8563555b:4131:5)
    at Outlet (http://localhost:5173/node_modules/.vite/deps/react-router-dom.js?v=8563555b:4537:26)
    at main
    at div
    at MainLayout (http://localhost:5173/src/components/layout/MainLayout.jsx:33:39)
    at RenderedRoute (http://localhost:5173/node_modules/.vite/deps/react-router-dom.js?v=8563555b:4131:5)
    at Routes (http://localhost:5173/node_modules/.vite/deps/react-router-dom.js?v=8563555b:4601:5)
    at App
    at Router (http://localhost:5173/node_modules/.vite/deps/react-router-dom.js?v=8563555b:4544:15)
    at HashRouter (http://localhost:5173/node_modules/.vite/deps/react-router-dom.js?v=8563555b:5326:5) @ http://localhost:5173/node_modules/.vite/deps/chunk-NLPANMJC.js?v=8563555b:520
[  117499ms] [ERROR] Warning: Encountered two children with the same key, `%s`. Keys should be unique so that components maintain their identity across updates. Non-unique keys may cause children to be duplicated and/or omitted — the behavior is unsupported and could change in a future version.%s Makkah Al-Mukarramah 
    at div
    at section
    at div
    at HomePage (http://localhost:5173/src/features/home/HomePage.jsx:37:33)
    at RenderedRoute (http://localhost:5173/node_modules/.vite/deps/react-router-dom.js?v=8563555b:4131:5)
    at Outlet (http://localhost:5173/node_modules/.vite/deps/react-router-dom.js?v=8563555b:4537:26)
    at main
    at div
    at MainLayout (http://localhost:5173/src/components/layout/MainLayout.jsx:33:39)
    at RenderedRoute (http://localhost:5173/node_modules/.vite/deps/react-router-dom.js?v=8563555b:4131:5)
    at Routes (http://localhost:5173/node_modules/.vite/deps/react-router-dom.js?v=8563555b:4601:5)
    at App
    at Router (http://localhost:5173/node_modules/.vite/deps/react-router-dom.js?v=8563555b:4544:15)
    at HashRouter (http://localhost:5173/node_modules/.vite/deps/react-router-dom.js?v=8563555b:5326:5) @ http://localhost:5173/node_modules/.vite/deps/chunk-NLPANMJC.js?v=8563555b:520
[  121841ms] [ERROR] Warning: Encountered two children with the same key, `%s`. Keys should be unique so that components maintain their identity across updates. Non-unique keys may cause children to be duplicated and/or omitted — the behavior is unsupported and could change in a future version.%s Makkah Al-Mukarramah 
    at div
    at section
    at div
    at HomePage (http://localhost:5173/src/features/home/HomePage.jsx:37:33)
    at RenderedRoute (http://localhost:5173/node_modules/.vite/deps/react-router-dom.js?v=8563555b:4131:5)
    at Outlet (http://localhost:5173/node_modules/.vite/deps/react-router-dom.js?v=8563555b:4537:26)
    at main
    at div
    at MainLayout (http://localhost:5173/src/components/layout/MainLayout.jsx:33:39)
    at RenderedRoute (http://localhost:5173/node_modules/.vite/deps/react-router-dom.js?v=8563555b:4131:5)
    at Routes (http://localhost:5173/node_modules/.vite/deps/react-router-dom.js?v=8563555b:4601:5)
    at App
    at Router (http://localhost:5173/node_modules/.vite/deps/react-router-dom.js?v=8563555b:4544:15)
    at HashRouter (http://localhost:5173/node_modules/.vite/deps/react-router-dom.js?v=8563555b:5326:5) @ http://localhost:5173/node_modules/.vite/deps/chunk-NLPANMJC.js?v=8563555b:520
[  121842ms] [ERROR] Warning: Encountered two children with the same key, `%s`. Keys should be unique so that components maintain their identity across updates. Non-unique keys may cause children to be duplicated and/or omitted — the behavior is unsupported and could change in a future version.%s Makkah Al-Mukarramah 
    at div
    at section
    at div
    at HomePage (http://localhost:5173/src/features/home/HomePage.jsx:37:33)
    at RenderedRoute (http://localhost:5173/node_modules/.vite/deps/react-router-dom.js?v=8563555b:4131:5)
    at Outlet (http://localhost:5173/node_modules/.vite/deps/react-router-dom.js?v=8563555b:4537:26)
    at main
    at div
    at MainLayout (http://localhost:5173/src/components/layout/MainLayout.jsx:33:39)
    at RenderedRoute (http://localhost:5173/node_modules/.vite/deps/react-router-dom.js?v=8563555b:4131:5)
    at Routes (http://localhost:5173/node_modules/.vite/deps/react-router-dom.js?v=8563555b:4601:5)
    at App
    at Router (http://localhost:5173/node_modules/.vite/deps/react-router-dom.js?v=8563555b:4544:15)
    at HashRouter (http://localhost:5173/node_modules/.vite/deps/react-router-dom.js?v=8563555b:5326:5) @ http://localhost:5173/node_modules/.vite/deps/chunk-NLPANMJC.js?v=8563555b:520
[  121842ms] [ERROR] Warning: Encountered two children with the same key, `%s`. Keys should be unique so that components maintain their identity across updates. Non-unique keys may cause children to be duplicated and/or omitted — the behavior is unsupported and could change in a future version.%s Makkah Al-Mukarramah 
    at div
    at section
    at div
    at HomePage (http://localhost:5173/src/features/home/HomePage.jsx:37:33)
    at RenderedRoute (http://localhost:5173/node_modules/.vite/deps/react-router-dom.js?v=8563555b:4131:5)
    at Outlet (http://localhost:5173/node_modules/.vite/deps/react-router-dom.js?v=8563555b:4537:26)
    at main
    at div
    at MainLayout (http://localhost:5173/src/components/layout/MainLayout.jsx:33:39)
    at RenderedRoute (http://localhost:5173/node_modules/.vite/deps/react-router-dom.js?v=8563555b:4131:5)
    at Routes (http://localhost:5173/node_modules/.vite/deps/react-router-dom.js?v=8563555b:4601:5)
    at App
    at Router (http://localhost:5173/node_modules/.vite/deps/react-router-dom.js?v=8563555b:4544:15)
    at HashRouter (http://localhost:5173/node_modules/.vite/deps/react-router-dom.js?v=8563555b:5326:5) @ http://localhost:5173/node_modules/.vite/deps/chunk-NLPANMJC.js?v=8563555b:520
[  121860ms] [ERROR] Warning: Encountered two children with the same key, `%s`. Keys should be unique so that components maintain their identity across updates. Non-unique keys may cause children to be duplicated and/or omitted — the behavior is unsupported and could change in a future version.%s Makkah Al-Mukarramah 
    at div
    at section
    at div
    at HomePage (http://localhost:5173/src/features/home/HomePage.jsx:37:33)
    at RenderedRoute (http://localhost:5173/node_modules/.vite/deps/react-router-dom.js?v=8563555b:4131:5)
    at Outlet (http://localhost:5173/node_modules/.vite/deps/react-router-dom.js?v=8563555b:4537:26)
    at main
    at div
    at MainLayout (http://localhost:5173/src/components/layout/MainLayout.jsx:33:39)
    at RenderedRoute (http://localhost:5173/node_modules/.vite/deps/react-router-dom.js?v=8563555b:4131:5)
    at Routes (http://localhost:5173/node_modules/.vite/deps/react-router-dom.js?v=8563555b:4601:5)
    at App
    at Router (http://localhost:5173/node_modules/.vite/deps/react-router-dom.js?v=8563555b:4544:15)
    at HashRouter (http://localhost:5173/node_modules/.vite/deps/react-router-dom.js?v=8563555b:5326:5) @ http://localhost:5173/node_modules/.vite/deps/chunk-NLPANMJC.js?v=8563555b:520
[  121860ms] [ERROR] Warning: Encountered two children with the same key, `%s`. Keys should be unique so that components maintain their identity across updates. Non-unique keys may cause children to be duplicated and/or omitted — the behavior is unsupported and could change in a future version.%s Makkah Al-Mukarramah 
    at div
    at section
    at div
    at HomePage (http://localhost:5173/src/features/home/HomePage.jsx:37:33)
    at RenderedRoute (http://localhost:5173/node_modules/.vite/deps/react-router-dom.js?v=8563555b:4131:5)
    at Outlet (http://localhost:5173/node_modules/.vite/deps/react-router-dom.js?v=8563555b:4537:26)
    at main
    at div
    at MainLayout (http://localhost:5173/src/components/layout/MainLayout.jsx:33:39)
    at RenderedRoute (http://localhost:5173/node_modules/.vite/deps/react-router-dom.js?v=8563555b:4131:5)
    at Routes (http://localhost:5173/node_modules/.vite/deps/react-router-dom.js?v=8563555b:4601:5)
    at App
    at Router (http://localhost:5173/node_modules/.vite/deps/react-router-dom.js?v=8563555b:4544:15)
    at HashRouter (http://localhost:5173/node_modules/.vite/deps/react-router-dom.js?v=8563555b:5326:5) @ http://localhost:5173/node_modules/.vite/deps/chunk-NLPANMJC.js?v=8563555b:520
[  121860ms] [ERROR] Warning: Encountered two children with the same key, `%s`. Keys should be unique so that components maintain their identity across updates. Non-unique keys may cause children to be duplicated and/or omitted — the behavior is unsupported and could change in a future version.%s Makkah Al-Mukarramah 
    at div
    at section
    at div
    at HomePage (http://localhost:5173/src/features/home/HomePage.jsx:37:33)
    at RenderedRoute (http://localhost:5173/node_modules/.vite/deps/react-router-dom.js?v=8563555b:4131:5)
    at Outlet (http://localhost:5173/node_modules/.vite/deps/react-router-dom.js?v=8563555b:4537:26)
    at main
    at div
    at MainLayout (http://localhost:5173/src/components/layout/MainLayout.jsx:33:39)
    at RenderedRoute (http://localhost:5173/node_modules/.vite/deps/react-router-dom.js?v=8563555b:4131:5)
    at Routes (http://localhost:5173/node_modules/.vite/deps/react-router-dom.js?v=8563555b:4601:5)
    at App
    at Router (http://localhost:5173/node_modules/.vite/deps/react-router-dom.js?v=8563555b:4544:15)
    at HashRouter (http://localhost:5173/node_modules/.vite/deps/react-router-dom.js?v=8563555b:5326:5) @ http://localhost:5173/node_modules/.vite/deps/chunk-NLPANMJC.js?v=8563555b:520
[  121998ms] [ERROR] Warning: Encountered two children with the same key, `%s`. Keys should be unique so that components maintain their identity across updates. Non-unique keys may cause children to be duplicated and/or omitted — the behavior is unsupported and could change in a future version.%s Makkah Al-Mukarramah 
    at div
    at section
    at div
    at HomePage (http://localhost:5173/src/features/home/HomePage.jsx:37:33)
    at RenderedRoute (http://localhost:5173/node_modules/.vite/deps/react-router-dom.js?v=8563555b:4131:5)
    at Outlet (http://localhost:5173/node_modules/.vite/deps/react-router-dom.js?v=8563555b:4537:26)
    at main
    at div
    at MainLayout (http://localhost:5173/src/components/layout/MainLayout.jsx:33:39)
    at RenderedRoute (http://localhost:5173/node_modules/.vite/deps/react-router-dom.js?v=8563555b:4131:5)
    at Routes (http://localhost:5173/node_modules/.vite/deps/react-router-dom.js?v=8563555b:4601:5)
    at App
    at Router (http://localhost:5173/node_modules/.vite/deps/react-router-dom.js?v=8563555b:4544:15)
    at HashRouter (http://localhost:5173/node_modules/.vite/deps/react-router-dom.js?v=8563555b:5326:5) @ http://localhost:5173/node_modules/.vite/deps/chunk-NLPANMJC.js?v=8563555b:520
[  121998ms] [ERROR] Warning: Encountered two children with the same key, `%s`. Keys should be unique so that components maintain their identity across updates. Non-unique keys may cause children to be duplicated and/or omitted — the behavior is unsupported and could change in a future version.%s Makkah Al-Mukarramah 
    at div
    at section
    at div
    at HomePage (http://localhost:5173/src/features/home/HomePage.jsx:37:33)
    at RenderedRoute (http://localhost:5173/node_modules/.vite/deps/react-router-dom.js?v=8563555b:4131:5)
    at Outlet (http://localhost:5173/node_modules/.vite/deps/react-router-dom.js?v=8563555b:4537:26)
    at main
    at div
    at MainLayout (http://localhost:5173/src/components/layout/MainLayout.jsx:33:39)
    at RenderedRoute (http://localhost:5173/node_modules/.vite/deps/react-router-dom.js?v=8563555b:4131:5)
    at Routes (http://localhost:5173/node_modules/.vite/deps/react-router-dom.js?v=8563555b:4601:5)
    at App
    at Router (http://localhost:5173/node_modules/.vite/deps/react-router-dom.js?v=8563555b:4544:15)
    at HashRouter (http://localhost:5173/node_modules/.vite/deps/react-router-dom.js?v=8563555b:5326:5) @ http://localhost:5173/node_modules/.vite/deps/chunk-NLPANMJC.js?v=8563555b:520
[  121998ms] [ERROR] Warning: Encountered two children with the same key, `%s`. Keys should be unique so that components maintain their identity across updates. Non-unique keys may cause children to be duplicated and/or omitted — the behavior is unsupported and could change in a future version.%s Makkah Al-Mukarramah 
    at div
    at section
    at div
    at HomePage (http://localhost:5173/src/features/home/HomePage.jsx:37:33)
    at RenderedRoute (http://localhost:5173/node_modules/.vite/deps/react-router-dom.js?v=8563555b:4131:5)
    at Outlet (http://localhost:5173/node_modules/.vite/deps/react-router-dom.js?v=8563555b:4537:26)
    at main
    at div
    at MainLayout (http://localhost:5173/src/components/layout/MainLayout.jsx:33:39)
    at RenderedRoute (http://localhost:5173/node_modules/.vite/deps/react-router-dom.js?v=8563555b:4131:5)
    at Routes (http://localhost:5173/node_modules/.vite/deps/react-router-dom.js?v=8563555b:4601:5)
    at App
    at Router (http://localhost:5173/node_modules/.vite/deps/react-router-dom.js?v=8563555b:4544:15)
    at HashRouter (http://localhost:5173/node_modules/.vite/deps/react-router-dom.js?v=8563555b:5326:5) @ http://localhost:5173/node_modules/.vite/deps/chunk-NLPANMJC.js?v=8563555b:520
