[     532ms] [INFO] %cDownload the React DevTools for a better development experience: https://reactjs.org/link/react-devtools font-weight:bold @ http://localhost:5173/node_modules/.vite/deps/chunk-NLPANMJC.js?v=dc97d517:21550
[     646ms] [ERROR] Warning: Encountered two children with the same key, `%s`. Keys should be unique so that components maintain their identity across updates. Non-unique keys may cause children to be duplicated and/or omitted — the behavior is unsupported and could change in a future version.%s Makkah Al-Mukarramah 
    at div
    at section
    at div
    at HomePage (http://localhost:5173/src/features/home/HomePage.jsx?t=1785108332662:37:33)
    at RenderedRoute (http://localhost:5173/node_modules/.vite/deps/react-router-dom.js?v=1f697ce1:4131:5)
    at Outlet (http://localhost:5173/node_modules/.vite/deps/react-router-dom.js?v=1f697ce1:4537:26)
    at main
    at div
    at MainLayout (http://localhost:5173/src/components/layout/MainLayout.jsx:33:39)
    at RenderedRoute (http://localhost:5173/node_modules/.vite/deps/react-router-dom.js?v=1f697ce1:4131:5)
    at Routes (http://localhost:5173/node_modules/.vite/deps/react-router-dom.js?v=1f697ce1:4601:5)
    at App
    at Router (http://localhost:5173/node_modules/.vite/deps/react-router-dom.js?v=1f697ce1:4544:15)
    at HashRouter (http://localhost:5173/node_modules/.vite/deps/react-router-dom.js?v=1f697ce1:5326:5) @ http://localhost:5173/node_modules/.vite/deps/chunk-NLPANMJC.js?v=dc97d517:520
[     646ms] [ERROR] Warning: Encountered two children with the same key, `%s`. Keys should be unique so that components maintain their identity across updates. Non-unique keys may cause children to be duplicated and/or omitted — the behavior is unsupported and could change in a future version.%s Makkah Al-Mukarramah 
    at div
    at section
    at div
    at HomePage (http://localhost:5173/src/features/home/HomePage.jsx?t=1785108332662:37:33)
    at RenderedRoute (http://localhost:5173/node_modules/.vite/deps/react-router-dom.js?v=1f697ce1:4131:5)
    at Outlet (http://localhost:5173/node_modules/.vite/deps/react-router-dom.js?v=1f697ce1:4537:26)
    at main
    at div
    at MainLayout (http://localhost:5173/src/components/layout/MainLayout.jsx:33:39)
    at RenderedRoute (http://localhost:5173/node_modules/.vite/deps/react-router-dom.js?v=1f697ce1:4131:5)
    at Routes (http://localhost:5173/node_modules/.vite/deps/react-router-dom.js?v=1f697ce1:4601:5)
    at App
    at Router (http://localhost:5173/node_modules/.vite/deps/react-router-dom.js?v=1f697ce1:4544:15)
    at HashRouter (http://localhost:5173/node_modules/.vite/deps/react-router-dom.js?v=1f697ce1:5326:5) @ http://localhost:5173/node_modules/.vite/deps/chunk-NLPANMJC.js?v=dc97d517:520
[     647ms] [ERROR] Warning: Encountered two children with the same key, `%s`. Keys should be unique so that components maintain their identity across updates. Non-unique keys may cause children to be duplicated and/or omitted — the behavior is unsupported and could change in a future version.%s Makkah Al-Mukarramah 
    at div
    at section
    at div
    at HomePage (http://localhost:5173/src/features/home/HomePage.jsx?t=1785108332662:37:33)
    at RenderedRoute (http://localhost:5173/node_modules/.vite/deps/react-router-dom.js?v=1f697ce1:4131:5)
    at Outlet (http://localhost:5173/node_modules/.vite/deps/react-router-dom.js?v=1f697ce1:4537:26)
    at main
    at div
    at MainLayout (http://localhost:5173/src/components/layout/MainLayout.jsx:33:39)
    at RenderedRoute (http://localhost:5173/node_modules/.vite/deps/react-router-dom.js?v=1f697ce1:4131:5)
    at Routes (http://localhost:5173/node_modules/.vite/deps/react-router-dom.js?v=1f697ce1:4601:5)
    at App
    at Router (http://localhost:5173/node_modules/.vite/deps/react-router-dom.js?v=1f697ce1:4544:15)
    at HashRouter (http://localhost:5173/node_modules/.vite/deps/react-router-dom.js?v=1f697ce1:5326:5) @ http://localhost:5173/node_modules/.vite/deps/chunk-NLPANMJC.js?v=dc97d517:520
[     897ms] [WARNING] ⚠️ React Router Future Flag Warning: React Router will begin wrapping state updates in `React.startTransition` in v7. You can use the `v7_startTransition` future flag to opt-in early. For more information, see https://reactrouter.com/v6/upgrading/future#v7_starttransition. @ http://localhost:5173/node_modules/.vite/deps/react-router-dom.js?v=1f697ce1:4435
[     898ms] [WARNING] ⚠️ React Router Future Flag Warning: Relative route resolution within Splat routes is changing in v7. You can use the `v7_relativeSplatPath` future flag to opt-in early. For more information, see https://reactrouter.com/v6/upgrading/future#v7_relativesplatpath. @ http://localhost:5173/node_modules/.vite/deps/react-router-dom.js?v=1f697ce1:4435
[     944ms] [ERROR] Warning: Encountered two children with the same key, `%s`. Keys should be unique so that components maintain their identity across updates. Non-unique keys may cause children to be duplicated and/or omitted — the behavior is unsupported and could change in a future version.%s Makkah Al-Mukarramah 
    at div
    at section
    at div
    at HomePage (http://localhost:5173/src/features/home/HomePage.jsx?t=1785108332662:37:33)
    at RenderedRoute (http://localhost:5173/node_modules/.vite/deps/react-router-dom.js?v=1f697ce1:4131:5)
    at Outlet (http://localhost:5173/node_modules/.vite/deps/react-router-dom.js?v=1f697ce1:4537:26)
    at main
    at div
    at MainLayout (http://localhost:5173/src/components/layout/MainLayout.jsx:33:39)
    at RenderedRoute (http://localhost:5173/node_modules/.vite/deps/react-router-dom.js?v=1f697ce1:4131:5)
    at Routes (http://localhost:5173/node_modules/.vite/deps/react-router-dom.js?v=1f697ce1:4601:5)
    at App
    at Router (http://localhost:5173/node_modules/.vite/deps/react-router-dom.js?v=1f697ce1:4544:15)
    at HashRouter (http://localhost:5173/node_modules/.vite/deps/react-router-dom.js?v=1f697ce1:5326:5) @ http://localhost:5173/node_modules/.vite/deps/chunk-NLPANMJC.js?v=dc97d517:520
[     945ms] [ERROR] Warning: Encountered two children with the same key, `%s`. Keys should be unique so that components maintain their identity across updates. Non-unique keys may cause children to be duplicated and/or omitted — the behavior is unsupported and could change in a future version.%s Makkah Al-Mukarramah 
    at div
    at section
    at div
    at HomePage (http://localhost:5173/src/features/home/HomePage.jsx?t=1785108332662:37:33)
    at RenderedRoute (http://localhost:5173/node_modules/.vite/deps/react-router-dom.js?v=1f697ce1:4131:5)
    at Outlet (http://localhost:5173/node_modules/.vite/deps/react-router-dom.js?v=1f697ce1:4537:26)
    at main
    at div
    at MainLayout (http://localhost:5173/src/components/layout/MainLayout.jsx:33:39)
    at RenderedRoute (http://localhost:5173/node_modules/.vite/deps/react-router-dom.js?v=1f697ce1:4131:5)
    at Routes (http://localhost:5173/node_modules/.vite/deps/react-router-dom.js?v=1f697ce1:4601:5)
    at App
    at Router (http://localhost:5173/node_modules/.vite/deps/react-router-dom.js?v=1f697ce1:4544:15)
    at HashRouter (http://localhost:5173/node_modules/.vite/deps/react-router-dom.js?v=1f697ce1:5326:5) @ http://localhost:5173/node_modules/.vite/deps/chunk-NLPANMJC.js?v=dc97d517:520
[     945ms] [ERROR] Warning: Encountered two children with the same key, `%s`. Keys should be unique so that components maintain their identity across updates. Non-unique keys may cause children to be duplicated and/or omitted — the behavior is unsupported and could change in a future version.%s Makkah Al-Mukarramah 
    at div
    at section
    at div
    at HomePage (http://localhost:5173/src/features/home/HomePage.jsx?t=1785108332662:37:33)
    at RenderedRoute (http://localhost:5173/node_modules/.vite/deps/react-router-dom.js?v=1f697ce1:4131:5)
    at Outlet (http://localhost:5173/node_modules/.vite/deps/react-router-dom.js?v=1f697ce1:4537:26)
    at main
    at div
    at MainLayout (http://localhost:5173/src/components/layout/MainLayout.jsx:33:39)
    at RenderedRoute (http://localhost:5173/node_modules/.vite/deps/react-router-dom.js?v=1f697ce1:4131:5)
    at Routes (http://localhost:5173/node_modules/.vite/deps/react-router-dom.js?v=1f697ce1:4601:5)
    at App
    at Router (http://localhost:5173/node_modules/.vite/deps/react-router-dom.js?v=1f697ce1:4544:15)
    at HashRouter (http://localhost:5173/node_modules/.vite/deps/react-router-dom.js?v=1f697ce1:5326:5) @ http://localhost:5173/node_modules/.vite/deps/chunk-NLPANMJC.js?v=dc97d517:520
[    1150ms] [ERROR] Failed to load resource: the server responded with a status of 404 (Not Found) @ http://localhost:5173/favicon.ico:0
[    1464ms] [ERROR] Warning: Encountered two children with the same key, `%s`. Keys should be unique so that components maintain their identity across updates. Non-unique keys may cause children to be duplicated and/or omitted — the behavior is unsupported and could change in a future version.%s Makkah Al-Mukarramah 
    at div
    at section
    at div
    at HomePage (http://localhost:5173/src/features/home/HomePage.jsx?t=1785108332662:37:33)
    at RenderedRoute (http://localhost:5173/node_modules/.vite/deps/react-router-dom.js?v=1f697ce1:4131:5)
    at Outlet (http://localhost:5173/node_modules/.vite/deps/react-router-dom.js?v=1f697ce1:4537:26)
    at main
    at div
    at MainLayout (http://localhost:5173/src/components/layout/MainLayout.jsx:33:39)
    at RenderedRoute (http://localhost:5173/node_modules/.vite/deps/react-router-dom.js?v=1f697ce1:4131:5)
    at Routes (http://localhost:5173/node_modules/.vite/deps/react-router-dom.js?v=1f697ce1:4601:5)
    at App
    at Router (http://localhost:5173/node_modules/.vite/deps/react-router-dom.js?v=1f697ce1:4544:15)
    at HashRouter (http://localhost:5173/node_modules/.vite/deps/react-router-dom.js?v=1f697ce1:5326:5) @ http://localhost:5173/node_modules/.vite/deps/chunk-NLPANMJC.js?v=dc97d517:520
[    1465ms] [ERROR] Warning: Encountered two children with the same key, `%s`. Keys should be unique so that components maintain their identity across updates. Non-unique keys may cause children to be duplicated and/or omitted — the behavior is unsupported and could change in a future version.%s Makkah Al-Mukarramah 
    at div
    at section
    at div
    at HomePage (http://localhost:5173/src/features/home/HomePage.jsx?t=1785108332662:37:33)
    at RenderedRoute (http://localhost:5173/node_modules/.vite/deps/react-router-dom.js?v=1f697ce1:4131:5)
    at Outlet (http://localhost:5173/node_modules/.vite/deps/react-router-dom.js?v=1f697ce1:4537:26)
    at main
    at div
    at MainLayout (http://localhost:5173/src/components/layout/MainLayout.jsx:33:39)
    at RenderedRoute (http://localhost:5173/node_modules/.vite/deps/react-router-dom.js?v=1f697ce1:4131:5)
    at Routes (http://localhost:5173/node_modules/.vite/deps/react-router-dom.js?v=1f697ce1:4601:5)
    at App
    at Router (http://localhost:5173/node_modules/.vite/deps/react-router-dom.js?v=1f697ce1:4544:15)
    at HashRouter (http://localhost:5173/node_modules/.vite/deps/react-router-dom.js?v=1f697ce1:5326:5) @ http://localhost:5173/node_modules/.vite/deps/chunk-NLPANMJC.js?v=dc97d517:520
[    1465ms] [ERROR] Warning: Encountered two children with the same key, `%s`. Keys should be unique so that components maintain their identity across updates. Non-unique keys may cause children to be duplicated and/or omitted — the behavior is unsupported and could change in a future version.%s Makkah Al-Mukarramah 
    at div
    at section
    at div
    at HomePage (http://localhost:5173/src/features/home/HomePage.jsx?t=1785108332662:37:33)
    at RenderedRoute (http://localhost:5173/node_modules/.vite/deps/react-router-dom.js?v=1f697ce1:4131:5)
    at Outlet (http://localhost:5173/node_modules/.vite/deps/react-router-dom.js?v=1f697ce1:4537:26)
    at main
    at div
    at MainLayout (http://localhost:5173/src/components/layout/MainLayout.jsx:33:39)
    at RenderedRoute (http://localhost:5173/node_modules/.vite/deps/react-router-dom.js?v=1f697ce1:4131:5)
    at Routes (http://localhost:5173/node_modules/.vite/deps/react-router-dom.js?v=1f697ce1:4601:5)
    at App
    at Router (http://localhost:5173/node_modules/.vite/deps/react-router-dom.js?v=1f697ce1:4544:15)
    at HashRouter (http://localhost:5173/node_modules/.vite/deps/react-router-dom.js?v=1f697ce1:5326:5) @ http://localhost:5173/node_modules/.vite/deps/chunk-NLPANMJC.js?v=dc97d517:520
[    3272ms] [ERROR] Failed to load resource: net::ERR_CONNECTION_REFUSED @ http://localhost:8000/api/posters:0
[    3272ms] [ERROR] Failed to load resource: net::ERR_CONNECTION_REFUSED @ http://localhost:8000/api/infos:0
[    3281ms] [ERROR] Warning: Encountered two children with the same key, `%s`. Keys should be unique so that components maintain their identity across updates. Non-unique keys may cause children to be duplicated and/or omitted — the behavior is unsupported and could change in a future version.%s Makkah Al-Mukarramah 
    at div
    at section
    at div
    at HomePage (http://localhost:5173/src/features/home/HomePage.jsx?t=1785108332662:37:33)
    at RenderedRoute (http://localhost:5173/node_modules/.vite/deps/react-router-dom.js?v=1f697ce1:4131:5)
    at Outlet (http://localhost:5173/node_modules/.vite/deps/react-router-dom.js?v=1f697ce1:4537:26)
    at main
    at div
    at MainLayout (http://localhost:5173/src/components/layout/MainLayout.jsx:33:39)
    at RenderedRoute (http://localhost:5173/node_modules/.vite/deps/react-router-dom.js?v=1f697ce1:4131:5)
    at Routes (http://localhost:5173/node_modules/.vite/deps/react-router-dom.js?v=1f697ce1:4601:5)
    at App
    at Router (http://localhost:5173/node_modules/.vite/deps/react-router-dom.js?v=1f697ce1:4544:15)
    at HashRouter (http://localhost:5173/node_modules/.vite/deps/react-router-dom.js?v=1f697ce1:5326:5) @ http://localhost:5173/node_modules/.vite/deps/chunk-NLPANMJC.js?v=dc97d517:520
[    3281ms] [ERROR] Warning: Encountered two children with the same key, `%s`. Keys should be unique so that components maintain their identity across updates. Non-unique keys may cause children to be duplicated and/or omitted — the behavior is unsupported and could change in a future version.%s Makkah Al-Mukarramah 
    at div
    at section
    at div
    at HomePage (http://localhost:5173/src/features/home/HomePage.jsx?t=1785108332662:37:33)
    at RenderedRoute (http://localhost:5173/node_modules/.vite/deps/react-router-dom.js?v=1f697ce1:4131:5)
    at Outlet (http://localhost:5173/node_modules/.vite/deps/react-router-dom.js?v=1f697ce1:4537:26)
    at main
    at div
    at MainLayout (http://localhost:5173/src/components/layout/MainLayout.jsx:33:39)
    at RenderedRoute (http://localhost:5173/node_modules/.vite/deps/react-router-dom.js?v=1f697ce1:4131:5)
    at Routes (http://localhost:5173/node_modules/.vite/deps/react-router-dom.js?v=1f697ce1:4601:5)
    at App
    at Router (http://localhost:5173/node_modules/.vite/deps/react-router-dom.js?v=1f697ce1:4544:15)
    at HashRouter (http://localhost:5173/node_modules/.vite/deps/react-router-dom.js?v=1f697ce1:5326:5) @ http://localhost:5173/node_modules/.vite/deps/chunk-NLPANMJC.js?v=dc97d517:520
[    3282ms] [ERROR] Warning: Encountered two children with the same key, `%s`. Keys should be unique so that components maintain their identity across updates. Non-unique keys may cause children to be duplicated and/or omitted — the behavior is unsupported and could change in a future version.%s Makkah Al-Mukarramah 
    at div
    at section
    at div
    at HomePage (http://localhost:5173/src/features/home/HomePage.jsx?t=1785108332662:37:33)
    at RenderedRoute (http://localhost:5173/node_modules/.vite/deps/react-router-dom.js?v=1f697ce1:4131:5)
    at Outlet (http://localhost:5173/node_modules/.vite/deps/react-router-dom.js?v=1f697ce1:4537:26)
    at main
    at div
    at MainLayout (http://localhost:5173/src/components/layout/MainLayout.jsx:33:39)
    at RenderedRoute (http://localhost:5173/node_modules/.vite/deps/react-router-dom.js?v=1f697ce1:4131:5)
    at Routes (http://localhost:5173/node_modules/.vite/deps/react-router-dom.js?v=1f697ce1:4601:5)
    at App
    at Router (http://localhost:5173/node_modules/.vite/deps/react-router-dom.js?v=1f697ce1:4544:15)
    at HashRouter (http://localhost:5173/node_modules/.vite/deps/react-router-dom.js?v=1f697ce1:5326:5) @ http://localhost:5173/node_modules/.vite/deps/chunk-NLPANMJC.js?v=dc97d517:520
[    3571ms] [ERROR] Failed to load resource: net::ERR_CONNECTION_REFUSED @ http://localhost:8000/api/posters:0
[    3579ms] [ERROR] Warning: Encountered two children with the same key, `%s`. Keys should be unique so that components maintain their identity across updates. Non-unique keys may cause children to be duplicated and/or omitted — the behavior is unsupported and could change in a future version.%s Makkah Al-Mukarramah 
    at div
    at section
    at div
    at HomePage (http://localhost:5173/src/features/home/HomePage.jsx?t=1785108332662:37:33)
    at RenderedRoute (http://localhost:5173/node_modules/.vite/deps/react-router-dom.js?v=1f697ce1:4131:5)
    at Outlet (http://localhost:5173/node_modules/.vite/deps/react-router-dom.js?v=1f697ce1:4537:26)
    at main
    at div
    at MainLayout (http://localhost:5173/src/components/layout/MainLayout.jsx:33:39)
    at RenderedRoute (http://localhost:5173/node_modules/.vite/deps/react-router-dom.js?v=1f697ce1:4131:5)
    at Routes (http://localhost:5173/node_modules/.vite/deps/react-router-dom.js?v=1f697ce1:4601:5)
    at App
    at Router (http://localhost:5173/node_modules/.vite/deps/react-router-dom.js?v=1f697ce1:4544:15)
    at HashRouter (http://localhost:5173/node_modules/.vite/deps/react-router-dom.js?v=1f697ce1:5326:5) @ http://localhost:5173/node_modules/.vite/deps/chunk-NLPANMJC.js?v=dc97d517:520
[    3580ms] [ERROR] Warning: Encountered two children with the same key, `%s`. Keys should be unique so that components maintain their identity across updates. Non-unique keys may cause children to be duplicated and/or omitted — the behavior is unsupported and could change in a future version.%s Makkah Al-Mukarramah 
    at div
    at section
    at div
    at HomePage (http://localhost:5173/src/features/home/HomePage.jsx?t=1785108332662:37:33)
    at RenderedRoute (http://localhost:5173/node_modules/.vite/deps/react-router-dom.js?v=1f697ce1:4131:5)
    at Outlet (http://localhost:5173/node_modules/.vite/deps/react-router-dom.js?v=1f697ce1:4537:26)
    at main
    at div
    at MainLayout (http://localhost:5173/src/components/layout/MainLayout.jsx:33:39)
    at RenderedRoute (http://localhost:5173/node_modules/.vite/deps/react-router-dom.js?v=1f697ce1:4131:5)
    at Routes (http://localhost:5173/node_modules/.vite/deps/react-router-dom.js?v=1f697ce1:4601:5)
    at App
    at Router (http://localhost:5173/node_modules/.vite/deps/react-router-dom.js?v=1f697ce1:4544:15)
    at HashRouter (http://localhost:5173/node_modules/.vite/deps/react-router-dom.js?v=1f697ce1:5326:5) @ http://localhost:5173/node_modules/.vite/deps/chunk-NLPANMJC.js?v=dc97d517:520
[    3580ms] [ERROR] Warning: Encountered two children with the same key, `%s`. Keys should be unique so that components maintain their identity across updates. Non-unique keys may cause children to be duplicated and/or omitted — the behavior is unsupported and could change in a future version.%s Makkah Al-Mukarramah 
    at div
    at section
    at div
    at HomePage (http://localhost:5173/src/features/home/HomePage.jsx?t=1785108332662:37:33)
    at RenderedRoute (http://localhost:5173/node_modules/.vite/deps/react-router-dom.js?v=1f697ce1:4131:5)
    at Outlet (http://localhost:5173/node_modules/.vite/deps/react-router-dom.js?v=1f697ce1:4537:26)
    at main
    at div
    at MainLayout (http://localhost:5173/src/components/layout/MainLayout.jsx:33:39)
    at RenderedRoute (http://localhost:5173/node_modules/.vite/deps/react-router-dom.js?v=1f697ce1:4131:5)
    at Routes (http://localhost:5173/node_modules/.vite/deps/react-router-dom.js?v=1f697ce1:4601:5)
    at App
    at Router (http://localhost:5173/node_modules/.vite/deps/react-router-dom.js?v=1f697ce1:4544:15)
    at HashRouter (http://localhost:5173/node_modules/.vite/deps/react-router-dom.js?v=1f697ce1:5326:5) @ http://localhost:5173/node_modules/.vite/deps/chunk-NLPANMJC.js?v=dc97d517:520
[    5429ms] [ERROR] Warning: Encountered two children with the same key, `%s`. Keys should be unique so that components maintain their identity across updates. Non-unique keys may cause children to be duplicated and/or omitted — the behavior is unsupported and could change in a future version.%s Makkah Al-Mukarramah 
    at div
    at section
    at div
    at HomePage (http://localhost:5173/src/features/home/HomePage.jsx?t=1785108332662:37:33)
    at RenderedRoute (http://localhost:5173/node_modules/.vite/deps/react-router-dom.js?v=1f697ce1:4131:5)
    at Outlet (http://localhost:5173/node_modules/.vite/deps/react-router-dom.js?v=1f697ce1:4537:26)
    at main
    at div
    at MainLayout (http://localhost:5173/src/components/layout/MainLayout.jsx:33:39)
    at RenderedRoute (http://localhost:5173/node_modules/.vite/deps/react-router-dom.js?v=1f697ce1:4131:5)
    at Routes (http://localhost:5173/node_modules/.vite/deps/react-router-dom.js?v=1f697ce1:4601:5)
    at App
    at Router (http://localhost:5173/node_modules/.vite/deps/react-router-dom.js?v=1f697ce1:4544:15)
    at HashRouter (http://localhost:5173/node_modules/.vite/deps/react-router-dom.js?v=1f697ce1:5326:5) @ http://localhost:5173/node_modules/.vite/deps/chunk-NLPANMJC.js?v=dc97d517:520
[    5430ms] [ERROR] Warning: Encountered two children with the same key, `%s`. Keys should be unique so that components maintain their identity across updates. Non-unique keys may cause children to be duplicated and/or omitted — the behavior is unsupported and could change in a future version.%s Makkah Al-Mukarramah 
    at div
    at section
    at div
    at HomePage (http://localhost:5173/src/features/home/HomePage.jsx?t=1785108332662:37:33)
    at RenderedRoute (http://localhost:5173/node_modules/.vite/deps/react-router-dom.js?v=1f697ce1:4131:5)
    at Outlet (http://localhost:5173/node_modules/.vite/deps/react-router-dom.js?v=1f697ce1:4537:26)
    at main
    at div
    at MainLayout (http://localhost:5173/src/components/layout/MainLayout.jsx:33:39)
    at RenderedRoute (http://localhost:5173/node_modules/.vite/deps/react-router-dom.js?v=1f697ce1:4131:5)
    at Routes (http://localhost:5173/node_modules/.vite/deps/react-router-dom.js?v=1f697ce1:4601:5)
    at App
    at Router (http://localhost:5173/node_modules/.vite/deps/react-router-dom.js?v=1f697ce1:4544:15)
    at HashRouter (http://localhost:5173/node_modules/.vite/deps/react-router-dom.js?v=1f697ce1:5326:5) @ http://localhost:5173/node_modules/.vite/deps/chunk-NLPANMJC.js?v=dc97d517:520
[    5430ms] [ERROR] Warning: Encountered two children with the same key, `%s`. Keys should be unique so that components maintain their identity across updates. Non-unique keys may cause children to be duplicated and/or omitted — the behavior is unsupported and could change in a future version.%s Makkah Al-Mukarramah 
    at div
    at section
    at div
    at HomePage (http://localhost:5173/src/features/home/HomePage.jsx?t=1785108332662:37:33)
    at RenderedRoute (http://localhost:5173/node_modules/.vite/deps/react-router-dom.js?v=1f697ce1:4131:5)
    at Outlet (http://localhost:5173/node_modules/.vite/deps/react-router-dom.js?v=1f697ce1:4537:26)
    at main
    at div
    at MainLayout (http://localhost:5173/src/components/layout/MainLayout.jsx:33:39)
    at RenderedRoute (http://localhost:5173/node_modules/.vite/deps/react-router-dom.js?v=1f697ce1:4131:5)
    at Routes (http://localhost:5173/node_modules/.vite/deps/react-router-dom.js?v=1f697ce1:4601:5)
    at App
    at Router (http://localhost:5173/node_modules/.vite/deps/react-router-dom.js?v=1f697ce1:4544:15)
    at HashRouter (http://localhost:5173/node_modules/.vite/deps/react-router-dom.js?v=1f697ce1:5326:5) @ http://localhost:5173/node_modules/.vite/deps/chunk-NLPANMJC.js?v=dc97d517:520
[    5460ms] [ERROR] Warning: Encountered two children with the same key, `%s`. Keys should be unique so that components maintain their identity across updates. Non-unique keys may cause children to be duplicated and/or omitted — the behavior is unsupported and could change in a future version.%s Makkah Al-Mukarramah 
    at div
    at section
    at div
    at HomePage (http://localhost:5173/src/features/home/HomePage.jsx?t=1785108332662:37:33)
    at RenderedRoute (http://localhost:5173/node_modules/.vite/deps/react-router-dom.js?v=1f697ce1:4131:5)
    at Outlet (http://localhost:5173/node_modules/.vite/deps/react-router-dom.js?v=1f697ce1:4537:26)
    at main
    at div
    at MainLayout (http://localhost:5173/src/components/layout/MainLayout.jsx:33:39)
    at RenderedRoute (http://localhost:5173/node_modules/.vite/deps/react-router-dom.js?v=1f697ce1:4131:5)
    at Routes (http://localhost:5173/node_modules/.vite/deps/react-router-dom.js?v=1f697ce1:4601:5)
    at App
    at Router (http://localhost:5173/node_modules/.vite/deps/react-router-dom.js?v=1f697ce1:4544:15)
    at HashRouter (http://localhost:5173/node_modules/.vite/deps/react-router-dom.js?v=1f697ce1:5326:5) @ http://localhost:5173/node_modules/.vite/deps/chunk-NLPANMJC.js?v=dc97d517:520
[    5460ms] [ERROR] Warning: Encountered two children with the same key, `%s`. Keys should be unique so that components maintain their identity across updates. Non-unique keys may cause children to be duplicated and/or omitted — the behavior is unsupported and could change in a future version.%s Makkah Al-Mukarramah 
    at div
    at section
    at div
    at HomePage (http://localhost:5173/src/features/home/HomePage.jsx?t=1785108332662:37:33)
    at RenderedRoute (http://localhost:5173/node_modules/.vite/deps/react-router-dom.js?v=1f697ce1:4131:5)
    at Outlet (http://localhost:5173/node_modules/.vite/deps/react-router-dom.js?v=1f697ce1:4537:26)
    at main
    at div
    at MainLayout (http://localhost:5173/src/components/layout/MainLayout.jsx:33:39)
    at RenderedRoute (http://localhost:5173/node_modules/.vite/deps/react-router-dom.js?v=1f697ce1:4131:5)
    at Routes (http://localhost:5173/node_modules/.vite/deps/react-router-dom.js?v=1f697ce1:4601:5)
    at App
    at Router (http://localhost:5173/node_modules/.vite/deps/react-router-dom.js?v=1f697ce1:4544:15)
    at HashRouter (http://localhost:5173/node_modules/.vite/deps/react-router-dom.js?v=1f697ce1:5326:5) @ http://localhost:5173/node_modules/.vite/deps/chunk-NLPANMJC.js?v=dc97d517:520
[    5461ms] [ERROR] Warning: Encountered two children with the same key, `%s`. Keys should be unique so that components maintain their identity across updates. Non-unique keys may cause children to be duplicated and/or omitted — the behavior is unsupported and could change in a future version.%s Makkah Al-Mukarramah 
    at div
    at section
    at div
    at HomePage (http://localhost:5173/src/features/home/HomePage.jsx?t=1785108332662:37:33)
    at RenderedRoute (http://localhost:5173/node_modules/.vite/deps/react-router-dom.js?v=1f697ce1:4131:5)
    at Outlet (http://localhost:5173/node_modules/.vite/deps/react-router-dom.js?v=1f697ce1:4537:26)
    at main
    at div
    at MainLayout (http://localhost:5173/src/components/layout/MainLayout.jsx:33:39)
    at RenderedRoute (http://localhost:5173/node_modules/.vite/deps/react-router-dom.js?v=1f697ce1:4131:5)
    at Routes (http://localhost:5173/node_modules/.vite/deps/react-router-dom.js?v=1f697ce1:4601:5)
    at App
    at Router (http://localhost:5173/node_modules/.vite/deps/react-router-dom.js?v=1f697ce1:4544:15)
    at HashRouter (http://localhost:5173/node_modules/.vite/deps/react-router-dom.js?v=1f697ce1:5326:5) @ http://localhost:5173/node_modules/.vite/deps/chunk-NLPANMJC.js?v=dc97d517:520
[    5580ms] [ERROR] Warning: Encountered two children with the same key, `%s`. Keys should be unique so that components maintain their identity across updates. Non-unique keys may cause children to be duplicated and/or omitted — the behavior is unsupported and could change in a future version.%s Makkah Al-Mukarramah 
    at div
    at section
    at div
    at HomePage (http://localhost:5173/src/features/home/HomePage.jsx?t=1785108332662:37:33)
    at RenderedRoute (http://localhost:5173/node_modules/.vite/deps/react-router-dom.js?v=1f697ce1:4131:5)
    at Outlet (http://localhost:5173/node_modules/.vite/deps/react-router-dom.js?v=1f697ce1:4537:26)
    at main
    at div
    at MainLayout (http://localhost:5173/src/components/layout/MainLayout.jsx:33:39)
    at RenderedRoute (http://localhost:5173/node_modules/.vite/deps/react-router-dom.js?v=1f697ce1:4131:5)
    at Routes (http://localhost:5173/node_modules/.vite/deps/react-router-dom.js?v=1f697ce1:4601:5)
    at App
    at Router (http://localhost:5173/node_modules/.vite/deps/react-router-dom.js?v=1f697ce1:4544:15)
    at HashRouter (http://localhost:5173/node_modules/.vite/deps/react-router-dom.js?v=1f697ce1:5326:5) @ http://localhost:5173/node_modules/.vite/deps/chunk-NLPANMJC.js?v=dc97d517:520
[    5580ms] [ERROR] Warning: Encountered two children with the same key, `%s`. Keys should be unique so that components maintain their identity across updates. Non-unique keys may cause children to be duplicated and/or omitted — the behavior is unsupported and could change in a future version.%s Makkah Al-Mukarramah 
    at div
    at section
    at div
    at HomePage (http://localhost:5173/src/features/home/HomePage.jsx?t=1785108332662:37:33)
    at RenderedRoute (http://localhost:5173/node_modules/.vite/deps/react-router-dom.js?v=1f697ce1:4131:5)
    at Outlet (http://localhost:5173/node_modules/.vite/deps/react-router-dom.js?v=1f697ce1:4537:26)
    at main
    at div
    at MainLayout (http://localhost:5173/src/components/layout/MainLayout.jsx:33:39)
    at RenderedRoute (http://localhost:5173/node_modules/.vite/deps/react-router-dom.js?v=1f697ce1:4131:5)
    at Routes (http://localhost:5173/node_modules/.vite/deps/react-router-dom.js?v=1f697ce1:4601:5)
    at App
    at Router (http://localhost:5173/node_modules/.vite/deps/react-router-dom.js?v=1f697ce1:4544:15)
    at HashRouter (http://localhost:5173/node_modules/.vite/deps/react-router-dom.js?v=1f697ce1:5326:5) @ http://localhost:5173/node_modules/.vite/deps/chunk-NLPANMJC.js?v=dc97d517:520
[    5580ms] [ERROR] Warning: Encountered two children with the same key, `%s`. Keys should be unique so that components maintain their identity across updates. Non-unique keys may cause children to be duplicated and/or omitted — the behavior is unsupported and could change in a future version.%s Makkah Al-Mukarramah 
    at div
    at section
    at div
    at HomePage (http://localhost:5173/src/features/home/HomePage.jsx?t=1785108332662:37:33)
    at RenderedRoute (http://localhost:5173/node_modules/.vite/deps/react-router-dom.js?v=1f697ce1:4131:5)
    at Outlet (http://localhost:5173/node_modules/.vite/deps/react-router-dom.js?v=1f697ce1:4537:26)
    at main
    at div
    at MainLayout (http://localhost:5173/src/components/layout/MainLayout.jsx:33:39)
    at RenderedRoute (http://localhost:5173/node_modules/.vite/deps/react-router-dom.js?v=1f697ce1:4131:5)
    at Routes (http://localhost:5173/node_modules/.vite/deps/react-router-dom.js?v=1f697ce1:4601:5)
    at App
    at Router (http://localhost:5173/node_modules/.vite/deps/react-router-dom.js?v=1f697ce1:4544:15)
    at HashRouter (http://localhost:5173/node_modules/.vite/deps/react-router-dom.js?v=1f697ce1:5326:5) @ http://localhost:5173/node_modules/.vite/deps/chunk-NLPANMJC.js?v=dc97d517:520
[    5606ms] [ERROR] Failed to load resource: net::ERR_CONNECTION_REFUSED @ http://localhost:8000/api/infos:0
[    9913ms] [ERROR] Warning: Encountered two children with the same key, `%s`. Keys should be unique so that components maintain their identity across updates. Non-unique keys may cause children to be duplicated and/or omitted — the behavior is unsupported and could change in a future version.%s Makkah Al-Mukarramah 
    at div
    at section
    at div
    at HomePage (http://localhost:5173/src/features/home/HomePage.jsx?t=1785108332662:37:33)
    at RenderedRoute (http://localhost:5173/node_modules/.vite/deps/react-router-dom.js?v=1f697ce1:4131:5)
    at Outlet (http://localhost:5173/node_modules/.vite/deps/react-router-dom.js?v=1f697ce1:4537:26)
    at main
    at div
    at MainLayout (http://localhost:5173/src/components/layout/MainLayout.jsx:33:39)
    at RenderedRoute (http://localhost:5173/node_modules/.vite/deps/react-router-dom.js?v=1f697ce1:4131:5)
    at Routes (http://localhost:5173/node_modules/.vite/deps/react-router-dom.js?v=1f697ce1:4601:5)
    at App
    at Router (http://localhost:5173/node_modules/.vite/deps/react-router-dom.js?v=1f697ce1:4544:15)
    at HashRouter (http://localhost:5173/node_modules/.vite/deps/react-router-dom.js?v=1f697ce1:5326:5) @ http://localhost:5173/node_modules/.vite/deps/chunk-NLPANMJC.js?v=dc97d517:520
[    9913ms] [ERROR] Warning: Encountered two children with the same key, `%s`. Keys should be unique so that components maintain their identity across updates. Non-unique keys may cause children to be duplicated and/or omitted — the behavior is unsupported and could change in a future version.%s Makkah Al-Mukarramah 
    at div
    at section
    at div
    at HomePage (http://localhost:5173/src/features/home/HomePage.jsx?t=1785108332662:37:33)
    at RenderedRoute (http://localhost:5173/node_modules/.vite/deps/react-router-dom.js?v=1f697ce1:4131:5)
    at Outlet (http://localhost:5173/node_modules/.vite/deps/react-router-dom.js?v=1f697ce1:4537:26)
    at main
    at div
    at MainLayout (http://localhost:5173/src/components/layout/MainLayout.jsx:33:39)
    at RenderedRoute (http://localhost:5173/node_modules/.vite/deps/react-router-dom.js?v=1f697ce1:4131:5)
    at Routes (http://localhost:5173/node_modules/.vite/deps/react-router-dom.js?v=1f697ce1:4601:5)
    at App
    at Router (http://localhost:5173/node_modules/.vite/deps/react-router-dom.js?v=1f697ce1:4544:15)
    at HashRouter (http://localhost:5173/node_modules/.vite/deps/react-router-dom.js?v=1f697ce1:5326:5) @ http://localhost:5173/node_modules/.vite/deps/chunk-NLPANMJC.js?v=dc97d517:520
[    9913ms] [ERROR] Warning: Encountered two children with the same key, `%s`. Keys should be unique so that components maintain their identity across updates. Non-unique keys may cause children to be duplicated and/or omitted — the behavior is unsupported and could change in a future version.%s Makkah Al-Mukarramah 
    at div
    at section
    at div
    at HomePage (http://localhost:5173/src/features/home/HomePage.jsx?t=1785108332662:37:33)
    at RenderedRoute (http://localhost:5173/node_modules/.vite/deps/react-router-dom.js?v=1f697ce1:4131:5)
    at Outlet (http://localhost:5173/node_modules/.vite/deps/react-router-dom.js?v=1f697ce1:4537:26)
    at main
    at div
    at MainLayout (http://localhost:5173/src/components/layout/MainLayout.jsx:33:39)
    at RenderedRoute (http://localhost:5173/node_modules/.vite/deps/react-router-dom.js?v=1f697ce1:4131:5)
    at Routes (http://localhost:5173/node_modules/.vite/deps/react-router-dom.js?v=1f697ce1:4601:5)
    at App
    at Router (http://localhost:5173/node_modules/.vite/deps/react-router-dom.js?v=1f697ce1:4544:15)
    at HashRouter (http://localhost:5173/node_modules/.vite/deps/react-router-dom.js?v=1f697ce1:5326:5) @ http://localhost:5173/node_modules/.vite/deps/chunk-NLPANMJC.js?v=dc97d517:520
[    9941ms] [ERROR] Warning: Encountered two children with the same key, `%s`. Keys should be unique so that components maintain their identity across updates. Non-unique keys may cause children to be duplicated and/or omitted — the behavior is unsupported and could change in a future version.%s Makkah Al-Mukarramah 
    at div
    at section
    at div
    at HomePage (http://localhost:5173/src/features/home/HomePage.jsx?t=1785108332662:37:33)
    at RenderedRoute (http://localhost:5173/node_modules/.vite/deps/react-router-dom.js?v=1f697ce1:4131:5)
    at Outlet (http://localhost:5173/node_modules/.vite/deps/react-router-dom.js?v=1f697ce1:4537:26)
    at main
    at div
    at MainLayout (http://localhost:5173/src/components/layout/MainLayout.jsx:33:39)
    at RenderedRoute (http://localhost:5173/node_modules/.vite/deps/react-router-dom.js?v=1f697ce1:4131:5)
    at Routes (http://localhost:5173/node_modules/.vite/deps/react-router-dom.js?v=1f697ce1:4601:5)
    at App
    at Router (http://localhost:5173/node_modules/.vite/deps/react-router-dom.js?v=1f697ce1:4544:15)
    at HashRouter (http://localhost:5173/node_modules/.vite/deps/react-router-dom.js?v=1f697ce1:5326:5) @ http://localhost:5173/node_modules/.vite/deps/chunk-NLPANMJC.js?v=dc97d517:520
[    9941ms] [ERROR] Warning: Encountered two children with the same key, `%s`. Keys should be unique so that components maintain their identity across updates. Non-unique keys may cause children to be duplicated and/or omitted — the behavior is unsupported and could change in a future version.%s Makkah Al-Mukarramah 
    at div
    at section
    at div
    at HomePage (http://localhost:5173/src/features/home/HomePage.jsx?t=1785108332662:37:33)
    at RenderedRoute (http://localhost:5173/node_modules/.vite/deps/react-router-dom.js?v=1f697ce1:4131:5)
    at Outlet (http://localhost:5173/node_modules/.vite/deps/react-router-dom.js?v=1f697ce1:4537:26)
    at main
    at div
    at MainLayout (http://localhost:5173/src/components/layout/MainLayout.jsx:33:39)
    at RenderedRoute (http://localhost:5173/node_modules/.vite/deps/react-router-dom.js?v=1f697ce1:4131:5)
    at Routes (http://localhost:5173/node_modules/.vite/deps/react-router-dom.js?v=1f697ce1:4601:5)
    at App
    at Router (http://localhost:5173/node_modules/.vite/deps/react-router-dom.js?v=1f697ce1:4544:15)
    at HashRouter (http://localhost:5173/node_modules/.vite/deps/react-router-dom.js?v=1f697ce1:5326:5) @ http://localhost:5173/node_modules/.vite/deps/chunk-NLPANMJC.js?v=dc97d517:520
[    9942ms] [ERROR] Warning: Encountered two children with the same key, `%s`. Keys should be unique so that components maintain their identity across updates. Non-unique keys may cause children to be duplicated and/or omitted — the behavior is unsupported and could change in a future version.%s Makkah Al-Mukarramah 
    at div
    at section
    at div
    at HomePage (http://localhost:5173/src/features/home/HomePage.jsx?t=1785108332662:37:33)
    at RenderedRoute (http://localhost:5173/node_modules/.vite/deps/react-router-dom.js?v=1f697ce1:4131:5)
    at Outlet (http://localhost:5173/node_modules/.vite/deps/react-router-dom.js?v=1f697ce1:4537:26)
    at main
    at div
    at MainLayout (http://localhost:5173/src/components/layout/MainLayout.jsx:33:39)
    at RenderedRoute (http://localhost:5173/node_modules/.vite/deps/react-router-dom.js?v=1f697ce1:4131:5)
    at Routes (http://localhost:5173/node_modules/.vite/deps/react-router-dom.js?v=1f697ce1:4601:5)
    at App
    at Router (http://localhost:5173/node_modules/.vite/deps/react-router-dom.js?v=1f697ce1:4544:15)
    at HashRouter (http://localhost:5173/node_modules/.vite/deps/react-router-dom.js?v=1f697ce1:5326:5) @ http://localhost:5173/node_modules/.vite/deps/chunk-NLPANMJC.js?v=dc97d517:520
[   10081ms] [ERROR] Warning: Encountered two children with the same key, `%s`. Keys should be unique so that components maintain their identity across updates. Non-unique keys may cause children to be duplicated and/or omitted — the behavior is unsupported and could change in a future version.%s Makkah Al-Mukarramah 
    at div
    at section
    at div
    at HomePage (http://localhost:5173/src/features/home/HomePage.jsx?t=1785108332662:37:33)
    at RenderedRoute (http://localhost:5173/node_modules/.vite/deps/react-router-dom.js?v=1f697ce1:4131:5)
    at Outlet (http://localhost:5173/node_modules/.vite/deps/react-router-dom.js?v=1f697ce1:4537:26)
    at main
    at div
    at MainLayout (http://localhost:5173/src/components/layout/MainLayout.jsx:33:39)
    at RenderedRoute (http://localhost:5173/node_modules/.vite/deps/react-router-dom.js?v=1f697ce1:4131:5)
    at Routes (http://localhost:5173/node_modules/.vite/deps/react-router-dom.js?v=1f697ce1:4601:5)
    at App
    at Router (http://localhost:5173/node_modules/.vite/deps/react-router-dom.js?v=1f697ce1:4544:15)
    at HashRouter (http://localhost:5173/node_modules/.vite/deps/react-router-dom.js?v=1f697ce1:5326:5) @ http://localhost:5173/node_modules/.vite/deps/chunk-NLPANMJC.js?v=dc97d517:520
[   10081ms] [ERROR] Warning: Encountered two children with the same key, `%s`. Keys should be unique so that components maintain their identity across updates. Non-unique keys may cause children to be duplicated and/or omitted — the behavior is unsupported and could change in a future version.%s Makkah Al-Mukarramah 
    at div
    at section
    at div
    at HomePage (http://localhost:5173/src/features/home/HomePage.jsx?t=1785108332662:37:33)
    at RenderedRoute (http://localhost:5173/node_modules/.vite/deps/react-router-dom.js?v=1f697ce1:4131:5)
    at Outlet (http://localhost:5173/node_modules/.vite/deps/react-router-dom.js?v=1f697ce1:4537:26)
    at main
    at div
    at MainLayout (http://localhost:5173/src/components/layout/MainLayout.jsx:33:39)
    at RenderedRoute (http://localhost:5173/node_modules/.vite/deps/react-router-dom.js?v=1f697ce1:4131:5)
    at Routes (http://localhost:5173/node_modules/.vite/deps/react-router-dom.js?v=1f697ce1:4601:5)
    at App
    at Router (http://localhost:5173/node_modules/.vite/deps/react-router-dom.js?v=1f697ce1:4544:15)
    at HashRouter (http://localhost:5173/node_modules/.vite/deps/react-router-dom.js?v=1f697ce1:5326:5) @ http://localhost:5173/node_modules/.vite/deps/chunk-NLPANMJC.js?v=dc97d517:520
[   10081ms] [ERROR] Warning: Encountered two children with the same key, `%s`. Keys should be unique so that components maintain their identity across updates. Non-unique keys may cause children to be duplicated and/or omitted — the behavior is unsupported and could change in a future version.%s Makkah Al-Mukarramah 
    at div
    at section
    at div
    at HomePage (http://localhost:5173/src/features/home/HomePage.jsx?t=1785108332662:37:33)
    at RenderedRoute (http://localhost:5173/node_modules/.vite/deps/react-router-dom.js?v=1f697ce1:4131:5)
    at Outlet (http://localhost:5173/node_modules/.vite/deps/react-router-dom.js?v=1f697ce1:4537:26)
    at main
    at div
    at MainLayout (http://localhost:5173/src/components/layout/MainLayout.jsx:33:39)
    at RenderedRoute (http://localhost:5173/node_modules/.vite/deps/react-router-dom.js?v=1f697ce1:4131:5)
    at Routes (http://localhost:5173/node_modules/.vite/deps/react-router-dom.js?v=1f697ce1:4601:5)
    at App
    at Router (http://localhost:5173/node_modules/.vite/deps/react-router-dom.js?v=1f697ce1:4544:15)
    at HashRouter (http://localhost:5173/node_modules/.vite/deps/react-router-dom.js?v=1f697ce1:5326:5) @ http://localhost:5173/node_modules/.vite/deps/chunk-NLPANMJC.js?v=dc97d517:520
[   14415ms] [ERROR] Warning: Encountered two children with the same key, `%s`. Keys should be unique so that components maintain their identity across updates. Non-unique keys may cause children to be duplicated and/or omitted — the behavior is unsupported and could change in a future version.%s Makkah Al-Mukarramah 
    at div
    at section
    at div
    at HomePage (http://localhost:5173/src/features/home/HomePage.jsx?t=1785108332662:37:33)
    at RenderedRoute (http://localhost:5173/node_modules/.vite/deps/react-router-dom.js?v=1f697ce1:4131:5)
    at Outlet (http://localhost:5173/node_modules/.vite/deps/react-router-dom.js?v=1f697ce1:4537:26)
    at main
    at div
    at MainLayout (http://localhost:5173/src/components/layout/MainLayout.jsx:33:39)
    at RenderedRoute (http://localhost:5173/node_modules/.vite/deps/react-router-dom.js?v=1f697ce1:4131:5)
    at Routes (http://localhost:5173/node_modules/.vite/deps/react-router-dom.js?v=1f697ce1:4601:5)
    at App
    at Router (http://localhost:5173/node_modules/.vite/deps/react-router-dom.js?v=1f697ce1:4544:15)
    at HashRouter (http://localhost:5173/node_modules/.vite/deps/react-router-dom.js?v=1f697ce1:5326:5) @ http://localhost:5173/node_modules/.vite/deps/chunk-NLPANMJC.js?v=dc97d517:520
[   14416ms] [ERROR] Warning: Encountered two children with the same key, `%s`. Keys should be unique so that components maintain their identity across updates. Non-unique keys may cause children to be duplicated and/or omitted — the behavior is unsupported and could change in a future version.%s Makkah Al-Mukarramah 
    at div
    at section
    at div
    at HomePage (http://localhost:5173/src/features/home/HomePage.jsx?t=1785108332662:37:33)
    at RenderedRoute (http://localhost:5173/node_modules/.vite/deps/react-router-dom.js?v=1f697ce1:4131:5)
    at Outlet (http://localhost:5173/node_modules/.vite/deps/react-router-dom.js?v=1f697ce1:4537:26)
    at main
    at div
    at MainLayout (http://localhost:5173/src/components/layout/MainLayout.jsx:33:39)
    at RenderedRoute (http://localhost:5173/node_modules/.vite/deps/react-router-dom.js?v=1f697ce1:4131:5)
    at Routes (http://localhost:5173/node_modules/.vite/deps/react-router-dom.js?v=1f697ce1:4601:5)
    at App
    at Router (http://localhost:5173/node_modules/.vite/deps/react-router-dom.js?v=1f697ce1:4544:15)
    at HashRouter (http://localhost:5173/node_modules/.vite/deps/react-router-dom.js?v=1f697ce1:5326:5) @ http://localhost:5173/node_modules/.vite/deps/chunk-NLPANMJC.js?v=dc97d517:520
[   14416ms] [ERROR] Warning: Encountered two children with the same key, `%s`. Keys should be unique so that components maintain their identity across updates. Non-unique keys may cause children to be duplicated and/or omitted — the behavior is unsupported and could change in a future version.%s Makkah Al-Mukarramah 
    at div
    at section
    at div
    at HomePage (http://localhost:5173/src/features/home/HomePage.jsx?t=1785108332662:37:33)
    at RenderedRoute (http://localhost:5173/node_modules/.vite/deps/react-router-dom.js?v=1f697ce1:4131:5)
    at Outlet (http://localhost:5173/node_modules/.vite/deps/react-router-dom.js?v=1f697ce1:4537:26)
    at main
    at div
    at MainLayout (http://localhost:5173/src/components/layout/MainLayout.jsx:33:39)
    at RenderedRoute (http://localhost:5173/node_modules/.vite/deps/react-router-dom.js?v=1f697ce1:4131:5)
    at Routes (http://localhost:5173/node_modules/.vite/deps/react-router-dom.js?v=1f697ce1:4601:5)
    at App
    at Router (http://localhost:5173/node_modules/.vite/deps/react-router-dom.js?v=1f697ce1:4544:15)
    at HashRouter (http://localhost:5173/node_modules/.vite/deps/react-router-dom.js?v=1f697ce1:5326:5) @ http://localhost:5173/node_modules/.vite/deps/chunk-NLPANMJC.js?v=dc97d517:520
[   14448ms] [ERROR] Warning: Encountered two children with the same key, `%s`. Keys should be unique so that components maintain their identity across updates. Non-unique keys may cause children to be duplicated and/or omitted — the behavior is unsupported and could change in a future version.%s Makkah Al-Mukarramah 
    at div
    at section
    at div
    at HomePage (http://localhost:5173/src/features/home/HomePage.jsx?t=1785108332662:37:33)
    at RenderedRoute (http://localhost:5173/node_modules/.vite/deps/react-router-dom.js?v=1f697ce1:4131:5)
    at Outlet (http://localhost:5173/node_modules/.vite/deps/react-router-dom.js?v=1f697ce1:4537:26)
    at main
    at div
    at MainLayout (http://localhost:5173/src/components/layout/MainLayout.jsx:33:39)
    at RenderedRoute (http://localhost:5173/node_modules/.vite/deps/react-router-dom.js?v=1f697ce1:4131:5)
    at Routes (http://localhost:5173/node_modules/.vite/deps/react-router-dom.js?v=1f697ce1:4601:5)
    at App
    at Router (http://localhost:5173/node_modules/.vite/deps/react-router-dom.js?v=1f697ce1:4544:15)
    at HashRouter (http://localhost:5173/node_modules/.vite/deps/react-router-dom.js?v=1f697ce1:5326:5) @ http://localhost:5173/node_modules/.vite/deps/chunk-NLPANMJC.js?v=dc97d517:520
[   14449ms] [ERROR] Warning: Encountered two children with the same key, `%s`. Keys should be unique so that components maintain their identity across updates. Non-unique keys may cause children to be duplicated and/or omitted — the behavior is unsupported and could change in a future version.%s Makkah Al-Mukarramah 
    at div
    at section
    at div
    at HomePage (http://localhost:5173/src/features/home/HomePage.jsx?t=1785108332662:37:33)
    at RenderedRoute (http://localhost:5173/node_modules/.vite/deps/react-router-dom.js?v=1f697ce1:4131:5)
    at Outlet (http://localhost:5173/node_modules/.vite/deps/react-router-dom.js?v=1f697ce1:4537:26)
    at main
    at div
    at MainLayout (http://localhost:5173/src/components/layout/MainLayout.jsx:33:39)
    at RenderedRoute (http://localhost:5173/node_modules/.vite/deps/react-router-dom.js?v=1f697ce1:4131:5)
    at Routes (http://localhost:5173/node_modules/.vite/deps/react-router-dom.js?v=1f697ce1:4601:5)
    at App
    at Router (http://localhost:5173/node_modules/.vite/deps/react-router-dom.js?v=1f697ce1:4544:15)
    at HashRouter (http://localhost:5173/node_modules/.vite/deps/react-router-dom.js?v=1f697ce1:5326:5) @ http://localhost:5173/node_modules/.vite/deps/chunk-NLPANMJC.js?v=dc97d517:520
[   14449ms] [ERROR] Warning: Encountered two children with the same key, `%s`. Keys should be unique so that components maintain their identity across updates. Non-unique keys may cause children to be duplicated and/or omitted — the behavior is unsupported and could change in a future version.%s Makkah Al-Mukarramah 
    at div
    at section
    at div
    at HomePage (http://localhost:5173/src/features/home/HomePage.jsx?t=1785108332662:37:33)
    at RenderedRoute (http://localhost:5173/node_modules/.vite/deps/react-router-dom.js?v=1f697ce1:4131:5)
    at Outlet (http://localhost:5173/node_modules/.vite/deps/react-router-dom.js?v=1f697ce1:4537:26)
    at main
    at div
    at MainLayout (http://localhost:5173/src/components/layout/MainLayout.jsx:33:39)
    at RenderedRoute (http://localhost:5173/node_modules/.vite/deps/react-router-dom.js?v=1f697ce1:4131:5)
    at Routes (http://localhost:5173/node_modules/.vite/deps/react-router-dom.js?v=1f697ce1:4601:5)
    at App
    at Router (http://localhost:5173/node_modules/.vite/deps/react-router-dom.js?v=1f697ce1:4544:15)
    at HashRouter (http://localhost:5173/node_modules/.vite/deps/react-router-dom.js?v=1f697ce1:5326:5) @ http://localhost:5173/node_modules/.vite/deps/chunk-NLPANMJC.js?v=dc97d517:520
[   14615ms] [ERROR] Warning: Encountered two children with the same key, `%s`. Keys should be unique so that components maintain their identity across updates. Non-unique keys may cause children to be duplicated and/or omitted — the behavior is unsupported and could change in a future version.%s Makkah Al-Mukarramah 
    at div
    at section
    at div
    at HomePage (http://localhost:5173/src/features/home/HomePage.jsx?t=1785108332662:37:33)
    at RenderedRoute (http://localhost:5173/node_modules/.vite/deps/react-router-dom.js?v=1f697ce1:4131:5)
    at Outlet (http://localhost:5173/node_modules/.vite/deps/react-router-dom.js?v=1f697ce1:4537:26)
    at main
    at div
    at MainLayout (http://localhost:5173/src/components/layout/MainLayout.jsx:33:39)
    at RenderedRoute (http://localhost:5173/node_modules/.vite/deps/react-router-dom.js?v=1f697ce1:4131:5)
    at Routes (http://localhost:5173/node_modules/.vite/deps/react-router-dom.js?v=1f697ce1:4601:5)
    at App
    at Router (http://localhost:5173/node_modules/.vite/deps/react-router-dom.js?v=1f697ce1:4544:15)
    at HashRouter (http://localhost:5173/node_modules/.vite/deps/react-router-dom.js?v=1f697ce1:5326:5) @ http://localhost:5173/node_modules/.vite/deps/chunk-NLPANMJC.js?v=dc97d517:520
[   14616ms] [ERROR] Warning: Encountered two children with the same key, `%s`. Keys should be unique so that components maintain their identity across updates. Non-unique keys may cause children to be duplicated and/or omitted — the behavior is unsupported and could change in a future version.%s Makkah Al-Mukarramah 
    at div
    at section
    at div
    at HomePage (http://localhost:5173/src/features/home/HomePage.jsx?t=1785108332662:37:33)
    at RenderedRoute (http://localhost:5173/node_modules/.vite/deps/react-router-dom.js?v=1f697ce1:4131:5)
    at Outlet (http://localhost:5173/node_modules/.vite/deps/react-router-dom.js?v=1f697ce1:4537:26)
    at main
    at div
    at MainLayout (http://localhost:5173/src/components/layout/MainLayout.jsx:33:39)
    at RenderedRoute (http://localhost:5173/node_modules/.vite/deps/react-router-dom.js?v=1f697ce1:4131:5)
    at Routes (http://localhost:5173/node_modules/.vite/deps/react-router-dom.js?v=1f697ce1:4601:5)
    at App
    at Router (http://localhost:5173/node_modules/.vite/deps/react-router-dom.js?v=1f697ce1:4544:15)
    at HashRouter (http://localhost:5173/node_modules/.vite/deps/react-router-dom.js?v=1f697ce1:5326:5) @ http://localhost:5173/node_modules/.vite/deps/chunk-NLPANMJC.js?v=dc97d517:520
[   14617ms] [ERROR] Warning: Encountered two children with the same key, `%s`. Keys should be unique so that components maintain their identity across updates. Non-unique keys may cause children to be duplicated and/or omitted — the behavior is unsupported and could change in a future version.%s Makkah Al-Mukarramah 
    at div
    at section
    at div
    at HomePage (http://localhost:5173/src/features/home/HomePage.jsx?t=1785108332662:37:33)
    at RenderedRoute (http://localhost:5173/node_modules/.vite/deps/react-router-dom.js?v=1f697ce1:4131:5)
    at Outlet (http://localhost:5173/node_modules/.vite/deps/react-router-dom.js?v=1f697ce1:4537:26)
    at main
    at div
    at MainLayout (http://localhost:5173/src/components/layout/MainLayout.jsx:33:39)
    at RenderedRoute (http://localhost:5173/node_modules/.vite/deps/react-router-dom.js?v=1f697ce1:4131:5)
    at Routes (http://localhost:5173/node_modules/.vite/deps/react-router-dom.js?v=1f697ce1:4601:5)
    at App
    at Router (http://localhost:5173/node_modules/.vite/deps/react-router-dom.js?v=1f697ce1:4544:15)
    at HashRouter (http://localhost:5173/node_modules/.vite/deps/react-router-dom.js?v=1f697ce1:5326:5) @ http://localhost:5173/node_modules/.vite/deps/chunk-NLPANMJC.js?v=dc97d517:520
[   18919ms] [ERROR] Warning: Encountered two children with the same key, `%s`. Keys should be unique so that components maintain their identity across updates. Non-unique keys may cause children to be duplicated and/or omitted — the behavior is unsupported and could change in a future version.%s Makkah Al-Mukarramah 
    at div
    at section
    at div
    at HomePage (http://localhost:5173/src/features/home/HomePage.jsx?t=1785108332662:37:33)
    at RenderedRoute (http://localhost:5173/node_modules/.vite/deps/react-router-dom.js?v=1f697ce1:4131:5)
    at Outlet (http://localhost:5173/node_modules/.vite/deps/react-router-dom.js?v=1f697ce1:4537:26)
    at main
    at div
    at MainLayout (http://localhost:5173/src/components/layout/MainLayout.jsx:33:39)
    at RenderedRoute (http://localhost:5173/node_modules/.vite/deps/react-router-dom.js?v=1f697ce1:4131:5)
    at Routes (http://localhost:5173/node_modules/.vite/deps/react-router-dom.js?v=1f697ce1:4601:5)
    at App
    at Router (http://localhost:5173/node_modules/.vite/deps/react-router-dom.js?v=1f697ce1:4544:15)
    at HashRouter (http://localhost:5173/node_modules/.vite/deps/react-router-dom.js?v=1f697ce1:5326:5) @ http://localhost:5173/node_modules/.vite/deps/chunk-NLPANMJC.js?v=dc97d517:520
[   18920ms] [ERROR] Warning: Encountered two children with the same key, `%s`. Keys should be unique so that components maintain their identity across updates. Non-unique keys may cause children to be duplicated and/or omitted — the behavior is unsupported and could change in a future version.%s Makkah Al-Mukarramah 
    at div
    at section
    at div
    at HomePage (http://localhost:5173/src/features/home/HomePage.jsx?t=1785108332662:37:33)
    at RenderedRoute (http://localhost:5173/node_modules/.vite/deps/react-router-dom.js?v=1f697ce1:4131:5)
    at Outlet (http://localhost:5173/node_modules/.vite/deps/react-router-dom.js?v=1f697ce1:4537:26)
    at main
    at div
    at MainLayout (http://localhost:5173/src/components/layout/MainLayout.jsx:33:39)
    at RenderedRoute (http://localhost:5173/node_modules/.vite/deps/react-router-dom.js?v=1f697ce1:4131:5)
    at Routes (http://localhost:5173/node_modules/.vite/deps/react-router-dom.js?v=1f697ce1:4601:5)
    at App
    at Router (http://localhost:5173/node_modules/.vite/deps/react-router-dom.js?v=1f697ce1:4544:15)
    at HashRouter (http://localhost:5173/node_modules/.vite/deps/react-router-dom.js?v=1f697ce1:5326:5) @ http://localhost:5173/node_modules/.vite/deps/chunk-NLPANMJC.js?v=dc97d517:520
[   18920ms] [ERROR] Warning: Encountered two children with the same key, `%s`. Keys should be unique so that components maintain their identity across updates. Non-unique keys may cause children to be duplicated and/or omitted — the behavior is unsupported and could change in a future version.%s Makkah Al-Mukarramah 
    at div
    at section
    at div
    at HomePage (http://localhost:5173/src/features/home/HomePage.jsx?t=1785108332662:37:33)
    at RenderedRoute (http://localhost:5173/node_modules/.vite/deps/react-router-dom.js?v=1f697ce1:4131:5)
    at Outlet (http://localhost:5173/node_modules/.vite/deps/react-router-dom.js?v=1f697ce1:4537:26)
    at main
    at div
    at MainLayout (http://localhost:5173/src/components/layout/MainLayout.jsx:33:39)
    at RenderedRoute (http://localhost:5173/node_modules/.vite/deps/react-router-dom.js?v=1f697ce1:4131:5)
    at Routes (http://localhost:5173/node_modules/.vite/deps/react-router-dom.js?v=1f697ce1:4601:5)
    at App
    at Router (http://localhost:5173/node_modules/.vite/deps/react-router-dom.js?v=1f697ce1:4544:15)
    at HashRouter (http://localhost:5173/node_modules/.vite/deps/react-router-dom.js?v=1f697ce1:5326:5) @ http://localhost:5173/node_modules/.vite/deps/chunk-NLPANMJC.js?v=dc97d517:520
[   18949ms] [ERROR] Warning: Encountered two children with the same key, `%s`. Keys should be unique so that components maintain their identity across updates. Non-unique keys may cause children to be duplicated and/or omitted — the behavior is unsupported and could change in a future version.%s Makkah Al-Mukarramah 
    at div
    at section
    at div
    at HomePage (http://localhost:5173/src/features/home/HomePage.jsx?t=1785108332662:37:33)
    at RenderedRoute (http://localhost:5173/node_modules/.vite/deps/react-router-dom.js?v=1f697ce1:4131:5)
    at Outlet (http://localhost:5173/node_modules/.vite/deps/react-router-dom.js?v=1f697ce1:4537:26)
    at main
    at div
    at MainLayout (http://localhost:5173/src/components/layout/MainLayout.jsx:33:39)
    at RenderedRoute (http://localhost:5173/node_modules/.vite/deps/react-router-dom.js?v=1f697ce1:4131:5)
    at Routes (http://localhost:5173/node_modules/.vite/deps/react-router-dom.js?v=1f697ce1:4601:5)
    at App
    at Router (http://localhost:5173/node_modules/.vite/deps/react-router-dom.js?v=1f697ce1:4544:15)
    at HashRouter (http://localhost:5173/node_modules/.vite/deps/react-router-dom.js?v=1f697ce1:5326:5) @ http://localhost:5173/node_modules/.vite/deps/chunk-NLPANMJC.js?v=dc97d517:520
[   18949ms] [ERROR] Warning: Encountered two children with the same key, `%s`. Keys should be unique so that components maintain their identity across updates. Non-unique keys may cause children to be duplicated and/or omitted — the behavior is unsupported and could change in a future version.%s Makkah Al-Mukarramah 
    at div
    at section
    at div
    at HomePage (http://localhost:5173/src/features/home/HomePage.jsx?t=1785108332662:37:33)
    at RenderedRoute (http://localhost:5173/node_modules/.vite/deps/react-router-dom.js?v=1f697ce1:4131:5)
    at Outlet (http://localhost:5173/node_modules/.vite/deps/react-router-dom.js?v=1f697ce1:4537:26)
    at main
    at div
    at MainLayout (http://localhost:5173/src/components/layout/MainLayout.jsx:33:39)
    at RenderedRoute (http://localhost:5173/node_modules/.vite/deps/react-router-dom.js?v=1f697ce1:4131:5)
    at Routes (http://localhost:5173/node_modules/.vite/deps/react-router-dom.js?v=1f697ce1:4601:5)
    at App
    at Router (http://localhost:5173/node_modules/.vite/deps/react-router-dom.js?v=1f697ce1:4544:15)
    at HashRouter (http://localhost:5173/node_modules/.vite/deps/react-router-dom.js?v=1f697ce1:5326:5) @ http://localhost:5173/node_modules/.vite/deps/chunk-NLPANMJC.js?v=dc97d517:520
[   18949ms] [ERROR] Warning: Encountered two children with the same key, `%s`. Keys should be unique so that components maintain their identity across updates. Non-unique keys may cause children to be duplicated and/or omitted — the behavior is unsupported and could change in a future version.%s Makkah Al-Mukarramah 
    at div
    at section
    at div
    at HomePage (http://localhost:5173/src/features/home/HomePage.jsx?t=1785108332662:37:33)
    at RenderedRoute (http://localhost:5173/node_modules/.vite/deps/react-router-dom.js?v=1f697ce1:4131:5)
    at Outlet (http://localhost:5173/node_modules/.vite/deps/react-router-dom.js?v=1f697ce1:4537:26)
    at main
    at div
    at MainLayout (http://localhost:5173/src/components/layout/MainLayout.jsx:33:39)
    at RenderedRoute (http://localhost:5173/node_modules/.vite/deps/react-router-dom.js?v=1f697ce1:4131:5)
    at Routes (http://localhost:5173/node_modules/.vite/deps/react-router-dom.js?v=1f697ce1:4601:5)
    at App
    at Router (http://localhost:5173/node_modules/.vite/deps/react-router-dom.js?v=1f697ce1:4544:15)
    at HashRouter (http://localhost:5173/node_modules/.vite/deps/react-router-dom.js?v=1f697ce1:5326:5) @ http://localhost:5173/node_modules/.vite/deps/chunk-NLPANMJC.js?v=dc97d517:520
[   19087ms] [ERROR] Warning: Encountered two children with the same key, `%s`. Keys should be unique so that components maintain their identity across updates. Non-unique keys may cause children to be duplicated and/or omitted — the behavior is unsupported and could change in a future version.%s Makkah Al-Mukarramah 
    at div
    at section
    at div
    at HomePage (http://localhost:5173/src/features/home/HomePage.jsx?t=1785108332662:37:33)
    at RenderedRoute (http://localhost:5173/node_modules/.vite/deps/react-router-dom.js?v=1f697ce1:4131:5)
    at Outlet (http://localhost:5173/node_modules/.vite/deps/react-router-dom.js?v=1f697ce1:4537:26)
    at main
    at div
    at MainLayout (http://localhost:5173/src/components/layout/MainLayout.jsx:33:39)
    at RenderedRoute (http://localhost:5173/node_modules/.vite/deps/react-router-dom.js?v=1f697ce1:4131:5)
    at Routes (http://localhost:5173/node_modules/.vite/deps/react-router-dom.js?v=1f697ce1:4601:5)
    at App
    at Router (http://localhost:5173/node_modules/.vite/deps/react-router-dom.js?v=1f697ce1:4544:15)
    at HashRouter (http://localhost:5173/node_modules/.vite/deps/react-router-dom.js?v=1f697ce1:5326:5) @ http://localhost:5173/node_modules/.vite/deps/chunk-NLPANMJC.js?v=dc97d517:520
[   19087ms] [ERROR] Warning: Encountered two children with the same key, `%s`. Keys should be unique so that components maintain their identity across updates. Non-unique keys may cause children to be duplicated and/or omitted — the behavior is unsupported and could change in a future version.%s Makkah Al-Mukarramah 
    at div
    at section
    at div
    at HomePage (http://localhost:5173/src/features/home/HomePage.jsx?t=1785108332662:37:33)
    at RenderedRoute (http://localhost:5173/node_modules/.vite/deps/react-router-dom.js?v=1f697ce1:4131:5)
    at Outlet (http://localhost:5173/node_modules/.vite/deps/react-router-dom.js?v=1f697ce1:4537:26)
    at main
    at div
    at MainLayout (http://localhost:5173/src/components/layout/MainLayout.jsx:33:39)
    at RenderedRoute (http://localhost:5173/node_modules/.vite/deps/react-router-dom.js?v=1f697ce1:4131:5)
    at Routes (http://localhost:5173/node_modules/.vite/deps/react-router-dom.js?v=1f697ce1:4601:5)
    at App
    at Router (http://localhost:5173/node_modules/.vite/deps/react-router-dom.js?v=1f697ce1:4544:15)
    at HashRouter (http://localhost:5173/node_modules/.vite/deps/react-router-dom.js?v=1f697ce1:5326:5) @ http://localhost:5173/node_modules/.vite/deps/chunk-NLPANMJC.js?v=dc97d517:520
[   19087ms] [ERROR] Warning: Encountered two children with the same key, `%s`. Keys should be unique so that components maintain their identity across updates. Non-unique keys may cause children to be duplicated and/or omitted — the behavior is unsupported and could change in a future version.%s Makkah Al-Mukarramah 
    at div
    at section
    at div
    at HomePage (http://localhost:5173/src/features/home/HomePage.jsx?t=1785108332662:37:33)
    at RenderedRoute (http://localhost:5173/node_modules/.vite/deps/react-router-dom.js?v=1f697ce1:4131:5)
    at Outlet (http://localhost:5173/node_modules/.vite/deps/react-router-dom.js?v=1f697ce1:4537:26)
    at main
    at div
    at MainLayout (http://localhost:5173/src/components/layout/MainLayout.jsx:33:39)
    at RenderedRoute (http://localhost:5173/node_modules/.vite/deps/react-router-dom.js?v=1f697ce1:4131:5)
    at Routes (http://localhost:5173/node_modules/.vite/deps/react-router-dom.js?v=1f697ce1:4601:5)
    at App
    at Router (http://localhost:5173/node_modules/.vite/deps/react-router-dom.js?v=1f697ce1:4544:15)
    at HashRouter (http://localhost:5173/node_modules/.vite/deps/react-router-dom.js?v=1f697ce1:5326:5) @ http://localhost:5173/node_modules/.vite/deps/chunk-NLPANMJC.js?v=dc97d517:520
[   23413ms] [ERROR] Warning: Encountered two children with the same key, `%s`. Keys should be unique so that components maintain their identity across updates. Non-unique keys may cause children to be duplicated and/or omitted — the behavior is unsupported and could change in a future version.%s Makkah Al-Mukarramah 
    at div
    at section
    at div
    at HomePage (http://localhost:5173/src/features/home/HomePage.jsx?t=1785108332662:37:33)
    at RenderedRoute (http://localhost:5173/node_modules/.vite/deps/react-router-dom.js?v=1f697ce1:4131:5)
    at Outlet (http://localhost:5173/node_modules/.vite/deps/react-router-dom.js?v=1f697ce1:4537:26)
    at main
    at div
    at MainLayout (http://localhost:5173/src/components/layout/MainLayout.jsx:33:39)
    at RenderedRoute (http://localhost:5173/node_modules/.vite/deps/react-router-dom.js?v=1f697ce1:4131:5)
    at Routes (http://localhost:5173/node_modules/.vite/deps/react-router-dom.js?v=1f697ce1:4601:5)
    at App
    at Router (http://localhost:5173/node_modules/.vite/deps/react-router-dom.js?v=1f697ce1:4544:15)
    at HashRouter (http://localhost:5173/node_modules/.vite/deps/react-router-dom.js?v=1f697ce1:5326:5) @ http://localhost:5173/node_modules/.vite/deps/chunk-NLPANMJC.js?v=dc97d517:520
[   23414ms] [ERROR] Warning: Encountered two children with the same key, `%s`. Keys should be unique so that components maintain their identity across updates. Non-unique keys may cause children to be duplicated and/or omitted — the behavior is unsupported and could change in a future version.%s Makkah Al-Mukarramah 
    at div
    at section
    at div
    at HomePage (http://localhost:5173/src/features/home/HomePage.jsx?t=1785108332662:37:33)
    at RenderedRoute (http://localhost:5173/node_modules/.vite/deps/react-router-dom.js?v=1f697ce1:4131:5)
    at Outlet (http://localhost:5173/node_modules/.vite/deps/react-router-dom.js?v=1f697ce1:4537:26)
    at main
    at div
    at MainLayout (http://localhost:5173/src/components/layout/MainLayout.jsx:33:39)
    at RenderedRoute (http://localhost:5173/node_modules/.vite/deps/react-router-dom.js?v=1f697ce1:4131:5)
    at Routes (http://localhost:5173/node_modules/.vite/deps/react-router-dom.js?v=1f697ce1:4601:5)
    at App
    at Router (http://localhost:5173/node_modules/.vite/deps/react-router-dom.js?v=1f697ce1:4544:15)
    at HashRouter (http://localhost:5173/node_modules/.vite/deps/react-router-dom.js?v=1f697ce1:5326:5) @ http://localhost:5173/node_modules/.vite/deps/chunk-NLPANMJC.js?v=dc97d517:520
[   23414ms] [ERROR] Warning: Encountered two children with the same key, `%s`. Keys should be unique so that components maintain their identity across updates. Non-unique keys may cause children to be duplicated and/or omitted — the behavior is unsupported and could change in a future version.%s Makkah Al-Mukarramah 
    at div
    at section
    at div
    at HomePage (http://localhost:5173/src/features/home/HomePage.jsx?t=1785108332662:37:33)
    at RenderedRoute (http://localhost:5173/node_modules/.vite/deps/react-router-dom.js?v=1f697ce1:4131:5)
    at Outlet (http://localhost:5173/node_modules/.vite/deps/react-router-dom.js?v=1f697ce1:4537:26)
    at main
    at div
    at MainLayout (http://localhost:5173/src/components/layout/MainLayout.jsx:33:39)
    at RenderedRoute (http://localhost:5173/node_modules/.vite/deps/react-router-dom.js?v=1f697ce1:4131:5)
    at Routes (http://localhost:5173/node_modules/.vite/deps/react-router-dom.js?v=1f697ce1:4601:5)
    at App
    at Router (http://localhost:5173/node_modules/.vite/deps/react-router-dom.js?v=1f697ce1:4544:15)
    at HashRouter (http://localhost:5173/node_modules/.vite/deps/react-router-dom.js?v=1f697ce1:5326:5) @ http://localhost:5173/node_modules/.vite/deps/chunk-NLPANMJC.js?v=dc97d517:520
[   23440ms] [ERROR] Warning: Encountered two children with the same key, `%s`. Keys should be unique so that components maintain their identity across updates. Non-unique keys may cause children to be duplicated and/or omitted — the behavior is unsupported and could change in a future version.%s Makkah Al-Mukarramah 
    at div
    at section
    at div
    at HomePage (http://localhost:5173/src/features/home/HomePage.jsx?t=1785108332662:37:33)
    at RenderedRoute (http://localhost:5173/node_modules/.vite/deps/react-router-dom.js?v=1f697ce1:4131:5)
    at Outlet (http://localhost:5173/node_modules/.vite/deps/react-router-dom.js?v=1f697ce1:4537:26)
    at main
    at div
    at MainLayout (http://localhost:5173/src/components/layout/MainLayout.jsx:33:39)
    at RenderedRoute (http://localhost:5173/node_modules/.vite/deps/react-router-dom.js?v=1f697ce1:4131:5)
    at Routes (http://localhost:5173/node_modules/.vite/deps/react-router-dom.js?v=1f697ce1:4601:5)
    at App
    at Router (http://localhost:5173/node_modules/.vite/deps/react-router-dom.js?v=1f697ce1:4544:15)
    at HashRouter (http://localhost:5173/node_modules/.vite/deps/react-router-dom.js?v=1f697ce1:5326:5) @ http://localhost:5173/node_modules/.vite/deps/chunk-NLPANMJC.js?v=dc97d517:520
[   23441ms] [ERROR] Warning: Encountered two children with the same key, `%s`. Keys should be unique so that components maintain their identity across updates. Non-unique keys may cause children to be duplicated and/or omitted — the behavior is unsupported and could change in a future version.%s Makkah Al-Mukarramah 
    at div
    at section
    at div
    at HomePage (http://localhost:5173/src/features/home/HomePage.jsx?t=1785108332662:37:33)
    at RenderedRoute (http://localhost:5173/node_modules/.vite/deps/react-router-dom.js?v=1f697ce1:4131:5)
    at Outlet (http://localhost:5173/node_modules/.vite/deps/react-router-dom.js?v=1f697ce1:4537:26)
    at main
    at div
    at MainLayout (http://localhost:5173/src/components/layout/MainLayout.jsx:33:39)
    at RenderedRoute (http://localhost:5173/node_modules/.vite/deps/react-router-dom.js?v=1f697ce1:4131:5)
    at Routes (http://localhost:5173/node_modules/.vite/deps/react-router-dom.js?v=1f697ce1:4601:5)
    at App
    at Router (http://localhost:5173/node_modules/.vite/deps/react-router-dom.js?v=1f697ce1:4544:15)
    at HashRouter (http://localhost:5173/node_modules/.vite/deps/react-router-dom.js?v=1f697ce1:5326:5) @ http://localhost:5173/node_modules/.vite/deps/chunk-NLPANMJC.js?v=dc97d517:520
[   23441ms] [ERROR] Warning: Encountered two children with the same key, `%s`. Keys should be unique so that components maintain their identity across updates. Non-unique keys may cause children to be duplicated and/or omitted — the behavior is unsupported and could change in a future version.%s Makkah Al-Mukarramah 
    at div
    at section
    at div
    at HomePage (http://localhost:5173/src/features/home/HomePage.jsx?t=1785108332662:37:33)
    at RenderedRoute (http://localhost:5173/node_modules/.vite/deps/react-router-dom.js?v=1f697ce1:4131:5)
    at Outlet (http://localhost:5173/node_modules/.vite/deps/react-router-dom.js?v=1f697ce1:4537:26)
    at main
    at div
    at MainLayout (http://localhost:5173/src/components/layout/MainLayout.jsx:33:39)
    at RenderedRoute (http://localhost:5173/node_modules/.vite/deps/react-router-dom.js?v=1f697ce1:4131:5)
    at Routes (http://localhost:5173/node_modules/.vite/deps/react-router-dom.js?v=1f697ce1:4601:5)
    at App
    at Router (http://localhost:5173/node_modules/.vite/deps/react-router-dom.js?v=1f697ce1:4544:15)
    at HashRouter (http://localhost:5173/node_modules/.vite/deps/react-router-dom.js?v=1f697ce1:5326:5) @ http://localhost:5173/node_modules/.vite/deps/chunk-NLPANMJC.js?v=dc97d517:520
[   23580ms] [ERROR] Warning: Encountered two children with the same key, `%s`. Keys should be unique so that components maintain their identity across updates. Non-unique keys may cause children to be duplicated and/or omitted — the behavior is unsupported and could change in a future version.%s Makkah Al-Mukarramah 
    at div
    at section
    at div
    at HomePage (http://localhost:5173/src/features/home/HomePage.jsx?t=1785108332662:37:33)
    at RenderedRoute (http://localhost:5173/node_modules/.vite/deps/react-router-dom.js?v=1f697ce1:4131:5)
    at Outlet (http://localhost:5173/node_modules/.vite/deps/react-router-dom.js?v=1f697ce1:4537:26)
    at main
    at div
    at MainLayout (http://localhost:5173/src/components/layout/MainLayout.jsx:33:39)
    at RenderedRoute (http://localhost:5173/node_modules/.vite/deps/react-router-dom.js?v=1f697ce1:4131:5)
    at Routes (http://localhost:5173/node_modules/.vite/deps/react-router-dom.js?v=1f697ce1:4601:5)
    at App
    at Router (http://localhost:5173/node_modules/.vite/deps/react-router-dom.js?v=1f697ce1:4544:15)
    at HashRouter (http://localhost:5173/node_modules/.vite/deps/react-router-dom.js?v=1f697ce1:5326:5) @ http://localhost:5173/node_modules/.vite/deps/chunk-NLPANMJC.js?v=dc97d517:520
[   23580ms] [ERROR] Warning: Encountered two children with the same key, `%s`. Keys should be unique so that components maintain their identity across updates. Non-unique keys may cause children to be duplicated and/or omitted — the behavior is unsupported and could change in a future version.%s Makkah Al-Mukarramah 
    at div
    at section
    at div
    at HomePage (http://localhost:5173/src/features/home/HomePage.jsx?t=1785108332662:37:33)
    at RenderedRoute (http://localhost:5173/node_modules/.vite/deps/react-router-dom.js?v=1f697ce1:4131:5)
    at Outlet (http://localhost:5173/node_modules/.vite/deps/react-router-dom.js?v=1f697ce1:4537:26)
    at main
    at div
    at MainLayout (http://localhost:5173/src/components/layout/MainLayout.jsx:33:39)
    at RenderedRoute (http://localhost:5173/node_modules/.vite/deps/react-router-dom.js?v=1f697ce1:4131:5)
    at Routes (http://localhost:5173/node_modules/.vite/deps/react-router-dom.js?v=1f697ce1:4601:5)
    at App
    at Router (http://localhost:5173/node_modules/.vite/deps/react-router-dom.js?v=1f697ce1:4544:15)
    at HashRouter (http://localhost:5173/node_modules/.vite/deps/react-router-dom.js?v=1f697ce1:5326:5) @ http://localhost:5173/node_modules/.vite/deps/chunk-NLPANMJC.js?v=dc97d517:520
[   23580ms] [ERROR] Warning: Encountered two children with the same key, `%s`. Keys should be unique so that components maintain their identity across updates. Non-unique keys may cause children to be duplicated and/or omitted — the behavior is unsupported and could change in a future version.%s Makkah Al-Mukarramah 
    at div
    at section
    at div
    at HomePage (http://localhost:5173/src/features/home/HomePage.jsx?t=1785108332662:37:33)
    at RenderedRoute (http://localhost:5173/node_modules/.vite/deps/react-router-dom.js?v=1f697ce1:4131:5)
    at Outlet (http://localhost:5173/node_modules/.vite/deps/react-router-dom.js?v=1f697ce1:4537:26)
    at main
    at div
    at MainLayout (http://localhost:5173/src/components/layout/MainLayout.jsx:33:39)
    at RenderedRoute (http://localhost:5173/node_modules/.vite/deps/react-router-dom.js?v=1f697ce1:4131:5)
    at Routes (http://localhost:5173/node_modules/.vite/deps/react-router-dom.js?v=1f697ce1:4601:5)
    at App
    at Router (http://localhost:5173/node_modules/.vite/deps/react-router-dom.js?v=1f697ce1:4544:15)
    at HashRouter (http://localhost:5173/node_modules/.vite/deps/react-router-dom.js?v=1f697ce1:5326:5) @ http://localhost:5173/node_modules/.vite/deps/chunk-NLPANMJC.js?v=dc97d517:520
[   27919ms] [ERROR] Warning: Encountered two children with the same key, `%s`. Keys should be unique so that components maintain their identity across updates. Non-unique keys may cause children to be duplicated and/or omitted — the behavior is unsupported and could change in a future version.%s Makkah Al-Mukarramah 
    at div
    at section
    at div
    at HomePage (http://localhost:5173/src/features/home/HomePage.jsx?t=1785108332662:37:33)
    at RenderedRoute (http://localhost:5173/node_modules/.vite/deps/react-router-dom.js?v=1f697ce1:4131:5)
    at Outlet (http://localhost:5173/node_modules/.vite/deps/react-router-dom.js?v=1f697ce1:4537:26)
    at main
    at div
    at MainLayout (http://localhost:5173/src/components/layout/MainLayout.jsx:33:39)
    at RenderedRoute (http://localhost:5173/node_modules/.vite/deps/react-router-dom.js?v=1f697ce1:4131:5)
    at Routes (http://localhost:5173/node_modules/.vite/deps/react-router-dom.js?v=1f697ce1:4601:5)
    at App
    at Router (http://localhost:5173/node_modules/.vite/deps/react-router-dom.js?v=1f697ce1:4544:15)
    at HashRouter (http://localhost:5173/node_modules/.vite/deps/react-router-dom.js?v=1f697ce1:5326:5) @ http://localhost:5173/node_modules/.vite/deps/chunk-NLPANMJC.js?v=dc97d517:520
[   27919ms] [ERROR] Warning: Encountered two children with the same key, `%s`. Keys should be unique so that components maintain their identity across updates. Non-unique keys may cause children to be duplicated and/or omitted — the behavior is unsupported and could change in a future version.%s Makkah Al-Mukarramah 
    at div
    at section
    at div
    at HomePage (http://localhost:5173/src/features/home/HomePage.jsx?t=1785108332662:37:33)
    at RenderedRoute (http://localhost:5173/node_modules/.vite/deps/react-router-dom.js?v=1f697ce1:4131:5)
    at Outlet (http://localhost:5173/node_modules/.vite/deps/react-router-dom.js?v=1f697ce1:4537:26)
    at main
    at div
    at MainLayout (http://localhost:5173/src/components/layout/MainLayout.jsx:33:39)
    at RenderedRoute (http://localhost:5173/node_modules/.vite/deps/react-router-dom.js?v=1f697ce1:4131:5)
    at Routes (http://localhost:5173/node_modules/.vite/deps/react-router-dom.js?v=1f697ce1:4601:5)
    at App
    at Router (http://localhost:5173/node_modules/.vite/deps/react-router-dom.js?v=1f697ce1:4544:15)
    at HashRouter (http://localhost:5173/node_modules/.vite/deps/react-router-dom.js?v=1f697ce1:5326:5) @ http://localhost:5173/node_modules/.vite/deps/chunk-NLPANMJC.js?v=dc97d517:520
[   27919ms] [ERROR] Warning: Encountered two children with the same key, `%s`. Keys should be unique so that components maintain their identity across updates. Non-unique keys may cause children to be duplicated and/or omitted — the behavior is unsupported and could change in a future version.%s Makkah Al-Mukarramah 
    at div
    at section
    at div
    at HomePage (http://localhost:5173/src/features/home/HomePage.jsx?t=1785108332662:37:33)
    at RenderedRoute (http://localhost:5173/node_modules/.vite/deps/react-router-dom.js?v=1f697ce1:4131:5)
    at Outlet (http://localhost:5173/node_modules/.vite/deps/react-router-dom.js?v=1f697ce1:4537:26)
    at main
    at div
    at MainLayout (http://localhost:5173/src/components/layout/MainLayout.jsx:33:39)
    at RenderedRoute (http://localhost:5173/node_modules/.vite/deps/react-router-dom.js?v=1f697ce1:4131:5)
    at Routes (http://localhost:5173/node_modules/.vite/deps/react-router-dom.js?v=1f697ce1:4601:5)
    at App
    at Router (http://localhost:5173/node_modules/.vite/deps/react-router-dom.js?v=1f697ce1:4544:15)
    at HashRouter (http://localhost:5173/node_modules/.vite/deps/react-router-dom.js?v=1f697ce1:5326:5) @ http://localhost:5173/node_modules/.vite/deps/chunk-NLPANMJC.js?v=dc97d517:520
[   27948ms] [ERROR] Warning: Encountered two children with the same key, `%s`. Keys should be unique so that components maintain their identity across updates. Non-unique keys may cause children to be duplicated and/or omitted — the behavior is unsupported and could change in a future version.%s Makkah Al-Mukarramah 
    at div
    at section
    at div
    at HomePage (http://localhost:5173/src/features/home/HomePage.jsx?t=1785108332662:37:33)
    at RenderedRoute (http://localhost:5173/node_modules/.vite/deps/react-router-dom.js?v=1f697ce1:4131:5)
    at Outlet (http://localhost:5173/node_modules/.vite/deps/react-router-dom.js?v=1f697ce1:4537:26)
    at main
    at div
    at MainLayout (http://localhost:5173/src/components/layout/MainLayout.jsx:33:39)
    at RenderedRoute (http://localhost:5173/node_modules/.vite/deps/react-router-dom.js?v=1f697ce1:4131:5)
    at Routes (http://localhost:5173/node_modules/.vite/deps/react-router-dom.js?v=1f697ce1:4601:5)
    at App
    at Router (http://localhost:5173/node_modules/.vite/deps/react-router-dom.js?v=1f697ce1:4544:15)
    at HashRouter (http://localhost:5173/node_modules/.vite/deps/react-router-dom.js?v=1f697ce1:5326:5) @ http://localhost:5173/node_modules/.vite/deps/chunk-NLPANMJC.js?v=dc97d517:520
[   27948ms] [ERROR] Warning: Encountered two children with the same key, `%s`. Keys should be unique so that components maintain their identity across updates. Non-unique keys may cause children to be duplicated and/or omitted — the behavior is unsupported and could change in a future version.%s Makkah Al-Mukarramah 
    at div
    at section
    at div
    at HomePage (http://localhost:5173/src/features/home/HomePage.jsx?t=1785108332662:37:33)
    at RenderedRoute (http://localhost:5173/node_modules/.vite/deps/react-router-dom.js?v=1f697ce1:4131:5)
    at Outlet (http://localhost:5173/node_modules/.vite/deps/react-router-dom.js?v=1f697ce1:4537:26)
    at main
    at div
    at MainLayout (http://localhost:5173/src/components/layout/MainLayout.jsx:33:39)
    at RenderedRoute (http://localhost:5173/node_modules/.vite/deps/react-router-dom.js?v=1f697ce1:4131:5)
    at Routes (http://localhost:5173/node_modules/.vite/deps/react-router-dom.js?v=1f697ce1:4601:5)
    at App
    at Router (http://localhost:5173/node_modules/.vite/deps/react-router-dom.js?v=1f697ce1:4544:15)
    at HashRouter (http://localhost:5173/node_modules/.vite/deps/react-router-dom.js?v=1f697ce1:5326:5) @ http://localhost:5173/node_modules/.vite/deps/chunk-NLPANMJC.js?v=dc97d517:520
[   27948ms] [ERROR] Warning: Encountered two children with the same key, `%s`. Keys should be unique so that components maintain their identity across updates. Non-unique keys may cause children to be duplicated and/or omitted — the behavior is unsupported and could change in a future version.%s Makkah Al-Mukarramah 
    at div
    at section
    at div
    at HomePage (http://localhost:5173/src/features/home/HomePage.jsx?t=1785108332662:37:33)
    at RenderedRoute (http://localhost:5173/node_modules/.vite/deps/react-router-dom.js?v=1f697ce1:4131:5)
    at Outlet (http://localhost:5173/node_modules/.vite/deps/react-router-dom.js?v=1f697ce1:4537:26)
    at main
    at div
    at MainLayout (http://localhost:5173/src/components/layout/MainLayout.jsx:33:39)
    at RenderedRoute (http://localhost:5173/node_modules/.vite/deps/react-router-dom.js?v=1f697ce1:4131:5)
    at Routes (http://localhost:5173/node_modules/.vite/deps/react-router-dom.js?v=1f697ce1:4601:5)
    at App
    at Router (http://localhost:5173/node_modules/.vite/deps/react-router-dom.js?v=1f697ce1:4544:15)
    at HashRouter (http://localhost:5173/node_modules/.vite/deps/react-router-dom.js?v=1f697ce1:5326:5) @ http://localhost:5173/node_modules/.vite/deps/chunk-NLPANMJC.js?v=dc97d517:520
[   28087ms] [ERROR] Warning: Encountered two children with the same key, `%s`. Keys should be unique so that components maintain their identity across updates. Non-unique keys may cause children to be duplicated and/or omitted — the behavior is unsupported and could change in a future version.%s Makkah Al-Mukarramah 
    at div
    at section
    at div
    at HomePage (http://localhost:5173/src/features/home/HomePage.jsx?t=1785108332662:37:33)
    at RenderedRoute (http://localhost:5173/node_modules/.vite/deps/react-router-dom.js?v=1f697ce1:4131:5)
    at Outlet (http://localhost:5173/node_modules/.vite/deps/react-router-dom.js?v=1f697ce1:4537:26)
    at main
    at div
    at MainLayout (http://localhost:5173/src/components/layout/MainLayout.jsx:33:39)
    at RenderedRoute (http://localhost:5173/node_modules/.vite/deps/react-router-dom.js?v=1f697ce1:4131:5)
    at Routes (http://localhost:5173/node_modules/.vite/deps/react-router-dom.js?v=1f697ce1:4601:5)
    at App
    at Router (http://localhost:5173/node_modules/.vite/deps/react-router-dom.js?v=1f697ce1:4544:15)
    at HashRouter (http://localhost:5173/node_modules/.vite/deps/react-router-dom.js?v=1f697ce1:5326:5) @ http://localhost:5173/node_modules/.vite/deps/chunk-NLPANMJC.js?v=dc97d517:520
[   28087ms] [ERROR] Warning: Encountered two children with the same key, `%s`. Keys should be unique so that components maintain their identity across updates. Non-unique keys may cause children to be duplicated and/or omitted — the behavior is unsupported and could change in a future version.%s Makkah Al-Mukarramah 
    at div
    at section
    at div
    at HomePage (http://localhost:5173/src/features/home/HomePage.jsx?t=1785108332662:37:33)
    at RenderedRoute (http://localhost:5173/node_modules/.vite/deps/react-router-dom.js?v=1f697ce1:4131:5)
    at Outlet (http://localhost:5173/node_modules/.vite/deps/react-router-dom.js?v=1f697ce1:4537:26)
    at main
    at div
    at MainLayout (http://localhost:5173/src/components/layout/MainLayout.jsx:33:39)
    at RenderedRoute (http://localhost:5173/node_modules/.vite/deps/react-router-dom.js?v=1f697ce1:4131:5)
    at Routes (http://localhost:5173/node_modules/.vite/deps/react-router-dom.js?v=1f697ce1:4601:5)
    at App
    at Router (http://localhost:5173/node_modules/.vite/deps/react-router-dom.js?v=1f697ce1:4544:15)
    at HashRouter (http://localhost:5173/node_modules/.vite/deps/react-router-dom.js?v=1f697ce1:5326:5) @ http://localhost:5173/node_modules/.vite/deps/chunk-NLPANMJC.js?v=dc97d517:520
[   28087ms] [ERROR] Warning: Encountered two children with the same key, `%s`. Keys should be unique so that components maintain their identity across updates. Non-unique keys may cause children to be duplicated and/or omitted — the behavior is unsupported and could change in a future version.%s Makkah Al-Mukarramah 
    at div
    at section
    at div
    at HomePage (http://localhost:5173/src/features/home/HomePage.jsx?t=1785108332662:37:33)
    at RenderedRoute (http://localhost:5173/node_modules/.vite/deps/react-router-dom.js?v=1f697ce1:4131:5)
    at Outlet (http://localhost:5173/node_modules/.vite/deps/react-router-dom.js?v=1f697ce1:4537:26)
    at main
    at div
    at MainLayout (http://localhost:5173/src/components/layout/MainLayout.jsx:33:39)
    at RenderedRoute (http://localhost:5173/node_modules/.vite/deps/react-router-dom.js?v=1f697ce1:4131:5)
    at Routes (http://localhost:5173/node_modules/.vite/deps/react-router-dom.js?v=1f697ce1:4601:5)
    at App
    at Router (http://localhost:5173/node_modules/.vite/deps/react-router-dom.js?v=1f697ce1:4544:15)
    at HashRouter (http://localhost:5173/node_modules/.vite/deps/react-router-dom.js?v=1f697ce1:5326:5) @ http://localhost:5173/node_modules/.vite/deps/chunk-NLPANMJC.js?v=dc97d517:520
[   32414ms] [ERROR] Warning: Encountered two children with the same key, `%s`. Keys should be unique so that components maintain their identity across updates. Non-unique keys may cause children to be duplicated and/or omitted — the behavior is unsupported and could change in a future version.%s Makkah Al-Mukarramah 
    at div
    at section
    at div
    at HomePage (http://localhost:5173/src/features/home/HomePage.jsx?t=1785108332662:37:33)
    at RenderedRoute (http://localhost:5173/node_modules/.vite/deps/react-router-dom.js?v=1f697ce1:4131:5)
    at Outlet (http://localhost:5173/node_modules/.vite/deps/react-router-dom.js?v=1f697ce1:4537:26)
    at main
    at div
    at MainLayout (http://localhost:5173/src/components/layout/MainLayout.jsx:33:39)
    at RenderedRoute (http://localhost:5173/node_modules/.vite/deps/react-router-dom.js?v=1f697ce1:4131:5)
    at Routes (http://localhost:5173/node_modules/.vite/deps/react-router-dom.js?v=1f697ce1:4601:5)
    at App
    at Router (http://localhost:5173/node_modules/.vite/deps/react-router-dom.js?v=1f697ce1:4544:15)
    at HashRouter (http://localhost:5173/node_modules/.vite/deps/react-router-dom.js?v=1f697ce1:5326:5) @ http://localhost:5173/node_modules/.vite/deps/chunk-NLPANMJC.js?v=dc97d517:520
[   32414ms] [ERROR] Warning: Encountered two children with the same key, `%s`. Keys should be unique so that components maintain their identity across updates. Non-unique keys may cause children to be duplicated and/or omitted — the behavior is unsupported and could change in a future version.%s Makkah Al-Mukarramah 
    at div
    at section
    at div
    at HomePage (http://localhost:5173/src/features/home/HomePage.jsx?t=1785108332662:37:33)
    at RenderedRoute (http://localhost:5173/node_modules/.vite/deps/react-router-dom.js?v=1f697ce1:4131:5)
    at Outlet (http://localhost:5173/node_modules/.vite/deps/react-router-dom.js?v=1f697ce1:4537:26)
    at main
    at div
    at MainLayout (http://localhost:5173/src/components/layout/MainLayout.jsx:33:39)
    at RenderedRoute (http://localhost:5173/node_modules/.vite/deps/react-router-dom.js?v=1f697ce1:4131:5)
    at Routes (http://localhost:5173/node_modules/.vite/deps/react-router-dom.js?v=1f697ce1:4601:5)
    at App
    at Router (http://localhost:5173/node_modules/.vite/deps/react-router-dom.js?v=1f697ce1:4544:15)
    at HashRouter (http://localhost:5173/node_modules/.vite/deps/react-router-dom.js?v=1f697ce1:5326:5) @ http://localhost:5173/node_modules/.vite/deps/chunk-NLPANMJC.js?v=dc97d517:520
[   32415ms] [ERROR] Warning: Encountered two children with the same key, `%s`. Keys should be unique so that components maintain their identity across updates. Non-unique keys may cause children to be duplicated and/or omitted — the behavior is unsupported and could change in a future version.%s Makkah Al-Mukarramah 
    at div
    at section
    at div
    at HomePage (http://localhost:5173/src/features/home/HomePage.jsx?t=1785108332662:37:33)
    at RenderedRoute (http://localhost:5173/node_modules/.vite/deps/react-router-dom.js?v=1f697ce1:4131:5)
    at Outlet (http://localhost:5173/node_modules/.vite/deps/react-router-dom.js?v=1f697ce1:4537:26)
    at main
    at div
    at MainLayout (http://localhost:5173/src/components/layout/MainLayout.jsx:33:39)
    at RenderedRoute (http://localhost:5173/node_modules/.vite/deps/react-router-dom.js?v=1f697ce1:4131:5)
    at Routes (http://localhost:5173/node_modules/.vite/deps/react-router-dom.js?v=1f697ce1:4601:5)
    at App
    at Router (http://localhost:5173/node_modules/.vite/deps/react-router-dom.js?v=1f697ce1:4544:15)
    at HashRouter (http://localhost:5173/node_modules/.vite/deps/react-router-dom.js?v=1f697ce1:5326:5) @ http://localhost:5173/node_modules/.vite/deps/chunk-NLPANMJC.js?v=dc97d517:520
[   32441ms] [ERROR] Warning: Encountered two children with the same key, `%s`. Keys should be unique so that components maintain their identity across updates. Non-unique keys may cause children to be duplicated and/or omitted — the behavior is unsupported and could change in a future version.%s Makkah Al-Mukarramah 
    at div
    at section
    at div
    at HomePage (http://localhost:5173/src/features/home/HomePage.jsx?t=1785108332662:37:33)
    at RenderedRoute (http://localhost:5173/node_modules/.vite/deps/react-router-dom.js?v=1f697ce1:4131:5)
    at Outlet (http://localhost:5173/node_modules/.vite/deps/react-router-dom.js?v=1f697ce1:4537:26)
    at main
    at div
    at MainLayout (http://localhost:5173/src/components/layout/MainLayout.jsx:33:39)
    at RenderedRoute (http://localhost:5173/node_modules/.vite/deps/react-router-dom.js?v=1f697ce1:4131:5)
    at Routes (http://localhost:5173/node_modules/.vite/deps/react-router-dom.js?v=1f697ce1:4601:5)
    at App
    at Router (http://localhost:5173/node_modules/.vite/deps/react-router-dom.js?v=1f697ce1:4544:15)
    at HashRouter (http://localhost:5173/node_modules/.vite/deps/react-router-dom.js?v=1f697ce1:5326:5) @ http://localhost:5173/node_modules/.vite/deps/chunk-NLPANMJC.js?v=dc97d517:520
[   32442ms] [ERROR] Warning: Encountered two children with the same key, `%s`. Keys should be unique so that components maintain their identity across updates. Non-unique keys may cause children to be duplicated and/or omitted — the behavior is unsupported and could change in a future version.%s Makkah Al-Mukarramah 
    at div
    at section
    at div
    at HomePage (http://localhost:5173/src/features/home/HomePage.jsx?t=1785108332662:37:33)
    at RenderedRoute (http://localhost:5173/node_modules/.vite/deps/react-router-dom.js?v=1f697ce1:4131:5)
    at Outlet (http://localhost:5173/node_modules/.vite/deps/react-router-dom.js?v=1f697ce1:4537:26)
    at main
    at div
    at MainLayout (http://localhost:5173/src/components/layout/MainLayout.jsx:33:39)
    at RenderedRoute (http://localhost:5173/node_modules/.vite/deps/react-router-dom.js?v=1f697ce1:4131:5)
    at Routes (http://localhost:5173/node_modules/.vite/deps/react-router-dom.js?v=1f697ce1:4601:5)
    at App
    at Router (http://localhost:5173/node_modules/.vite/deps/react-router-dom.js?v=1f697ce1:4544:15)
    at HashRouter (http://localhost:5173/node_modules/.vite/deps/react-router-dom.js?v=1f697ce1:5326:5) @ http://localhost:5173/node_modules/.vite/deps/chunk-NLPANMJC.js?v=dc97d517:520
[   32442ms] [ERROR] Warning: Encountered two children with the same key, `%s`. Keys should be unique so that components maintain their identity across updates. Non-unique keys may cause children to be duplicated and/or omitted — the behavior is unsupported and could change in a future version.%s Makkah Al-Mukarramah 
    at div
    at section
    at div
    at HomePage (http://localhost:5173/src/features/home/HomePage.jsx?t=1785108332662:37:33)
    at RenderedRoute (http://localhost:5173/node_modules/.vite/deps/react-router-dom.js?v=1f697ce1:4131:5)
    at Outlet (http://localhost:5173/node_modules/.vite/deps/react-router-dom.js?v=1f697ce1:4537:26)
    at main
    at div
    at MainLayout (http://localhost:5173/src/components/layout/MainLayout.jsx:33:39)
    at RenderedRoute (http://localhost:5173/node_modules/.vite/deps/react-router-dom.js?v=1f697ce1:4131:5)
    at Routes (http://localhost:5173/node_modules/.vite/deps/react-router-dom.js?v=1f697ce1:4601:5)
    at App
    at Router (http://localhost:5173/node_modules/.vite/deps/react-router-dom.js?v=1f697ce1:4544:15)
    at HashRouter (http://localhost:5173/node_modules/.vite/deps/react-router-dom.js?v=1f697ce1:5326:5) @ http://localhost:5173/node_modules/.vite/deps/chunk-NLPANMJC.js?v=dc97d517:520
[   32592ms] [ERROR] Warning: Encountered two children with the same key, `%s`. Keys should be unique so that components maintain their identity across updates. Non-unique keys may cause children to be duplicated and/or omitted — the behavior is unsupported and could change in a future version.%s Makkah Al-Mukarramah 
    at div
    at section
    at div
    at HomePage (http://localhost:5173/src/features/home/HomePage.jsx?t=1785108332662:37:33)
    at RenderedRoute (http://localhost:5173/node_modules/.vite/deps/react-router-dom.js?v=1f697ce1:4131:5)
    at Outlet (http://localhost:5173/node_modules/.vite/deps/react-router-dom.js?v=1f697ce1:4537:26)
    at main
    at div
    at MainLayout (http://localhost:5173/src/components/layout/MainLayout.jsx:33:39)
    at RenderedRoute (http://localhost:5173/node_modules/.vite/deps/react-router-dom.js?v=1f697ce1:4131:5)
    at Routes (http://localhost:5173/node_modules/.vite/deps/react-router-dom.js?v=1f697ce1:4601:5)
    at App
    at Router (http://localhost:5173/node_modules/.vite/deps/react-router-dom.js?v=1f697ce1:4544:15)
    at HashRouter (http://localhost:5173/node_modules/.vite/deps/react-router-dom.js?v=1f697ce1:5326:5) @ http://localhost:5173/node_modules/.vite/deps/chunk-NLPANMJC.js?v=dc97d517:520
[   32593ms] [ERROR] Warning: Encountered two children with the same key, `%s`. Keys should be unique so that components maintain their identity across updates. Non-unique keys may cause children to be duplicated and/or omitted — the behavior is unsupported and could change in a future version.%s Makkah Al-Mukarramah 
    at div
    at section
    at div
    at HomePage (http://localhost:5173/src/features/home/HomePage.jsx?t=1785108332662:37:33)
    at RenderedRoute (http://localhost:5173/node_modules/.vite/deps/react-router-dom.js?v=1f697ce1:4131:5)
    at Outlet (http://localhost:5173/node_modules/.vite/deps/react-router-dom.js?v=1f697ce1:4537:26)
    at main
    at div
    at MainLayout (http://localhost:5173/src/components/layout/MainLayout.jsx:33:39)
    at RenderedRoute (http://localhost:5173/node_modules/.vite/deps/react-router-dom.js?v=1f697ce1:4131:5)
    at Routes (http://localhost:5173/node_modules/.vite/deps/react-router-dom.js?v=1f697ce1:4601:5)
    at App
    at Router (http://localhost:5173/node_modules/.vite/deps/react-router-dom.js?v=1f697ce1:4544:15)
    at HashRouter (http://localhost:5173/node_modules/.vite/deps/react-router-dom.js?v=1f697ce1:5326:5) @ http://localhost:5173/node_modules/.vite/deps/chunk-NLPANMJC.js?v=dc97d517:520
[   32593ms] [ERROR] Warning: Encountered two children with the same key, `%s`. Keys should be unique so that components maintain their identity across updates. Non-unique keys may cause children to be duplicated and/or omitted — the behavior is unsupported and could change in a future version.%s Makkah Al-Mukarramah 
    at div
    at section
    at div
    at HomePage (http://localhost:5173/src/features/home/HomePage.jsx?t=1785108332662:37:33)
    at RenderedRoute (http://localhost:5173/node_modules/.vite/deps/react-router-dom.js?v=1f697ce1:4131:5)
    at Outlet (http://localhost:5173/node_modules/.vite/deps/react-router-dom.js?v=1f697ce1:4537:26)
    at main
    at div
    at MainLayout (http://localhost:5173/src/components/layout/MainLayout.jsx:33:39)
    at RenderedRoute (http://localhost:5173/node_modules/.vite/deps/react-router-dom.js?v=1f697ce1:4131:5)
    at Routes (http://localhost:5173/node_modules/.vite/deps/react-router-dom.js?v=1f697ce1:4601:5)
    at App
    at Router (http://localhost:5173/node_modules/.vite/deps/react-router-dom.js?v=1f697ce1:4544:15)
    at HashRouter (http://localhost:5173/node_modules/.vite/deps/react-router-dom.js?v=1f697ce1:5326:5) @ http://localhost:5173/node_modules/.vite/deps/chunk-NLPANMJC.js?v=dc97d517:520
[   32691ms] [ERROR] Warning: Encountered two children with the same key, `%s`. Keys should be unique so that components maintain their identity across updates. Non-unique keys may cause children to be duplicated and/or omitted — the behavior is unsupported and could change in a future version.%s Makkah Al-Mukarramah 
    at div
    at section
    at div
    at HomePage (http://localhost:5173/src/features/home/HomePage.jsx?t=1785108332662:37:33)
    at RenderedRoute (http://localhost:5173/node_modules/.vite/deps/react-router-dom.js?v=1f697ce1:4131:5)
    at Outlet (http://localhost:5173/node_modules/.vite/deps/react-router-dom.js?v=1f697ce1:4537:26)
    at main
    at div
    at MainLayout (http://localhost:5173/src/components/layout/MainLayout.jsx:33:39)
    at RenderedRoute (http://localhost:5173/node_modules/.vite/deps/react-router-dom.js?v=1f697ce1:4131:5)
    at Routes (http://localhost:5173/node_modules/.vite/deps/react-router-dom.js?v=1f697ce1:4601:5)
    at App
    at Router (http://localhost:5173/node_modules/.vite/deps/react-router-dom.js?v=1f697ce1:4544:15)
    at HashRouter (http://localhost:5173/node_modules/.vite/deps/react-router-dom.js?v=1f697ce1:5326:5) @ http://localhost:5173/node_modules/.vite/deps/chunk-NLPANMJC.js?v=dc97d517:520
[   32692ms] [ERROR] Warning: Encountered two children with the same key, `%s`. Keys should be unique so that components maintain their identity across updates. Non-unique keys may cause children to be duplicated and/or omitted — the behavior is unsupported and could change in a future version.%s Makkah Al-Mukarramah 
    at div
    at section
    at div
    at HomePage (http://localhost:5173/src/features/home/HomePage.jsx?t=1785108332662:37:33)
    at RenderedRoute (http://localhost:5173/node_modules/.vite/deps/react-router-dom.js?v=1f697ce1:4131:5)
    at Outlet (http://localhost:5173/node_modules/.vite/deps/react-router-dom.js?v=1f697ce1:4537:26)
    at main
    at div
    at MainLayout (http://localhost:5173/src/components/layout/MainLayout.jsx:33:39)
    at RenderedRoute (http://localhost:5173/node_modules/.vite/deps/react-router-dom.js?v=1f697ce1:4131:5)
    at Routes (http://localhost:5173/node_modules/.vite/deps/react-router-dom.js?v=1f697ce1:4601:5)
    at App
    at Router (http://localhost:5173/node_modules/.vite/deps/react-router-dom.js?v=1f697ce1:4544:15)
    at HashRouter (http://localhost:5173/node_modules/.vite/deps/react-router-dom.js?v=1f697ce1:5326:5) @ http://localhost:5173/node_modules/.vite/deps/chunk-NLPANMJC.js?v=dc97d517:520
[   32693ms] [ERROR] Warning: Encountered two children with the same key, `%s`. Keys should be unique so that components maintain their identity across updates. Non-unique keys may cause children to be duplicated and/or omitted — the behavior is unsupported and could change in a future version.%s Makkah Al-Mukarramah 
    at div
    at section
    at div
    at HomePage (http://localhost:5173/src/features/home/HomePage.jsx?t=1785108332662:37:33)
    at RenderedRoute (http://localhost:5173/node_modules/.vite/deps/react-router-dom.js?v=1f697ce1:4131:5)
    at Outlet (http://localhost:5173/node_modules/.vite/deps/react-router-dom.js?v=1f697ce1:4537:26)
    at main
    at div
    at MainLayout (http://localhost:5173/src/components/layout/MainLayout.jsx:33:39)
    at RenderedRoute (http://localhost:5173/node_modules/.vite/deps/react-router-dom.js?v=1f697ce1:4131:5)
    at Routes (http://localhost:5173/node_modules/.vite/deps/react-router-dom.js?v=1f697ce1:4601:5)
    at App
    at Router (http://localhost:5173/node_modules/.vite/deps/react-router-dom.js?v=1f697ce1:4544:15)
    at HashRouter (http://localhost:5173/node_modules/.vite/deps/react-router-dom.js?v=1f697ce1:5326:5) @ http://localhost:5173/node_modules/.vite/deps/chunk-NLPANMJC.js?v=dc97d517:520
[   32739ms] [ERROR] Warning: Encountered two children with the same key, `%s`. Keys should be unique so that components maintain their identity across updates. Non-unique keys may cause children to be duplicated and/or omitted — the behavior is unsupported and could change in a future version.%s Makkah Al-Mukarramah 
    at div
    at section
    at div
    at HomePage (http://localhost:5173/src/features/home/HomePage.jsx?t=1785108332662:37:33)
    at RenderedRoute (http://localhost:5173/node_modules/.vite/deps/react-router-dom.js?v=1f697ce1:4131:5)
    at Outlet (http://localhost:5173/node_modules/.vite/deps/react-router-dom.js?v=1f697ce1:4537:26)
    at main
    at div
    at MainLayout (http://localhost:5173/src/components/layout/MainLayout.jsx:33:39)
    at RenderedRoute (http://localhost:5173/node_modules/.vite/deps/react-router-dom.js?v=1f697ce1:4131:5)
    at Routes (http://localhost:5173/node_modules/.vite/deps/react-router-dom.js?v=1f697ce1:4601:5)
    at App
    at Router (http://localhost:5173/node_modules/.vite/deps/react-router-dom.js?v=1f697ce1:4544:15)
    at HashRouter (http://localhost:5173/node_modules/.vite/deps/react-router-dom.js?v=1f697ce1:5326:5) @ http://localhost:5173/node_modules/.vite/deps/chunk-NLPANMJC.js?v=dc97d517:520
[   32739ms] [ERROR] Warning: Encountered two children with the same key, `%s`. Keys should be unique so that components maintain their identity across updates. Non-unique keys may cause children to be duplicated and/or omitted — the behavior is unsupported and could change in a future version.%s Makkah Al-Mukarramah 
    at div
    at section
    at div
    at HomePage (http://localhost:5173/src/features/home/HomePage.jsx?t=1785108332662:37:33)
    at RenderedRoute (http://localhost:5173/node_modules/.vite/deps/react-router-dom.js?v=1f697ce1:4131:5)
    at Outlet (http://localhost:5173/node_modules/.vite/deps/react-router-dom.js?v=1f697ce1:4537:26)
    at main
    at div
    at MainLayout (http://localhost:5173/src/components/layout/MainLayout.jsx:33:39)
    at RenderedRoute (http://localhost:5173/node_modules/.vite/deps/react-router-dom.js?v=1f697ce1:4131:5)
    at Routes (http://localhost:5173/node_modules/.vite/deps/react-router-dom.js?v=1f697ce1:4601:5)
    at App
    at Router (http://localhost:5173/node_modules/.vite/deps/react-router-dom.js?v=1f697ce1:4544:15)
    at HashRouter (http://localhost:5173/node_modules/.vite/deps/react-router-dom.js?v=1f697ce1:5326:5) @ http://localhost:5173/node_modules/.vite/deps/chunk-NLPANMJC.js?v=dc97d517:520
[   32739ms] [ERROR] Warning: Encountered two children with the same key, `%s`. Keys should be unique so that components maintain their identity across updates. Non-unique keys may cause children to be duplicated and/or omitted — the behavior is unsupported and could change in a future version.%s Makkah Al-Mukarramah 
    at div
    at section
    at div
    at HomePage (http://localhost:5173/src/features/home/HomePage.jsx?t=1785108332662:37:33)
    at RenderedRoute (http://localhost:5173/node_modules/.vite/deps/react-router-dom.js?v=1f697ce1:4131:5)
    at Outlet (http://localhost:5173/node_modules/.vite/deps/react-router-dom.js?v=1f697ce1:4537:26)
    at main
    at div
    at MainLayout (http://localhost:5173/src/components/layout/MainLayout.jsx:33:39)
    at RenderedRoute (http://localhost:5173/node_modules/.vite/deps/react-router-dom.js?v=1f697ce1:4131:5)
    at Routes (http://localhost:5173/node_modules/.vite/deps/react-router-dom.js?v=1f697ce1:4601:5)
    at App
    at Router (http://localhost:5173/node_modules/.vite/deps/react-router-dom.js?v=1f697ce1:4544:15)
    at HashRouter (http://localhost:5173/node_modules/.vite/deps/react-router-dom.js?v=1f697ce1:5326:5) @ http://localhost:5173/node_modules/.vite/deps/chunk-NLPANMJC.js?v=dc97d517:520
[   32810ms] [ERROR] Warning: Encountered two children with the same key, `%s`. Keys should be unique so that components maintain their identity across updates. Non-unique keys may cause children to be duplicated and/or omitted — the behavior is unsupported and could change in a future version.%s Makkah Al-Mukarramah 
    at div
    at section
    at div
    at HomePage (http://localhost:5173/src/features/home/HomePage.jsx?t=1785108332662:37:33)
    at RenderedRoute (http://localhost:5173/node_modules/.vite/deps/react-router-dom.js?v=1f697ce1:4131:5)
    at Outlet (http://localhost:5173/node_modules/.vite/deps/react-router-dom.js?v=1f697ce1:4537:26)
    at main
    at div
    at MainLayout (http://localhost:5173/src/components/layout/MainLayout.jsx:33:39)
    at RenderedRoute (http://localhost:5173/node_modules/.vite/deps/react-router-dom.js?v=1f697ce1:4131:5)
    at Routes (http://localhost:5173/node_modules/.vite/deps/react-router-dom.js?v=1f697ce1:4601:5)
    at App
    at Router (http://localhost:5173/node_modules/.vite/deps/react-router-dom.js?v=1f697ce1:4544:15)
    at HashRouter (http://localhost:5173/node_modules/.vite/deps/react-router-dom.js?v=1f697ce1:5326:5) @ http://localhost:5173/node_modules/.vite/deps/chunk-NLPANMJC.js?v=dc97d517:520
[   32810ms] [ERROR] Warning: Encountered two children with the same key, `%s`. Keys should be unique so that components maintain their identity across updates. Non-unique keys may cause children to be duplicated and/or omitted — the behavior is unsupported and could change in a future version.%s Makkah Al-Mukarramah 
    at div
    at section
    at div
    at HomePage (http://localhost:5173/src/features/home/HomePage.jsx?t=1785108332662:37:33)
    at RenderedRoute (http://localhost:5173/node_modules/.vite/deps/react-router-dom.js?v=1f697ce1:4131:5)
    at Outlet (http://localhost:5173/node_modules/.vite/deps/react-router-dom.js?v=1f697ce1:4537:26)
    at main
    at div
    at MainLayout (http://localhost:5173/src/components/layout/MainLayout.jsx:33:39)
    at RenderedRoute (http://localhost:5173/node_modules/.vite/deps/react-router-dom.js?v=1f697ce1:4131:5)
    at Routes (http://localhost:5173/node_modules/.vite/deps/react-router-dom.js?v=1f697ce1:4601:5)
    at App
    at Router (http://localhost:5173/node_modules/.vite/deps/react-router-dom.js?v=1f697ce1:4544:15)
    at HashRouter (http://localhost:5173/node_modules/.vite/deps/react-router-dom.js?v=1f697ce1:5326:5) @ http://localhost:5173/node_modules/.vite/deps/chunk-NLPANMJC.js?v=dc97d517:520
[   32811ms] [ERROR] Warning: Encountered two children with the same key, `%s`. Keys should be unique so that components maintain their identity across updates. Non-unique keys may cause children to be duplicated and/or omitted — the behavior is unsupported and could change in a future version.%s Makkah Al-Mukarramah 
    at div
    at section
    at div
    at HomePage (http://localhost:5173/src/features/home/HomePage.jsx?t=1785108332662:37:33)
    at RenderedRoute (http://localhost:5173/node_modules/.vite/deps/react-router-dom.js?v=1f697ce1:4131:5)
    at Outlet (http://localhost:5173/node_modules/.vite/deps/react-router-dom.js?v=1f697ce1:4537:26)
    at main
    at div
    at MainLayout (http://localhost:5173/src/components/layout/MainLayout.jsx:33:39)
    at RenderedRoute (http://localhost:5173/node_modules/.vite/deps/react-router-dom.js?v=1f697ce1:4131:5)
    at Routes (http://localhost:5173/node_modules/.vite/deps/react-router-dom.js?v=1f697ce1:4601:5)
    at App
    at Router (http://localhost:5173/node_modules/.vite/deps/react-router-dom.js?v=1f697ce1:4544:15)
    at HashRouter (http://localhost:5173/node_modules/.vite/deps/react-router-dom.js?v=1f697ce1:5326:5) @ http://localhost:5173/node_modules/.vite/deps/chunk-NLPANMJC.js?v=dc97d517:520
[   32920ms] [ERROR] Warning: Encountered two children with the same key, `%s`. Keys should be unique so that components maintain their identity across updates. Non-unique keys may cause children to be duplicated and/or omitted — the behavior is unsupported and could change in a future version.%s Makkah Al-Mukarramah 
    at div
    at section
    at div
    at HomePage (http://localhost:5173/src/features/home/HomePage.jsx?t=1785108332662:37:33)
    at RenderedRoute (http://localhost:5173/node_modules/.vite/deps/react-router-dom.js?v=1f697ce1:4131:5)
    at Outlet (http://localhost:5173/node_modules/.vite/deps/react-router-dom.js?v=1f697ce1:4537:26)
    at main
    at div
    at MainLayout (http://localhost:5173/src/components/layout/MainLayout.jsx:33:39)
    at RenderedRoute (http://localhost:5173/node_modules/.vite/deps/react-router-dom.js?v=1f697ce1:4131:5)
    at Routes (http://localhost:5173/node_modules/.vite/deps/react-router-dom.js?v=1f697ce1:4601:5)
    at App
    at Router (http://localhost:5173/node_modules/.vite/deps/react-router-dom.js?v=1f697ce1:4544:15)
    at HashRouter (http://localhost:5173/node_modules/.vite/deps/react-router-dom.js?v=1f697ce1:5326:5) @ http://localhost:5173/node_modules/.vite/deps/chunk-NLPANMJC.js?v=dc97d517:520
[   32920ms] [ERROR] Warning: Encountered two children with the same key, `%s`. Keys should be unique so that components maintain their identity across updates. Non-unique keys may cause children to be duplicated and/or omitted — the behavior is unsupported and could change in a future version.%s Makkah Al-Mukarramah 
    at div
    at section
    at div
    at HomePage (http://localhost:5173/src/features/home/HomePage.jsx?t=1785108332662:37:33)
    at RenderedRoute (http://localhost:5173/node_modules/.vite/deps/react-router-dom.js?v=1f697ce1:4131:5)
    at Outlet (http://localhost:5173/node_modules/.vite/deps/react-router-dom.js?v=1f697ce1:4537:26)
    at main
    at div
    at MainLayout (http://localhost:5173/src/components/layout/MainLayout.jsx:33:39)
    at RenderedRoute (http://localhost:5173/node_modules/.vite/deps/react-router-dom.js?v=1f697ce1:4131:5)
    at Routes (http://localhost:5173/node_modules/.vite/deps/react-router-dom.js?v=1f697ce1:4601:5)
    at App
    at Router (http://localhost:5173/node_modules/.vite/deps/react-router-dom.js?v=1f697ce1:4544:15)
    at HashRouter (http://localhost:5173/node_modules/.vite/deps/react-router-dom.js?v=1f697ce1:5326:5) @ http://localhost:5173/node_modules/.vite/deps/chunk-NLPANMJC.js?v=dc97d517:520
[   32920ms] [ERROR] Warning: Encountered two children with the same key, `%s`. Keys should be unique so that components maintain their identity across updates. Non-unique keys may cause children to be duplicated and/or omitted — the behavior is unsupported and could change in a future version.%s Makkah Al-Mukarramah 
    at div
    at section
    at div
    at HomePage (http://localhost:5173/src/features/home/HomePage.jsx?t=1785108332662:37:33)
    at RenderedRoute (http://localhost:5173/node_modules/.vite/deps/react-router-dom.js?v=1f697ce1:4131:5)
    at Outlet (http://localhost:5173/node_modules/.vite/deps/react-router-dom.js?v=1f697ce1:4537:26)
    at main
    at div
    at MainLayout (http://localhost:5173/src/components/layout/MainLayout.jsx:33:39)
    at RenderedRoute (http://localhost:5173/node_modules/.vite/deps/react-router-dom.js?v=1f697ce1:4131:5)
    at Routes (http://localhost:5173/node_modules/.vite/deps/react-router-dom.js?v=1f697ce1:4601:5)
    at App
    at Router (http://localhost:5173/node_modules/.vite/deps/react-router-dom.js?v=1f697ce1:4544:15)
    at HashRouter (http://localhost:5173/node_modules/.vite/deps/react-router-dom.js?v=1f697ce1:5326:5) @ http://localhost:5173/node_modules/.vite/deps/chunk-NLPANMJC.js?v=dc97d517:520
[   33197ms] [ERROR] Warning: Encountered two children with the same key, `%s`. Keys should be unique so that components maintain their identity across updates. Non-unique keys may cause children to be duplicated and/or omitted — the behavior is unsupported and could change in a future version.%s Makkah Al-Mukarramah 
    at div
    at section
    at div
    at HomePage (http://localhost:5173/src/features/home/HomePage.jsx?t=1785108332662:37:33)
    at RenderedRoute (http://localhost:5173/node_modules/.vite/deps/react-router-dom.js?v=1f697ce1:4131:5)
    at Outlet (http://localhost:5173/node_modules/.vite/deps/react-router-dom.js?v=1f697ce1:4537:26)
    at main
    at div
    at MainLayout (http://localhost:5173/src/components/layout/MainLayout.jsx:33:39)
    at RenderedRoute (http://localhost:5173/node_modules/.vite/deps/react-router-dom.js?v=1f697ce1:4131:5)
    at Routes (http://localhost:5173/node_modules/.vite/deps/react-router-dom.js?v=1f697ce1:4601:5)
    at App
    at Router (http://localhost:5173/node_modules/.vite/deps/react-router-dom.js?v=1f697ce1:4544:15)
    at HashRouter (http://localhost:5173/node_modules/.vite/deps/react-router-dom.js?v=1f697ce1:5326:5) @ http://localhost:5173/node_modules/.vite/deps/chunk-NLPANMJC.js?v=dc97d517:520
[   33198ms] [ERROR] Warning: Encountered two children with the same key, `%s`. Keys should be unique so that components maintain their identity across updates. Non-unique keys may cause children to be duplicated and/or omitted — the behavior is unsupported and could change in a future version.%s Makkah Al-Mukarramah 
    at div
    at section
    at div
    at HomePage (http://localhost:5173/src/features/home/HomePage.jsx?t=1785108332662:37:33)
    at RenderedRoute (http://localhost:5173/node_modules/.vite/deps/react-router-dom.js?v=1f697ce1:4131:5)
    at Outlet (http://localhost:5173/node_modules/.vite/deps/react-router-dom.js?v=1f697ce1:4537:26)
    at main
    at div
    at MainLayout (http://localhost:5173/src/components/layout/MainLayout.jsx:33:39)
    at RenderedRoute (http://localhost:5173/node_modules/.vite/deps/react-router-dom.js?v=1f697ce1:4131:5)
    at Routes (http://localhost:5173/node_modules/.vite/deps/react-router-dom.js?v=1f697ce1:4601:5)
    at App
    at Router (http://localhost:5173/node_modules/.vite/deps/react-router-dom.js?v=1f697ce1:4544:15)
    at HashRouter (http://localhost:5173/node_modules/.vite/deps/react-router-dom.js?v=1f697ce1:5326:5) @ http://localhost:5173/node_modules/.vite/deps/chunk-NLPANMJC.js?v=dc97d517:520
[   33198ms] [ERROR] Warning: Encountered two children with the same key, `%s`. Keys should be unique so that components maintain their identity across updates. Non-unique keys may cause children to be duplicated and/or omitted — the behavior is unsupported and could change in a future version.%s Makkah Al-Mukarramah 
    at div
    at section
    at div
    at HomePage (http://localhost:5173/src/features/home/HomePage.jsx?t=1785108332662:37:33)
    at RenderedRoute (http://localhost:5173/node_modules/.vite/deps/react-router-dom.js?v=1f697ce1:4131:5)
    at Outlet (http://localhost:5173/node_modules/.vite/deps/react-router-dom.js?v=1f697ce1:4537:26)
    at main
    at div
    at MainLayout (http://localhost:5173/src/components/layout/MainLayout.jsx:33:39)
    at RenderedRoute (http://localhost:5173/node_modules/.vite/deps/react-router-dom.js?v=1f697ce1:4131:5)
    at Routes (http://localhost:5173/node_modules/.vite/deps/react-router-dom.js?v=1f697ce1:4601:5)
    at App
    at Router (http://localhost:5173/node_modules/.vite/deps/react-router-dom.js?v=1f697ce1:4544:15)
    at HashRouter (http://localhost:5173/node_modules/.vite/deps/react-router-dom.js?v=1f697ce1:5326:5) @ http://localhost:5173/node_modules/.vite/deps/chunk-NLPANMJC.js?v=dc97d517:520
[   33440ms] [ERROR] Warning: Encountered two children with the same key, `%s`. Keys should be unique so that components maintain their identity across updates. Non-unique keys may cause children to be duplicated and/or omitted — the behavior is unsupported and could change in a future version.%s Makkah Al-Mukarramah 
    at div
    at section
    at div
    at HomePage (http://localhost:5173/src/features/home/HomePage.jsx?t=1785108332662:37:33)
    at RenderedRoute (http://localhost:5173/node_modules/.vite/deps/react-router-dom.js?v=1f697ce1:4131:5)
    at Outlet (http://localhost:5173/node_modules/.vite/deps/react-router-dom.js?v=1f697ce1:4537:26)
    at main
    at div
    at MainLayout (http://localhost:5173/src/components/layout/MainLayout.jsx:33:39)
    at RenderedRoute (http://localhost:5173/node_modules/.vite/deps/react-router-dom.js?v=1f697ce1:4131:5)
    at Routes (http://localhost:5173/node_modules/.vite/deps/react-router-dom.js?v=1f697ce1:4601:5)
    at App
    at Router (http://localhost:5173/node_modules/.vite/deps/react-router-dom.js?v=1f697ce1:4544:15)
    at HashRouter (http://localhost:5173/node_modules/.vite/deps/react-router-dom.js?v=1f697ce1:5326:5) @ http://localhost:5173/node_modules/.vite/deps/chunk-NLPANMJC.js?v=dc97d517:520
[   33440ms] [ERROR] Warning: Encountered two children with the same key, `%s`. Keys should be unique so that components maintain their identity across updates. Non-unique keys may cause children to be duplicated and/or omitted — the behavior is unsupported and could change in a future version.%s Makkah Al-Mukarramah 
    at div
    at section
    at div
    at HomePage (http://localhost:5173/src/features/home/HomePage.jsx?t=1785108332662:37:33)
    at RenderedRoute (http://localhost:5173/node_modules/.vite/deps/react-router-dom.js?v=1f697ce1:4131:5)
    at Outlet (http://localhost:5173/node_modules/.vite/deps/react-router-dom.js?v=1f697ce1:4537:26)
    at main
    at div
    at MainLayout (http://localhost:5173/src/components/layout/MainLayout.jsx:33:39)
    at RenderedRoute (http://localhost:5173/node_modules/.vite/deps/react-router-dom.js?v=1f697ce1:4131:5)
    at Routes (http://localhost:5173/node_modules/.vite/deps/react-router-dom.js?v=1f697ce1:4601:5)
    at App
    at Router (http://localhost:5173/node_modules/.vite/deps/react-router-dom.js?v=1f697ce1:4544:15)
    at HashRouter (http://localhost:5173/node_modules/.vite/deps/react-router-dom.js?v=1f697ce1:5326:5) @ http://localhost:5173/node_modules/.vite/deps/chunk-NLPANMJC.js?v=dc97d517:520
[   33440ms] [ERROR] Warning: Encountered two children with the same key, `%s`. Keys should be unique so that components maintain their identity across updates. Non-unique keys may cause children to be duplicated and/or omitted — the behavior is unsupported and could change in a future version.%s Makkah Al-Mukarramah 
    at div
    at section
    at div
    at HomePage (http://localhost:5173/src/features/home/HomePage.jsx?t=1785108332662:37:33)
    at RenderedRoute (http://localhost:5173/node_modules/.vite/deps/react-router-dom.js?v=1f697ce1:4131:5)
    at Outlet (http://localhost:5173/node_modules/.vite/deps/react-router-dom.js?v=1f697ce1:4537:26)
    at main
    at div
    at MainLayout (http://localhost:5173/src/components/layout/MainLayout.jsx:33:39)
    at RenderedRoute (http://localhost:5173/node_modules/.vite/deps/react-router-dom.js?v=1f697ce1:4131:5)
    at Routes (http://localhost:5173/node_modules/.vite/deps/react-router-dom.js?v=1f697ce1:4601:5)
    at App
    at Router (http://localhost:5173/node_modules/.vite/deps/react-router-dom.js?v=1f697ce1:4544:15)
    at HashRouter (http://localhost:5173/node_modules/.vite/deps/react-router-dom.js?v=1f697ce1:5326:5) @ http://localhost:5173/node_modules/.vite/deps/chunk-NLPANMJC.js?v=dc97d517:520
[   33445ms] [WARNING] Blocked aria-hidden on an element because its descendant retained focus. The focus must not be hidden from assistive technology users. Avoid using aria-hidden on a focused element or its ancestor. Consider using the inert attribute instead, which will also prevent focus. For more details, see the aria-hidden section of the WAI-ARIA specification at https://w3c.github.io/aria/#aria-hidden.
Element with focus: <button.absolute right-2 top-2 z-10 flex h-8 w-8 items-center justify-center rounded-full bg-white/95 text-lg font-bold text-navy shadow-md transition hover:bg-white>
Ancestor with aria-hidden: <div.fixed inset-0 z-[9999] flex items-center justify-center bg-black/60 px-4 py-8 transition-opacity duration-300 pointer-events-none opacity-0> @ http://localhost:5173/:0
[   36912ms] [ERROR] Warning: Encountered two children with the same key, `%s`. Keys should be unique so that components maintain their identity across updates. Non-unique keys may cause children to be duplicated and/or omitted — the behavior is unsupported and could change in a future version.%s Makkah Al-Mukarramah 
    at div
    at section
    at div
    at HomePage (http://localhost:5173/src/features/home/HomePage.jsx?t=1785108332662:37:33)
    at RenderedRoute (http://localhost:5173/node_modules/.vite/deps/react-router-dom.js?v=1f697ce1:4131:5)
    at Outlet (http://localhost:5173/node_modules/.vite/deps/react-router-dom.js?v=1f697ce1:4537:26)
    at main
    at div
    at MainLayout (http://localhost:5173/src/components/layout/MainLayout.jsx:33:39)
    at RenderedRoute (http://localhost:5173/node_modules/.vite/deps/react-router-dom.js?v=1f697ce1:4131:5)
    at Routes (http://localhost:5173/node_modules/.vite/deps/react-router-dom.js?v=1f697ce1:4601:5)
    at App
    at Router (http://localhost:5173/node_modules/.vite/deps/react-router-dom.js?v=1f697ce1:4544:15)
    at HashRouter (http://localhost:5173/node_modules/.vite/deps/react-router-dom.js?v=1f697ce1:5326:5) @ http://localhost:5173/node_modules/.vite/deps/chunk-NLPANMJC.js?v=dc97d517:520
[   36912ms] [ERROR] Warning: Encountered two children with the same key, `%s`. Keys should be unique so that components maintain their identity across updates. Non-unique keys may cause children to be duplicated and/or omitted — the behavior is unsupported and could change in a future version.%s Makkah Al-Mukarramah 
    at div
    at section
    at div
    at HomePage (http://localhost:5173/src/features/home/HomePage.jsx?t=1785108332662:37:33)
    at RenderedRoute (http://localhost:5173/node_modules/.vite/deps/react-router-dom.js?v=1f697ce1:4131:5)
    at Outlet (http://localhost:5173/node_modules/.vite/deps/react-router-dom.js?v=1f697ce1:4537:26)
    at main
    at div
    at MainLayout (http://localhost:5173/src/components/layout/MainLayout.jsx:33:39)
    at RenderedRoute (http://localhost:5173/node_modules/.vite/deps/react-router-dom.js?v=1f697ce1:4131:5)
    at Routes (http://localhost:5173/node_modules/.vite/deps/react-router-dom.js?v=1f697ce1:4601:5)
    at App
    at Router (http://localhost:5173/node_modules/.vite/deps/react-router-dom.js?v=1f697ce1:4544:15)
    at HashRouter (http://localhost:5173/node_modules/.vite/deps/react-router-dom.js?v=1f697ce1:5326:5) @ http://localhost:5173/node_modules/.vite/deps/chunk-NLPANMJC.js?v=dc97d517:520
[   36913ms] [ERROR] Warning: Encountered two children with the same key, `%s`. Keys should be unique so that components maintain their identity across updates. Non-unique keys may cause children to be duplicated and/or omitted — the behavior is unsupported and could change in a future version.%s Makkah Al-Mukarramah 
    at div
    at section
    at div
    at HomePage (http://localhost:5173/src/features/home/HomePage.jsx?t=1785108332662:37:33)
    at RenderedRoute (http://localhost:5173/node_modules/.vite/deps/react-router-dom.js?v=1f697ce1:4131:5)
    at Outlet (http://localhost:5173/node_modules/.vite/deps/react-router-dom.js?v=1f697ce1:4537:26)
    at main
    at div
    at MainLayout (http://localhost:5173/src/components/layout/MainLayout.jsx:33:39)
    at RenderedRoute (http://localhost:5173/node_modules/.vite/deps/react-router-dom.js?v=1f697ce1:4131:5)
    at Routes (http://localhost:5173/node_modules/.vite/deps/react-router-dom.js?v=1f697ce1:4601:5)
    at App
    at Router (http://localhost:5173/node_modules/.vite/deps/react-router-dom.js?v=1f697ce1:4544:15)
    at HashRouter (http://localhost:5173/node_modules/.vite/deps/react-router-dom.js?v=1f697ce1:5326:5) @ http://localhost:5173/node_modules/.vite/deps/chunk-NLPANMJC.js?v=dc97d517:520
[   36937ms] [ERROR] Warning: Encountered two children with the same key, `%s`. Keys should be unique so that components maintain their identity across updates. Non-unique keys may cause children to be duplicated and/or omitted — the behavior is unsupported and could change in a future version.%s Makkah Al-Mukarramah 
    at div
    at section
    at div
    at HomePage (http://localhost:5173/src/features/home/HomePage.jsx?t=1785108332662:37:33)
    at RenderedRoute (http://localhost:5173/node_modules/.vite/deps/react-router-dom.js?v=1f697ce1:4131:5)
    at Outlet (http://localhost:5173/node_modules/.vite/deps/react-router-dom.js?v=1f697ce1:4537:26)
    at main
    at div
    at MainLayout (http://localhost:5173/src/components/layout/MainLayout.jsx:33:39)
    at RenderedRoute (http://localhost:5173/node_modules/.vite/deps/react-router-dom.js?v=1f697ce1:4131:5)
    at Routes (http://localhost:5173/node_modules/.vite/deps/react-router-dom.js?v=1f697ce1:4601:5)
    at App
    at Router (http://localhost:5173/node_modules/.vite/deps/react-router-dom.js?v=1f697ce1:4544:15)
    at HashRouter (http://localhost:5173/node_modules/.vite/deps/react-router-dom.js?v=1f697ce1:5326:5) @ http://localhost:5173/node_modules/.vite/deps/chunk-NLPANMJC.js?v=dc97d517:520
[   36937ms] [ERROR] Warning: Encountered two children with the same key, `%s`. Keys should be unique so that components maintain their identity across updates. Non-unique keys may cause children to be duplicated and/or omitted — the behavior is unsupported and could change in a future version.%s Makkah Al-Mukarramah 
    at div
    at section
    at div
    at HomePage (http://localhost:5173/src/features/home/HomePage.jsx?t=1785108332662:37:33)
    at RenderedRoute (http://localhost:5173/node_modules/.vite/deps/react-router-dom.js?v=1f697ce1:4131:5)
    at Outlet (http://localhost:5173/node_modules/.vite/deps/react-router-dom.js?v=1f697ce1:4537:26)
    at main
    at div
    at MainLayout (http://localhost:5173/src/components/layout/MainLayout.jsx:33:39)
    at RenderedRoute (http://localhost:5173/node_modules/.vite/deps/react-router-dom.js?v=1f697ce1:4131:5)
    at Routes (http://localhost:5173/node_modules/.vite/deps/react-router-dom.js?v=1f697ce1:4601:5)
    at App
    at Router (http://localhost:5173/node_modules/.vite/deps/react-router-dom.js?v=1f697ce1:4544:15)
    at HashRouter (http://localhost:5173/node_modules/.vite/deps/react-router-dom.js?v=1f697ce1:5326:5) @ http://localhost:5173/node_modules/.vite/deps/chunk-NLPANMJC.js?v=dc97d517:520
[   36937ms] [ERROR] Warning: Encountered two children with the same key, `%s`. Keys should be unique so that components maintain their identity across updates. Non-unique keys may cause children to be duplicated and/or omitted — the behavior is unsupported and could change in a future version.%s Makkah Al-Mukarramah 
    at div
    at section
    at div
    at HomePage (http://localhost:5173/src/features/home/HomePage.jsx?t=1785108332662:37:33)
    at RenderedRoute (http://localhost:5173/node_modules/.vite/deps/react-router-dom.js?v=1f697ce1:4131:5)
    at Outlet (http://localhost:5173/node_modules/.vite/deps/react-router-dom.js?v=1f697ce1:4537:26)
    at main
    at div
    at MainLayout (http://localhost:5173/src/components/layout/MainLayout.jsx:33:39)
    at RenderedRoute (http://localhost:5173/node_modules/.vite/deps/react-router-dom.js?v=1f697ce1:4131:5)
    at Routes (http://localhost:5173/node_modules/.vite/deps/react-router-dom.js?v=1f697ce1:4601:5)
    at App
    at Router (http://localhost:5173/node_modules/.vite/deps/react-router-dom.js?v=1f697ce1:4544:15)
    at HashRouter (http://localhost:5173/node_modules/.vite/deps/react-router-dom.js?v=1f697ce1:5326:5) @ http://localhost:5173/node_modules/.vite/deps/chunk-NLPANMJC.js?v=dc97d517:520
[   37051ms] [ERROR] Warning: Encountered two children with the same key, `%s`. Keys should be unique so that components maintain their identity across updates. Non-unique keys may cause children to be duplicated and/or omitted — the behavior is unsupported and could change in a future version.%s Makkah Al-Mukarramah 
    at div
    at section
    at div
    at HomePage (http://localhost:5173/src/features/home/HomePage.jsx?t=1785108332662:37:33)
    at RenderedRoute (http://localhost:5173/node_modules/.vite/deps/react-router-dom.js?v=1f697ce1:4131:5)
    at Outlet (http://localhost:5173/node_modules/.vite/deps/react-router-dom.js?v=1f697ce1:4537:26)
    at main
    at div
    at MainLayout (http://localhost:5173/src/components/layout/MainLayout.jsx:33:39)
    at RenderedRoute (http://localhost:5173/node_modules/.vite/deps/react-router-dom.js?v=1f697ce1:4131:5)
    at Routes (http://localhost:5173/node_modules/.vite/deps/react-router-dom.js?v=1f697ce1:4601:5)
    at App
    at Router (http://localhost:5173/node_modules/.vite/deps/react-router-dom.js?v=1f697ce1:4544:15)
    at HashRouter (http://localhost:5173/node_modules/.vite/deps/react-router-dom.js?v=1f697ce1:5326:5) @ http://localhost:5173/node_modules/.vite/deps/chunk-NLPANMJC.js?v=dc97d517:520
[   37052ms] [ERROR] Warning: Encountered two children with the same key, `%s`. Keys should be unique so that components maintain their identity across updates. Non-unique keys may cause children to be duplicated and/or omitted — the behavior is unsupported and could change in a future version.%s Makkah Al-Mukarramah 
    at div
    at section
    at div
    at HomePage (http://localhost:5173/src/features/home/HomePage.jsx?t=1785108332662:37:33)
    at RenderedRoute (http://localhost:5173/node_modules/.vite/deps/react-router-dom.js?v=1f697ce1:4131:5)
    at Outlet (http://localhost:5173/node_modules/.vite/deps/react-router-dom.js?v=1f697ce1:4537:26)
    at main
    at div
    at MainLayout (http://localhost:5173/src/components/layout/MainLayout.jsx:33:39)
    at RenderedRoute (http://localhost:5173/node_modules/.vite/deps/react-router-dom.js?v=1f697ce1:4131:5)
    at Routes (http://localhost:5173/node_modules/.vite/deps/react-router-dom.js?v=1f697ce1:4601:5)
    at App
    at Router (http://localhost:5173/node_modules/.vite/deps/react-router-dom.js?v=1f697ce1:4544:15)
    at HashRouter (http://localhost:5173/node_modules/.vite/deps/react-router-dom.js?v=1f697ce1:5326:5) @ http://localhost:5173/node_modules/.vite/deps/chunk-NLPANMJC.js?v=dc97d517:520
[   37052ms] [ERROR] Warning: Encountered two children with the same key, `%s`. Keys should be unique so that components maintain their identity across updates. Non-unique keys may cause children to be duplicated and/or omitted — the behavior is unsupported and could change in a future version.%s Makkah Al-Mukarramah 
    at div
    at section
    at div
    at HomePage (http://localhost:5173/src/features/home/HomePage.jsx?t=1785108332662:37:33)
    at RenderedRoute (http://localhost:5173/node_modules/.vite/deps/react-router-dom.js?v=1f697ce1:4131:5)
    at Outlet (http://localhost:5173/node_modules/.vite/deps/react-router-dom.js?v=1f697ce1:4537:26)
    at main
    at div
    at MainLayout (http://localhost:5173/src/components/layout/MainLayout.jsx:33:39)
    at RenderedRoute (http://localhost:5173/node_modules/.vite/deps/react-router-dom.js?v=1f697ce1:4131:5)
    at Routes (http://localhost:5173/node_modules/.vite/deps/react-router-dom.js?v=1f697ce1:4601:5)
    at App
    at Router (http://localhost:5173/node_modules/.vite/deps/react-router-dom.js?v=1f697ce1:4544:15)
    at HashRouter (http://localhost:5173/node_modules/.vite/deps/react-router-dom.js?v=1f697ce1:5326:5) @ http://localhost:5173/node_modules/.vite/deps/chunk-NLPANMJC.js?v=dc97d517:520
[   41419ms] [ERROR] Warning: Encountered two children with the same key, `%s`. Keys should be unique so that components maintain their identity across updates. Non-unique keys may cause children to be duplicated and/or omitted — the behavior is unsupported and could change in a future version.%s Makkah Al-Mukarramah 
    at div
    at section
    at div
    at HomePage (http://localhost:5173/src/features/home/HomePage.jsx?t=1785108332662:37:33)
    at RenderedRoute (http://localhost:5173/node_modules/.vite/deps/react-router-dom.js?v=1f697ce1:4131:5)
    at Outlet (http://localhost:5173/node_modules/.vite/deps/react-router-dom.js?v=1f697ce1:4537:26)
    at main
    at div
    at MainLayout (http://localhost:5173/src/components/layout/MainLayout.jsx:33:39)
    at RenderedRoute (http://localhost:5173/node_modules/.vite/deps/react-router-dom.js?v=1f697ce1:4131:5)
    at Routes (http://localhost:5173/node_modules/.vite/deps/react-router-dom.js?v=1f697ce1:4601:5)
    at App
    at Router (http://localhost:5173/node_modules/.vite/deps/react-router-dom.js?v=1f697ce1:4544:15)
    at HashRouter (http://localhost:5173/node_modules/.vite/deps/react-router-dom.js?v=1f697ce1:5326:5) @ http://localhost:5173/node_modules/.vite/deps/chunk-NLPANMJC.js?v=dc97d517:520
[   41420ms] [ERROR] Warning: Encountered two children with the same key, `%s`. Keys should be unique so that components maintain their identity across updates. Non-unique keys may cause children to be duplicated and/or omitted — the behavior is unsupported and could change in a future version.%s Makkah Al-Mukarramah 
    at div
    at section
    at div
    at HomePage (http://localhost:5173/src/features/home/HomePage.jsx?t=1785108332662:37:33)
    at RenderedRoute (http://localhost:5173/node_modules/.vite/deps/react-router-dom.js?v=1f697ce1:4131:5)
    at Outlet (http://localhost:5173/node_modules/.vite/deps/react-router-dom.js?v=1f697ce1:4537:26)
    at main
    at div
    at MainLayout (http://localhost:5173/src/components/layout/MainLayout.jsx:33:39)
    at RenderedRoute (http://localhost:5173/node_modules/.vite/deps/react-router-dom.js?v=1f697ce1:4131:5)
    at Routes (http://localhost:5173/node_modules/.vite/deps/react-router-dom.js?v=1f697ce1:4601:5)
    at App
    at Router (http://localhost:5173/node_modules/.vite/deps/react-router-dom.js?v=1f697ce1:4544:15)
    at HashRouter (http://localhost:5173/node_modules/.vite/deps/react-router-dom.js?v=1f697ce1:5326:5) @ http://localhost:5173/node_modules/.vite/deps/chunk-NLPANMJC.js?v=dc97d517:520
[   41420ms] [ERROR] Warning: Encountered two children with the same key, `%s`. Keys should be unique so that components maintain their identity across updates. Non-unique keys may cause children to be duplicated and/or omitted — the behavior is unsupported and could change in a future version.%s Makkah Al-Mukarramah 
    at div
    at section
    at div
    at HomePage (http://localhost:5173/src/features/home/HomePage.jsx?t=1785108332662:37:33)
    at RenderedRoute (http://localhost:5173/node_modules/.vite/deps/react-router-dom.js?v=1f697ce1:4131:5)
    at Outlet (http://localhost:5173/node_modules/.vite/deps/react-router-dom.js?v=1f697ce1:4537:26)
    at main
    at div
    at MainLayout (http://localhost:5173/src/components/layout/MainLayout.jsx:33:39)
    at RenderedRoute (http://localhost:5173/node_modules/.vite/deps/react-router-dom.js?v=1f697ce1:4131:5)
    at Routes (http://localhost:5173/node_modules/.vite/deps/react-router-dom.js?v=1f697ce1:4601:5)
    at App
    at Router (http://localhost:5173/node_modules/.vite/deps/react-router-dom.js?v=1f697ce1:4544:15)
    at HashRouter (http://localhost:5173/node_modules/.vite/deps/react-router-dom.js?v=1f697ce1:5326:5) @ http://localhost:5173/node_modules/.vite/deps/chunk-NLPANMJC.js?v=dc97d517:520
[   41440ms] [ERROR] Warning: Encountered two children with the same key, `%s`. Keys should be unique so that components maintain their identity across updates. Non-unique keys may cause children to be duplicated and/or omitted — the behavior is unsupported and could change in a future version.%s Makkah Al-Mukarramah 
    at div
    at section
    at div
    at HomePage (http://localhost:5173/src/features/home/HomePage.jsx?t=1785108332662:37:33)
    at RenderedRoute (http://localhost:5173/node_modules/.vite/deps/react-router-dom.js?v=1f697ce1:4131:5)
    at Outlet (http://localhost:5173/node_modules/.vite/deps/react-router-dom.js?v=1f697ce1:4537:26)
    at main
    at div
    at MainLayout (http://localhost:5173/src/components/layout/MainLayout.jsx:33:39)
    at RenderedRoute (http://localhost:5173/node_modules/.vite/deps/react-router-dom.js?v=1f697ce1:4131:5)
    at Routes (http://localhost:5173/node_modules/.vite/deps/react-router-dom.js?v=1f697ce1:4601:5)
    at App
    at Router (http://localhost:5173/node_modules/.vite/deps/react-router-dom.js?v=1f697ce1:4544:15)
    at HashRouter (http://localhost:5173/node_modules/.vite/deps/react-router-dom.js?v=1f697ce1:5326:5) @ http://localhost:5173/node_modules/.vite/deps/chunk-NLPANMJC.js?v=dc97d517:520
[   41441ms] [ERROR] Warning: Encountered two children with the same key, `%s`. Keys should be unique so that components maintain their identity across updates. Non-unique keys may cause children to be duplicated and/or omitted — the behavior is unsupported and could change in a future version.%s Makkah Al-Mukarramah 
    at div
    at section
    at div
    at HomePage (http://localhost:5173/src/features/home/HomePage.jsx?t=1785108332662:37:33)
    at RenderedRoute (http://localhost:5173/node_modules/.vite/deps/react-router-dom.js?v=1f697ce1:4131:5)
    at Outlet (http://localhost:5173/node_modules/.vite/deps/react-router-dom.js?v=1f697ce1:4537:26)
    at main
    at div
    at MainLayout (http://localhost:5173/src/components/layout/MainLayout.jsx:33:39)
    at RenderedRoute (http://localhost:5173/node_modules/.vite/deps/react-router-dom.js?v=1f697ce1:4131:5)
    at Routes (http://localhost:5173/node_modules/.vite/deps/react-router-dom.js?v=1f697ce1:4601:5)
    at App
    at Router (http://localhost:5173/node_modules/.vite/deps/react-router-dom.js?v=1f697ce1:4544:15)
    at HashRouter (http://localhost:5173/node_modules/.vite/deps/react-router-dom.js?v=1f697ce1:5326:5) @ http://localhost:5173/node_modules/.vite/deps/chunk-NLPANMJC.js?v=dc97d517:520
[   41441ms] [ERROR] Warning: Encountered two children with the same key, `%s`. Keys should be unique so that components maintain their identity across updates. Non-unique keys may cause children to be duplicated and/or omitted — the behavior is unsupported and could change in a future version.%s Makkah Al-Mukarramah 
    at div
    at section
    at div
    at HomePage (http://localhost:5173/src/features/home/HomePage.jsx?t=1785108332662:37:33)
    at RenderedRoute (http://localhost:5173/node_modules/.vite/deps/react-router-dom.js?v=1f697ce1:4131:5)
    at Outlet (http://localhost:5173/node_modules/.vite/deps/react-router-dom.js?v=1f697ce1:4537:26)
    at main
    at div
    at MainLayout (http://localhost:5173/src/components/layout/MainLayout.jsx:33:39)
    at RenderedRoute (http://localhost:5173/node_modules/.vite/deps/react-router-dom.js?v=1f697ce1:4131:5)
    at Routes (http://localhost:5173/node_modules/.vite/deps/react-router-dom.js?v=1f697ce1:4601:5)
    at App
    at Router (http://localhost:5173/node_modules/.vite/deps/react-router-dom.js?v=1f697ce1:4544:15)
    at HashRouter (http://localhost:5173/node_modules/.vite/deps/react-router-dom.js?v=1f697ce1:5326:5) @ http://localhost:5173/node_modules/.vite/deps/chunk-NLPANMJC.js?v=dc97d517:520
[   41580ms] [ERROR] Warning: Encountered two children with the same key, `%s`. Keys should be unique so that components maintain their identity across updates. Non-unique keys may cause children to be duplicated and/or omitted — the behavior is unsupported and could change in a future version.%s Makkah Al-Mukarramah 
    at div
    at section
    at div
    at HomePage (http://localhost:5173/src/features/home/HomePage.jsx?t=1785108332662:37:33)
    at RenderedRoute (http://localhost:5173/node_modules/.vite/deps/react-router-dom.js?v=1f697ce1:4131:5)
    at Outlet (http://localhost:5173/node_modules/.vite/deps/react-router-dom.js?v=1f697ce1:4537:26)
    at main
    at div
    at MainLayout (http://localhost:5173/src/components/layout/MainLayout.jsx:33:39)
    at RenderedRoute (http://localhost:5173/node_modules/.vite/deps/react-router-dom.js?v=1f697ce1:4131:5)
    at Routes (http://localhost:5173/node_modules/.vite/deps/react-router-dom.js?v=1f697ce1:4601:5)
    at App
    at Router (http://localhost:5173/node_modules/.vite/deps/react-router-dom.js?v=1f697ce1:4544:15)
    at HashRouter (http://localhost:5173/node_modules/.vite/deps/react-router-dom.js?v=1f697ce1:5326:5) @ http://localhost:5173/node_modules/.vite/deps/chunk-NLPANMJC.js?v=dc97d517:520
[   41580ms] [ERROR] Warning: Encountered two children with the same key, `%s`. Keys should be unique so that components maintain their identity across updates. Non-unique keys may cause children to be duplicated and/or omitted — the behavior is unsupported and could change in a future version.%s Makkah Al-Mukarramah 
    at div
    at section
    at div
    at HomePage (http://localhost:5173/src/features/home/HomePage.jsx?t=1785108332662:37:33)
    at RenderedRoute (http://localhost:5173/node_modules/.vite/deps/react-router-dom.js?v=1f697ce1:4131:5)
    at Outlet (http://localhost:5173/node_modules/.vite/deps/react-router-dom.js?v=1f697ce1:4537:26)
    at main
    at div
    at MainLayout (http://localhost:5173/src/components/layout/MainLayout.jsx:33:39)
    at RenderedRoute (http://localhost:5173/node_modules/.vite/deps/react-router-dom.js?v=1f697ce1:4131:5)
    at Routes (http://localhost:5173/node_modules/.vite/deps/react-router-dom.js?v=1f697ce1:4601:5)
    at App
    at Router (http://localhost:5173/node_modules/.vite/deps/react-router-dom.js?v=1f697ce1:4544:15)
    at HashRouter (http://localhost:5173/node_modules/.vite/deps/react-router-dom.js?v=1f697ce1:5326:5) @ http://localhost:5173/node_modules/.vite/deps/chunk-NLPANMJC.js?v=dc97d517:520
[   41580ms] [ERROR] Warning: Encountered two children with the same key, `%s`. Keys should be unique so that components maintain their identity across updates. Non-unique keys may cause children to be duplicated and/or omitted — the behavior is unsupported and could change in a future version.%s Makkah Al-Mukarramah 
    at div
    at section
    at div
    at HomePage (http://localhost:5173/src/features/home/HomePage.jsx?t=1785108332662:37:33)
    at RenderedRoute (http://localhost:5173/node_modules/.vite/deps/react-router-dom.js?v=1f697ce1:4131:5)
    at Outlet (http://localhost:5173/node_modules/.vite/deps/react-router-dom.js?v=1f697ce1:4537:26)
    at main
    at div
    at MainLayout (http://localhost:5173/src/components/layout/MainLayout.jsx:33:39)
    at RenderedRoute (http://localhost:5173/node_modules/.vite/deps/react-router-dom.js?v=1f697ce1:4131:5)
    at Routes (http://localhost:5173/node_modules/.vite/deps/react-router-dom.js?v=1f697ce1:4601:5)
    at App
    at Router (http://localhost:5173/node_modules/.vite/deps/react-router-dom.js?v=1f697ce1:4544:15)
    at HashRouter (http://localhost:5173/node_modules/.vite/deps/react-router-dom.js?v=1f697ce1:5326:5) @ http://localhost:5173/node_modules/.vite/deps/chunk-NLPANMJC.js?v=dc97d517:520
[   45922ms] [ERROR] Warning: Encountered two children with the same key, `%s`. Keys should be unique so that components maintain their identity across updates. Non-unique keys may cause children to be duplicated and/or omitted — the behavior is unsupported and could change in a future version.%s Makkah Al-Mukarramah 
    at div
    at section
    at div
    at HomePage (http://localhost:5173/src/features/home/HomePage.jsx?t=1785108332662:37:33)
    at RenderedRoute (http://localhost:5173/node_modules/.vite/deps/react-router-dom.js?v=1f697ce1:4131:5)
    at Outlet (http://localhost:5173/node_modules/.vite/deps/react-router-dom.js?v=1f697ce1:4537:26)
    at main
    at div
    at MainLayout (http://localhost:5173/src/components/layout/MainLayout.jsx:33:39)
    at RenderedRoute (http://localhost:5173/node_modules/.vite/deps/react-router-dom.js?v=1f697ce1:4131:5)
    at Routes (http://localhost:5173/node_modules/.vite/deps/react-router-dom.js?v=1f697ce1:4601:5)
    at App
    at Router (http://localhost:5173/node_modules/.vite/deps/react-router-dom.js?v=1f697ce1:4544:15)
    at HashRouter (http://localhost:5173/node_modules/.vite/deps/react-router-dom.js?v=1f697ce1:5326:5) @ http://localhost:5173/node_modules/.vite/deps/chunk-NLPANMJC.js?v=dc97d517:520
[   45922ms] [ERROR] Warning: Encountered two children with the same key, `%s`. Keys should be unique so that components maintain their identity across updates. Non-unique keys may cause children to be duplicated and/or omitted — the behavior is unsupported and could change in a future version.%s Makkah Al-Mukarramah 
    at div
    at section
    at div
    at HomePage (http://localhost:5173/src/features/home/HomePage.jsx?t=1785108332662:37:33)
    at RenderedRoute (http://localhost:5173/node_modules/.vite/deps/react-router-dom.js?v=1f697ce1:4131:5)
    at Outlet (http://localhost:5173/node_modules/.vite/deps/react-router-dom.js?v=1f697ce1:4537:26)
    at main
    at div
    at MainLayout (http://localhost:5173/src/components/layout/MainLayout.jsx:33:39)
    at RenderedRoute (http://localhost:5173/node_modules/.vite/deps/react-router-dom.js?v=1f697ce1:4131:5)
    at Routes (http://localhost:5173/node_modules/.vite/deps/react-router-dom.js?v=1f697ce1:4601:5)
    at App
    at Router (http://localhost:5173/node_modules/.vite/deps/react-router-dom.js?v=1f697ce1:4544:15)
    at HashRouter (http://localhost:5173/node_modules/.vite/deps/react-router-dom.js?v=1f697ce1:5326:5) @ http://localhost:5173/node_modules/.vite/deps/chunk-NLPANMJC.js?v=dc97d517:520
[   45922ms] [ERROR] Warning: Encountered two children with the same key, `%s`. Keys should be unique so that components maintain their identity across updates. Non-unique keys may cause children to be duplicated and/or omitted — the behavior is unsupported and could change in a future version.%s Makkah Al-Mukarramah 
    at div
    at section
    at div
    at HomePage (http://localhost:5173/src/features/home/HomePage.jsx?t=1785108332662:37:33)
    at RenderedRoute (http://localhost:5173/node_modules/.vite/deps/react-router-dom.js?v=1f697ce1:4131:5)
    at Outlet (http://localhost:5173/node_modules/.vite/deps/react-router-dom.js?v=1f697ce1:4537:26)
    at main
    at div
    at MainLayout (http://localhost:5173/src/components/layout/MainLayout.jsx:33:39)
    at RenderedRoute (http://localhost:5173/node_modules/.vite/deps/react-router-dom.js?v=1f697ce1:4131:5)
    at Routes (http://localhost:5173/node_modules/.vite/deps/react-router-dom.js?v=1f697ce1:4601:5)
    at App
    at Router (http://localhost:5173/node_modules/.vite/deps/react-router-dom.js?v=1f697ce1:4544:15)
    at HashRouter (http://localhost:5173/node_modules/.vite/deps/react-router-dom.js?v=1f697ce1:5326:5) @ http://localhost:5173/node_modules/.vite/deps/chunk-NLPANMJC.js?v=dc97d517:520
[   45952ms] [ERROR] Warning: Encountered two children with the same key, `%s`. Keys should be unique so that components maintain their identity across updates. Non-unique keys may cause children to be duplicated and/or omitted — the behavior is unsupported and could change in a future version.%s Makkah Al-Mukarramah 
    at div
    at section
    at div
    at HomePage (http://localhost:5173/src/features/home/HomePage.jsx?t=1785108332662:37:33)
    at RenderedRoute (http://localhost:5173/node_modules/.vite/deps/react-router-dom.js?v=1f697ce1:4131:5)
    at Outlet (http://localhost:5173/node_modules/.vite/deps/react-router-dom.js?v=1f697ce1:4537:26)
    at main
    at div
    at MainLayout (http://localhost:5173/src/components/layout/MainLayout.jsx:33:39)
    at RenderedRoute (http://localhost:5173/node_modules/.vite/deps/react-router-dom.js?v=1f697ce1:4131:5)
    at Routes (http://localhost:5173/node_modules/.vite/deps/react-router-dom.js?v=1f697ce1:4601:5)
    at App
    at Router (http://localhost:5173/node_modules/.vite/deps/react-router-dom.js?v=1f697ce1:4544:15)
    at HashRouter (http://localhost:5173/node_modules/.vite/deps/react-router-dom.js?v=1f697ce1:5326:5) @ http://localhost:5173/node_modules/.vite/deps/chunk-NLPANMJC.js?v=dc97d517:520
[   45952ms] [ERROR] Warning: Encountered two children with the same key, `%s`. Keys should be unique so that components maintain their identity across updates. Non-unique keys may cause children to be duplicated and/or omitted — the behavior is unsupported and could change in a future version.%s Makkah Al-Mukarramah 
    at div
    at section
    at div
    at HomePage (http://localhost:5173/src/features/home/HomePage.jsx?t=1785108332662:37:33)
    at RenderedRoute (http://localhost:5173/node_modules/.vite/deps/react-router-dom.js?v=1f697ce1:4131:5)
    at Outlet (http://localhost:5173/node_modules/.vite/deps/react-router-dom.js?v=1f697ce1:4537:26)
    at main
    at div
    at MainLayout (http://localhost:5173/src/components/layout/MainLayout.jsx:33:39)
    at RenderedRoute (http://localhost:5173/node_modules/.vite/deps/react-router-dom.js?v=1f697ce1:4131:5)
    at Routes (http://localhost:5173/node_modules/.vite/deps/react-router-dom.js?v=1f697ce1:4601:5)
    at App
    at Router (http://localhost:5173/node_modules/.vite/deps/react-router-dom.js?v=1f697ce1:4544:15)
    at HashRouter (http://localhost:5173/node_modules/.vite/deps/react-router-dom.js?v=1f697ce1:5326:5) @ http://localhost:5173/node_modules/.vite/deps/chunk-NLPANMJC.js?v=dc97d517:520
[   45952ms] [ERROR] Warning: Encountered two children with the same key, `%s`. Keys should be unique so that components maintain their identity across updates. Non-unique keys may cause children to be duplicated and/or omitted — the behavior is unsupported and could change in a future version.%s Makkah Al-Mukarramah 
    at div
    at section
    at div
    at HomePage (http://localhost:5173/src/features/home/HomePage.jsx?t=1785108332662:37:33)
    at RenderedRoute (http://localhost:5173/node_modules/.vite/deps/react-router-dom.js?v=1f697ce1:4131:5)
    at Outlet (http://localhost:5173/node_modules/.vite/deps/react-router-dom.js?v=1f697ce1:4537:26)
    at main
    at div
    at MainLayout (http://localhost:5173/src/components/layout/MainLayout.jsx:33:39)
    at RenderedRoute (http://localhost:5173/node_modules/.vite/deps/react-router-dom.js?v=1f697ce1:4131:5)
    at Routes (http://localhost:5173/node_modules/.vite/deps/react-router-dom.js?v=1f697ce1:4601:5)
    at App
    at Router (http://localhost:5173/node_modules/.vite/deps/react-router-dom.js?v=1f697ce1:4544:15)
    at HashRouter (http://localhost:5173/node_modules/.vite/deps/react-router-dom.js?v=1f697ce1:5326:5) @ http://localhost:5173/node_modules/.vite/deps/chunk-NLPANMJC.js?v=dc97d517:520
[   46086ms] [ERROR] Warning: Encountered two children with the same key, `%s`. Keys should be unique so that components maintain their identity across updates. Non-unique keys may cause children to be duplicated and/or omitted — the behavior is unsupported and could change in a future version.%s Makkah Al-Mukarramah 
    at div
    at section
    at div
    at HomePage (http://localhost:5173/src/features/home/HomePage.jsx?t=1785108332662:37:33)
    at RenderedRoute (http://localhost:5173/node_modules/.vite/deps/react-router-dom.js?v=1f697ce1:4131:5)
    at Outlet (http://localhost:5173/node_modules/.vite/deps/react-router-dom.js?v=1f697ce1:4537:26)
    at main
    at div
    at MainLayout (http://localhost:5173/src/components/layout/MainLayout.jsx:33:39)
    at RenderedRoute (http://localhost:5173/node_modules/.vite/deps/react-router-dom.js?v=1f697ce1:4131:5)
    at Routes (http://localhost:5173/node_modules/.vite/deps/react-router-dom.js?v=1f697ce1:4601:5)
    at App
    at Router (http://localhost:5173/node_modules/.vite/deps/react-router-dom.js?v=1f697ce1:4544:15)
    at HashRouter (http://localhost:5173/node_modules/.vite/deps/react-router-dom.js?v=1f697ce1:5326:5) @ http://localhost:5173/node_modules/.vite/deps/chunk-NLPANMJC.js?v=dc97d517:520
[   46087ms] [ERROR] Warning: Encountered two children with the same key, `%s`. Keys should be unique so that components maintain their identity across updates. Non-unique keys may cause children to be duplicated and/or omitted — the behavior is unsupported and could change in a future version.%s Makkah Al-Mukarramah 
    at div
    at section
    at div
    at HomePage (http://localhost:5173/src/features/home/HomePage.jsx?t=1785108332662:37:33)
    at RenderedRoute (http://localhost:5173/node_modules/.vite/deps/react-router-dom.js?v=1f697ce1:4131:5)
    at Outlet (http://localhost:5173/node_modules/.vite/deps/react-router-dom.js?v=1f697ce1:4537:26)
    at main
    at div
    at MainLayout (http://localhost:5173/src/components/layout/MainLayout.jsx:33:39)
    at RenderedRoute (http://localhost:5173/node_modules/.vite/deps/react-router-dom.js?v=1f697ce1:4131:5)
    at Routes (http://localhost:5173/node_modules/.vite/deps/react-router-dom.js?v=1f697ce1:4601:5)
    at App
    at Router (http://localhost:5173/node_modules/.vite/deps/react-router-dom.js?v=1f697ce1:4544:15)
    at HashRouter (http://localhost:5173/node_modules/.vite/deps/react-router-dom.js?v=1f697ce1:5326:5) @ http://localhost:5173/node_modules/.vite/deps/chunk-NLPANMJC.js?v=dc97d517:520
[   46087ms] [ERROR] Warning: Encountered two children with the same key, `%s`. Keys should be unique so that components maintain their identity across updates. Non-unique keys may cause children to be duplicated and/or omitted — the behavior is unsupported and could change in a future version.%s Makkah Al-Mukarramah 
    at div
    at section
    at div
    at HomePage (http://localhost:5173/src/features/home/HomePage.jsx?t=1785108332662:37:33)
    at RenderedRoute (http://localhost:5173/node_modules/.vite/deps/react-router-dom.js?v=1f697ce1:4131:5)
    at Outlet (http://localhost:5173/node_modules/.vite/deps/react-router-dom.js?v=1f697ce1:4537:26)
    at main
    at div
    at MainLayout (http://localhost:5173/src/components/layout/MainLayout.jsx:33:39)
    at RenderedRoute (http://localhost:5173/node_modules/.vite/deps/react-router-dom.js?v=1f697ce1:4131:5)
    at Routes (http://localhost:5173/node_modules/.vite/deps/react-router-dom.js?v=1f697ce1:4601:5)
    at App
    at Router (http://localhost:5173/node_modules/.vite/deps/react-router-dom.js?v=1f697ce1:4544:15)
    at HashRouter (http://localhost:5173/node_modules/.vite/deps/react-router-dom.js?v=1f697ce1:5326:5) @ http://localhost:5173/node_modules/.vite/deps/chunk-NLPANMJC.js?v=dc97d517:520
[   50313ms] [ERROR] Warning: Encountered two children with the same key, `%s`. Keys should be unique so that components maintain their identity across updates. Non-unique keys may cause children to be duplicated and/or omitted — the behavior is unsupported and could change in a future version.%s Makkah Al-Mukarramah 
    at div
    at section
    at div
    at HomePage (http://localhost:5173/src/features/home/HomePage.jsx?t=1785108332662:37:33)
    at RenderedRoute (http://localhost:5173/node_modules/.vite/deps/react-router-dom.js?v=1f697ce1:4131:5)
    at Outlet (http://localhost:5173/node_modules/.vite/deps/react-router-dom.js?v=1f697ce1:4537:26)
    at main
    at div
    at MainLayout (http://localhost:5173/src/components/layout/MainLayout.jsx:33:39)
    at RenderedRoute (http://localhost:5173/node_modules/.vite/deps/react-router-dom.js?v=1f697ce1:4131:5)
    at Routes (http://localhost:5173/node_modules/.vite/deps/react-router-dom.js?v=1f697ce1:4601:5)
    at App
    at Router (http://localhost:5173/node_modules/.vite/deps/react-router-dom.js?v=1f697ce1:4544:15)
    at HashRouter (http://localhost:5173/node_modules/.vite/deps/react-router-dom.js?v=1f697ce1:5326:5) @ http://localhost:5173/node_modules/.vite/deps/chunk-NLPANMJC.js?v=dc97d517:520
[   50313ms] [ERROR] Warning: Encountered two children with the same key, `%s`. Keys should be unique so that components maintain their identity across updates. Non-unique keys may cause children to be duplicated and/or omitted — the behavior is unsupported and could change in a future version.%s Makkah Al-Mukarramah 
    at div
    at section
    at div
    at HomePage (http://localhost:5173/src/features/home/HomePage.jsx?t=1785108332662:37:33)
    at RenderedRoute (http://localhost:5173/node_modules/.vite/deps/react-router-dom.js?v=1f697ce1:4131:5)
    at Outlet (http://localhost:5173/node_modules/.vite/deps/react-router-dom.js?v=1f697ce1:4537:26)
    at main
    at div
    at MainLayout (http://localhost:5173/src/components/layout/MainLayout.jsx:33:39)
    at RenderedRoute (http://localhost:5173/node_modules/.vite/deps/react-router-dom.js?v=1f697ce1:4131:5)
    at Routes (http://localhost:5173/node_modules/.vite/deps/react-router-dom.js?v=1f697ce1:4601:5)
    at App
    at Router (http://localhost:5173/node_modules/.vite/deps/react-router-dom.js?v=1f697ce1:4544:15)
    at HashRouter (http://localhost:5173/node_modules/.vite/deps/react-router-dom.js?v=1f697ce1:5326:5) @ http://localhost:5173/node_modules/.vite/deps/chunk-NLPANMJC.js?v=dc97d517:520
[   50313ms] [ERROR] Warning: Encountered two children with the same key, `%s`. Keys should be unique so that components maintain their identity across updates. Non-unique keys may cause children to be duplicated and/or omitted — the behavior is unsupported and could change in a future version.%s Makkah Al-Mukarramah 
    at div
    at section
    at div
    at HomePage (http://localhost:5173/src/features/home/HomePage.jsx?t=1785108332662:37:33)
    at RenderedRoute (http://localhost:5173/node_modules/.vite/deps/react-router-dom.js?v=1f697ce1:4131:5)
    at Outlet (http://localhost:5173/node_modules/.vite/deps/react-router-dom.js?v=1f697ce1:4537:26)
    at main
    at div
    at MainLayout (http://localhost:5173/src/components/layout/MainLayout.jsx:33:39)
    at RenderedRoute (http://localhost:5173/node_modules/.vite/deps/react-router-dom.js?v=1f697ce1:4131:5)
    at Routes (http://localhost:5173/node_modules/.vite/deps/react-router-dom.js?v=1f697ce1:4601:5)
    at App
    at Router (http://localhost:5173/node_modules/.vite/deps/react-router-dom.js?v=1f697ce1:4544:15)
    at HashRouter (http://localhost:5173/node_modules/.vite/deps/react-router-dom.js?v=1f697ce1:5326:5) @ http://localhost:5173/node_modules/.vite/deps/chunk-NLPANMJC.js?v=dc97d517:520
[   50414ms] [ERROR] Warning: Encountered two children with the same key, `%s`. Keys should be unique so that components maintain their identity across updates. Non-unique keys may cause children to be duplicated and/or omitted — the behavior is unsupported and could change in a future version.%s Makkah Al-Mukarramah 
    at div
    at section
    at div
    at HomePage (http://localhost:5173/src/features/home/HomePage.jsx?t=1785108332662:37:33)
    at RenderedRoute (http://localhost:5173/node_modules/.vite/deps/react-router-dom.js?v=1f697ce1:4131:5)
    at Outlet (http://localhost:5173/node_modules/.vite/deps/react-router-dom.js?v=1f697ce1:4537:26)
    at main
    at div
    at MainLayout (http://localhost:5173/src/components/layout/MainLayout.jsx:33:39)
    at RenderedRoute (http://localhost:5173/node_modules/.vite/deps/react-router-dom.js?v=1f697ce1:4131:5)
    at Routes (http://localhost:5173/node_modules/.vite/deps/react-router-dom.js?v=1f697ce1:4601:5)
    at App
    at Router (http://localhost:5173/node_modules/.vite/deps/react-router-dom.js?v=1f697ce1:4544:15)
    at HashRouter (http://localhost:5173/node_modules/.vite/deps/react-router-dom.js?v=1f697ce1:5326:5) @ http://localhost:5173/node_modules/.vite/deps/chunk-NLPANMJC.js?v=dc97d517:520
[   50415ms] [ERROR] Warning: Encountered two children with the same key, `%s`. Keys should be unique so that components maintain their identity across updates. Non-unique keys may cause children to be duplicated and/or omitted — the behavior is unsupported and could change in a future version.%s Makkah Al-Mukarramah 
    at div
    at section
    at div
    at HomePage (http://localhost:5173/src/features/home/HomePage.jsx?t=1785108332662:37:33)
    at RenderedRoute (http://localhost:5173/node_modules/.vite/deps/react-router-dom.js?v=1f697ce1:4131:5)
    at Outlet (http://localhost:5173/node_modules/.vite/deps/react-router-dom.js?v=1f697ce1:4537:26)
    at main
    at div
    at MainLayout (http://localhost:5173/src/components/layout/MainLayout.jsx:33:39)
    at RenderedRoute (http://localhost:5173/node_modules/.vite/deps/react-router-dom.js?v=1f697ce1:4131:5)
    at Routes (http://localhost:5173/node_modules/.vite/deps/react-router-dom.js?v=1f697ce1:4601:5)
    at App
    at Router (http://localhost:5173/node_modules/.vite/deps/react-router-dom.js?v=1f697ce1:4544:15)
    at HashRouter (http://localhost:5173/node_modules/.vite/deps/react-router-dom.js?v=1f697ce1:5326:5) @ http://localhost:5173/node_modules/.vite/deps/chunk-NLPANMJC.js?v=dc97d517:520
[   50415ms] [ERROR] Warning: Encountered two children with the same key, `%s`. Keys should be unique so that components maintain their identity across updates. Non-unique keys may cause children to be duplicated and/or omitted — the behavior is unsupported and could change in a future version.%s Makkah Al-Mukarramah 
    at div
    at section
    at div
    at HomePage (http://localhost:5173/src/features/home/HomePage.jsx?t=1785108332662:37:33)
    at RenderedRoute (http://localhost:5173/node_modules/.vite/deps/react-router-dom.js?v=1f697ce1:4131:5)
    at Outlet (http://localhost:5173/node_modules/.vite/deps/react-router-dom.js?v=1f697ce1:4537:26)
    at main
    at div
    at MainLayout (http://localhost:5173/src/components/layout/MainLayout.jsx:33:39)
    at RenderedRoute (http://localhost:5173/node_modules/.vite/deps/react-router-dom.js?v=1f697ce1:4131:5)
    at Routes (http://localhost:5173/node_modules/.vite/deps/react-router-dom.js?v=1f697ce1:4601:5)
    at App
    at Router (http://localhost:5173/node_modules/.vite/deps/react-router-dom.js?v=1f697ce1:4544:15)
    at HashRouter (http://localhost:5173/node_modules/.vite/deps/react-router-dom.js?v=1f697ce1:5326:5) @ http://localhost:5173/node_modules/.vite/deps/chunk-NLPANMJC.js?v=dc97d517:520
[   50443ms] [ERROR] Warning: Encountered two children with the same key, `%s`. Keys should be unique so that components maintain their identity across updates. Non-unique keys may cause children to be duplicated and/or omitted — the behavior is unsupported and could change in a future version.%s Makkah Al-Mukarramah 
    at div
    at section
    at div
    at HomePage (http://localhost:5173/src/features/home/HomePage.jsx?t=1785108332662:37:33)
    at RenderedRoute (http://localhost:5173/node_modules/.vite/deps/react-router-dom.js?v=1f697ce1:4131:5)
    at Outlet (http://localhost:5173/node_modules/.vite/deps/react-router-dom.js?v=1f697ce1:4537:26)
    at main
    at div
    at MainLayout (http://localhost:5173/src/components/layout/MainLayout.jsx:33:39)
    at RenderedRoute (http://localhost:5173/node_modules/.vite/deps/react-router-dom.js?v=1f697ce1:4131:5)
    at Routes (http://localhost:5173/node_modules/.vite/deps/react-router-dom.js?v=1f697ce1:4601:5)
    at App
    at Router (http://localhost:5173/node_modules/.vite/deps/react-router-dom.js?v=1f697ce1:4544:15)
    at HashRouter (http://localhost:5173/node_modules/.vite/deps/react-router-dom.js?v=1f697ce1:5326:5) @ http://localhost:5173/node_modules/.vite/deps/chunk-NLPANMJC.js?v=dc97d517:520
[   50443ms] [ERROR] Warning: Encountered two children with the same key, `%s`. Keys should be unique so that components maintain their identity across updates. Non-unique keys may cause children to be duplicated and/or omitted — the behavior is unsupported and could change in a future version.%s Makkah Al-Mukarramah 
    at div
    at section
    at div
    at HomePage (http://localhost:5173/src/features/home/HomePage.jsx?t=1785108332662:37:33)
    at RenderedRoute (http://localhost:5173/node_modules/.vite/deps/react-router-dom.js?v=1f697ce1:4131:5)
    at Outlet (http://localhost:5173/node_modules/.vite/deps/react-router-dom.js?v=1f697ce1:4537:26)
    at main
    at div
    at MainLayout (http://localhost:5173/src/components/layout/MainLayout.jsx:33:39)
    at RenderedRoute (http://localhost:5173/node_modules/.vite/deps/react-router-dom.js?v=1f697ce1:4131:5)
    at Routes (http://localhost:5173/node_modules/.vite/deps/react-router-dom.js?v=1f697ce1:4601:5)
    at App
    at Router (http://localhost:5173/node_modules/.vite/deps/react-router-dom.js?v=1f697ce1:4544:15)
    at HashRouter (http://localhost:5173/node_modules/.vite/deps/react-router-dom.js?v=1f697ce1:5326:5) @ http://localhost:5173/node_modules/.vite/deps/chunk-NLPANMJC.js?v=dc97d517:520
[   50443ms] [ERROR] Warning: Encountered two children with the same key, `%s`. Keys should be unique so that components maintain their identity across updates. Non-unique keys may cause children to be duplicated and/or omitted — the behavior is unsupported and could change in a future version.%s Makkah Al-Mukarramah 
    at div
    at section
    at div
    at HomePage (http://localhost:5173/src/features/home/HomePage.jsx?t=1785108332662:37:33)
    at RenderedRoute (http://localhost:5173/node_modules/.vite/deps/react-router-dom.js?v=1f697ce1:4131:5)
    at Outlet (http://localhost:5173/node_modules/.vite/deps/react-router-dom.js?v=1f697ce1:4537:26)
    at main
    at div
    at MainLayout (http://localhost:5173/src/components/layout/MainLayout.jsx:33:39)
    at RenderedRoute (http://localhost:5173/node_modules/.vite/deps/react-router-dom.js?v=1f697ce1:4131:5)
    at Routes (http://localhost:5173/node_modules/.vite/deps/react-router-dom.js?v=1f697ce1:4601:5)
    at App
    at Router (http://localhost:5173/node_modules/.vite/deps/react-router-dom.js?v=1f697ce1:4544:15)
    at HashRouter (http://localhost:5173/node_modules/.vite/deps/react-router-dom.js?v=1f697ce1:5326:5) @ http://localhost:5173/node_modules/.vite/deps/chunk-NLPANMJC.js?v=dc97d517:520
[   50582ms] [ERROR] Warning: Encountered two children with the same key, `%s`. Keys should be unique so that components maintain their identity across updates. Non-unique keys may cause children to be duplicated and/or omitted — the behavior is unsupported and could change in a future version.%s Makkah Al-Mukarramah 
    at div
    at section
    at div
    at HomePage (http://localhost:5173/src/features/home/HomePage.jsx?t=1785108332662:37:33)
    at RenderedRoute (http://localhost:5173/node_modules/.vite/deps/react-router-dom.js?v=1f697ce1:4131:5)
    at Outlet (http://localhost:5173/node_modules/.vite/deps/react-router-dom.js?v=1f697ce1:4537:26)
    at main
    at div
    at MainLayout (http://localhost:5173/src/components/layout/MainLayout.jsx:33:39)
    at RenderedRoute (http://localhost:5173/node_modules/.vite/deps/react-router-dom.js?v=1f697ce1:4131:5)
    at Routes (http://localhost:5173/node_modules/.vite/deps/react-router-dom.js?v=1f697ce1:4601:5)
    at App
    at Router (http://localhost:5173/node_modules/.vite/deps/react-router-dom.js?v=1f697ce1:4544:15)
    at HashRouter (http://localhost:5173/node_modules/.vite/deps/react-router-dom.js?v=1f697ce1:5326:5) @ http://localhost:5173/node_modules/.vite/deps/chunk-NLPANMJC.js?v=dc97d517:520
[   50583ms] [ERROR] Warning: Encountered two children with the same key, `%s`. Keys should be unique so that components maintain their identity across updates. Non-unique keys may cause children to be duplicated and/or omitted — the behavior is unsupported and could change in a future version.%s Makkah Al-Mukarramah 
    at div
    at section
    at div
    at HomePage (http://localhost:5173/src/features/home/HomePage.jsx?t=1785108332662:37:33)
    at RenderedRoute (http://localhost:5173/node_modules/.vite/deps/react-router-dom.js?v=1f697ce1:4131:5)
    at Outlet (http://localhost:5173/node_modules/.vite/deps/react-router-dom.js?v=1f697ce1:4537:26)
    at main
    at div
    at MainLayout (http://localhost:5173/src/components/layout/MainLayout.jsx:33:39)
    at RenderedRoute (http://localhost:5173/node_modules/.vite/deps/react-router-dom.js?v=1f697ce1:4131:5)
    at Routes (http://localhost:5173/node_modules/.vite/deps/react-router-dom.js?v=1f697ce1:4601:5)
    at App
    at Router (http://localhost:5173/node_modules/.vite/deps/react-router-dom.js?v=1f697ce1:4544:15)
    at HashRouter (http://localhost:5173/node_modules/.vite/deps/react-router-dom.js?v=1f697ce1:5326:5) @ http://localhost:5173/node_modules/.vite/deps/chunk-NLPANMJC.js?v=dc97d517:520
[   50583ms] [ERROR] Warning: Encountered two children with the same key, `%s`. Keys should be unique so that components maintain their identity across updates. Non-unique keys may cause children to be duplicated and/or omitted — the behavior is unsupported and could change in a future version.%s Makkah Al-Mukarramah 
    at div
    at section
    at div
    at HomePage (http://localhost:5173/src/features/home/HomePage.jsx?t=1785108332662:37:33)
    at RenderedRoute (http://localhost:5173/node_modules/.vite/deps/react-router-dom.js?v=1f697ce1:4131:5)
    at Outlet (http://localhost:5173/node_modules/.vite/deps/react-router-dom.js?v=1f697ce1:4537:26)
    at main
    at div
    at MainLayout (http://localhost:5173/src/components/layout/MainLayout.jsx:33:39)
    at RenderedRoute (http://localhost:5173/node_modules/.vite/deps/react-router-dom.js?v=1f697ce1:4131:5)
    at Routes (http://localhost:5173/node_modules/.vite/deps/react-router-dom.js?v=1f697ce1:4601:5)
    at App
    at Router (http://localhost:5173/node_modules/.vite/deps/react-router-dom.js?v=1f697ce1:4544:15)
    at HashRouter (http://localhost:5173/node_modules/.vite/deps/react-router-dom.js?v=1f697ce1:5326:5) @ http://localhost:5173/node_modules/.vite/deps/chunk-NLPANMJC.js?v=dc97d517:520
[   54915ms] [ERROR] Warning: Encountered two children with the same key, `%s`. Keys should be unique so that components maintain their identity across updates. Non-unique keys may cause children to be duplicated and/or omitted — the behavior is unsupported and could change in a future version.%s Makkah Al-Mukarramah 
    at div
    at section
    at div
    at HomePage (http://localhost:5173/src/features/home/HomePage.jsx?t=1785108332662:37:33)
    at RenderedRoute (http://localhost:5173/node_modules/.vite/deps/react-router-dom.js?v=1f697ce1:4131:5)
    at Outlet (http://localhost:5173/node_modules/.vite/deps/react-router-dom.js?v=1f697ce1:4537:26)
    at main
    at div
    at MainLayout (http://localhost:5173/src/components/layout/MainLayout.jsx:33:39)
    at RenderedRoute (http://localhost:5173/node_modules/.vite/deps/react-router-dom.js?v=1f697ce1:4131:5)
    at Routes (http://localhost:5173/node_modules/.vite/deps/react-router-dom.js?v=1f697ce1:4601:5)
    at App
    at Router (http://localhost:5173/node_modules/.vite/deps/react-router-dom.js?v=1f697ce1:4544:15)
    at HashRouter (http://localhost:5173/node_modules/.vite/deps/react-router-dom.js?v=1f697ce1:5326:5) @ http://localhost:5173/node_modules/.vite/deps/chunk-NLPANMJC.js?v=dc97d517:520
[   54916ms] [ERROR] Warning: Encountered two children with the same key, `%s`. Keys should be unique so that components maintain their identity across updates. Non-unique keys may cause children to be duplicated and/or omitted — the behavior is unsupported and could change in a future version.%s Makkah Al-Mukarramah 
    at div
    at section
    at div
    at HomePage (http://localhost:5173/src/features/home/HomePage.jsx?t=1785108332662:37:33)
    at RenderedRoute (http://localhost:5173/node_modules/.vite/deps/react-router-dom.js?v=1f697ce1:4131:5)
    at Outlet (http://localhost:5173/node_modules/.vite/deps/react-router-dom.js?v=1f697ce1:4537:26)
    at main
    at div
    at MainLayout (http://localhost:5173/src/components/layout/MainLayout.jsx:33:39)
    at RenderedRoute (http://localhost:5173/node_modules/.vite/deps/react-router-dom.js?v=1f697ce1:4131:5)
    at Routes (http://localhost:5173/node_modules/.vite/deps/react-router-dom.js?v=1f697ce1:4601:5)
    at App
    at Router (http://localhost:5173/node_modules/.vite/deps/react-router-dom.js?v=1f697ce1:4544:15)
    at HashRouter (http://localhost:5173/node_modules/.vite/deps/react-router-dom.js?v=1f697ce1:5326:5) @ http://localhost:5173/node_modules/.vite/deps/chunk-NLPANMJC.js?v=dc97d517:520
[   54916ms] [ERROR] Warning: Encountered two children with the same key, `%s`. Keys should be unique so that components maintain their identity across updates. Non-unique keys may cause children to be duplicated and/or omitted — the behavior is unsupported and could change in a future version.%s Makkah Al-Mukarramah 
    at div
    at section
    at div
    at HomePage (http://localhost:5173/src/features/home/HomePage.jsx?t=1785108332662:37:33)
    at RenderedRoute (http://localhost:5173/node_modules/.vite/deps/react-router-dom.js?v=1f697ce1:4131:5)
    at Outlet (http://localhost:5173/node_modules/.vite/deps/react-router-dom.js?v=1f697ce1:4537:26)
    at main
    at div
    at MainLayout (http://localhost:5173/src/components/layout/MainLayout.jsx:33:39)
    at RenderedRoute (http://localhost:5173/node_modules/.vite/deps/react-router-dom.js?v=1f697ce1:4131:5)
    at Routes (http://localhost:5173/node_modules/.vite/deps/react-router-dom.js?v=1f697ce1:4601:5)
    at App
    at Router (http://localhost:5173/node_modules/.vite/deps/react-router-dom.js?v=1f697ce1:4544:15)
    at HashRouter (http://localhost:5173/node_modules/.vite/deps/react-router-dom.js?v=1f697ce1:5326:5) @ http://localhost:5173/node_modules/.vite/deps/chunk-NLPANMJC.js?v=dc97d517:520
[   54942ms] [ERROR] Warning: Encountered two children with the same key, `%s`. Keys should be unique so that components maintain their identity across updates. Non-unique keys may cause children to be duplicated and/or omitted — the behavior is unsupported and could change in a future version.%s Makkah Al-Mukarramah 
    at div
    at section
    at div
    at HomePage (http://localhost:5173/src/features/home/HomePage.jsx?t=1785108332662:37:33)
    at RenderedRoute (http://localhost:5173/node_modules/.vite/deps/react-router-dom.js?v=1f697ce1:4131:5)
    at Outlet (http://localhost:5173/node_modules/.vite/deps/react-router-dom.js?v=1f697ce1:4537:26)
    at main
    at div
    at MainLayout (http://localhost:5173/src/components/layout/MainLayout.jsx:33:39)
    at RenderedRoute (http://localhost:5173/node_modules/.vite/deps/react-router-dom.js?v=1f697ce1:4131:5)
    at Routes (http://localhost:5173/node_modules/.vite/deps/react-router-dom.js?v=1f697ce1:4601:5)
    at App
    at Router (http://localhost:5173/node_modules/.vite/deps/react-router-dom.js?v=1f697ce1:4544:15)
    at HashRouter (http://localhost:5173/node_modules/.vite/deps/react-router-dom.js?v=1f697ce1:5326:5) @ http://localhost:5173/node_modules/.vite/deps/chunk-NLPANMJC.js?v=dc97d517:520
[   54942ms] [ERROR] Warning: Encountered two children with the same key, `%s`. Keys should be unique so that components maintain their identity across updates. Non-unique keys may cause children to be duplicated and/or omitted — the behavior is unsupported and could change in a future version.%s Makkah Al-Mukarramah 
    at div
    at section
    at div
    at HomePage (http://localhost:5173/src/features/home/HomePage.jsx?t=1785108332662:37:33)
    at RenderedRoute (http://localhost:5173/node_modules/.vite/deps/react-router-dom.js?v=1f697ce1:4131:5)
    at Outlet (http://localhost:5173/node_modules/.vite/deps/react-router-dom.js?v=1f697ce1:4537:26)
    at main
    at div
    at MainLayout (http://localhost:5173/src/components/layout/MainLayout.jsx:33:39)
    at RenderedRoute (http://localhost:5173/node_modules/.vite/deps/react-router-dom.js?v=1f697ce1:4131:5)
    at Routes (http://localhost:5173/node_modules/.vite/deps/react-router-dom.js?v=1f697ce1:4601:5)
    at App
    at Router (http://localhost:5173/node_modules/.vite/deps/react-router-dom.js?v=1f697ce1:4544:15)
    at HashRouter (http://localhost:5173/node_modules/.vite/deps/react-router-dom.js?v=1f697ce1:5326:5) @ http://localhost:5173/node_modules/.vite/deps/chunk-NLPANMJC.js?v=dc97d517:520
[   54942ms] [ERROR] Warning: Encountered two children with the same key, `%s`. Keys should be unique so that components maintain their identity across updates. Non-unique keys may cause children to be duplicated and/or omitted — the behavior is unsupported and could change in a future version.%s Makkah Al-Mukarramah 
    at div
    at section
    at div
    at HomePage (http://localhost:5173/src/features/home/HomePage.jsx?t=1785108332662:37:33)
    at RenderedRoute (http://localhost:5173/node_modules/.vite/deps/react-router-dom.js?v=1f697ce1:4131:5)
    at Outlet (http://localhost:5173/node_modules/.vite/deps/react-router-dom.js?v=1f697ce1:4537:26)
    at main
    at div
    at MainLayout (http://localhost:5173/src/components/layout/MainLayout.jsx:33:39)
    at RenderedRoute (http://localhost:5173/node_modules/.vite/deps/react-router-dom.js?v=1f697ce1:4131:5)
    at Routes (http://localhost:5173/node_modules/.vite/deps/react-router-dom.js?v=1f697ce1:4601:5)
    at App
    at Router (http://localhost:5173/node_modules/.vite/deps/react-router-dom.js?v=1f697ce1:4544:15)
    at HashRouter (http://localhost:5173/node_modules/.vite/deps/react-router-dom.js?v=1f697ce1:5326:5) @ http://localhost:5173/node_modules/.vite/deps/chunk-NLPANMJC.js?v=dc97d517:520
[   55080ms] [ERROR] Warning: Encountered two children with the same key, `%s`. Keys should be unique so that components maintain their identity across updates. Non-unique keys may cause children to be duplicated and/or omitted — the behavior is unsupported and could change in a future version.%s Makkah Al-Mukarramah 
    at div
    at section
    at div
    at HomePage (http://localhost:5173/src/features/home/HomePage.jsx?t=1785108332662:37:33)
    at RenderedRoute (http://localhost:5173/node_modules/.vite/deps/react-router-dom.js?v=1f697ce1:4131:5)
    at Outlet (http://localhost:5173/node_modules/.vite/deps/react-router-dom.js?v=1f697ce1:4537:26)
    at main
    at div
    at MainLayout (http://localhost:5173/src/components/layout/MainLayout.jsx:33:39)
    at RenderedRoute (http://localhost:5173/node_modules/.vite/deps/react-router-dom.js?v=1f697ce1:4131:5)
    at Routes (http://localhost:5173/node_modules/.vite/deps/react-router-dom.js?v=1f697ce1:4601:5)
    at App
    at Router (http://localhost:5173/node_modules/.vite/deps/react-router-dom.js?v=1f697ce1:4544:15)
    at HashRouter (http://localhost:5173/node_modules/.vite/deps/react-router-dom.js?v=1f697ce1:5326:5) @ http://localhost:5173/node_modules/.vite/deps/chunk-NLPANMJC.js?v=dc97d517:520
[   55080ms] [ERROR] Warning: Encountered two children with the same key, `%s`. Keys should be unique so that components maintain their identity across updates. Non-unique keys may cause children to be duplicated and/or omitted — the behavior is unsupported and could change in a future version.%s Makkah Al-Mukarramah 
    at div
    at section
    at div
    at HomePage (http://localhost:5173/src/features/home/HomePage.jsx?t=1785108332662:37:33)
    at RenderedRoute (http://localhost:5173/node_modules/.vite/deps/react-router-dom.js?v=1f697ce1:4131:5)
    at Outlet (http://localhost:5173/node_modules/.vite/deps/react-router-dom.js?v=1f697ce1:4537:26)
    at main
    at div
    at MainLayout (http://localhost:5173/src/components/layout/MainLayout.jsx:33:39)
    at RenderedRoute (http://localhost:5173/node_modules/.vite/deps/react-router-dom.js?v=1f697ce1:4131:5)
    at Routes (http://localhost:5173/node_modules/.vite/deps/react-router-dom.js?v=1f697ce1:4601:5)
    at App
    at Router (http://localhost:5173/node_modules/.vite/deps/react-router-dom.js?v=1f697ce1:4544:15)
    at HashRouter (http://localhost:5173/node_modules/.vite/deps/react-router-dom.js?v=1f697ce1:5326:5) @ http://localhost:5173/node_modules/.vite/deps/chunk-NLPANMJC.js?v=dc97d517:520
[   55080ms] [ERROR] Warning: Encountered two children with the same key, `%s`. Keys should be unique so that components maintain their identity across updates. Non-unique keys may cause children to be duplicated and/or omitted — the behavior is unsupported and could change in a future version.%s Makkah Al-Mukarramah 
    at div
    at section
    at div
    at HomePage (http://localhost:5173/src/features/home/HomePage.jsx?t=1785108332662:37:33)
    at RenderedRoute (http://localhost:5173/node_modules/.vite/deps/react-router-dom.js?v=1f697ce1:4131:5)
    at Outlet (http://localhost:5173/node_modules/.vite/deps/react-router-dom.js?v=1f697ce1:4537:26)
    at main
    at div
    at MainLayout (http://localhost:5173/src/components/layout/MainLayout.jsx:33:39)
    at RenderedRoute (http://localhost:5173/node_modules/.vite/deps/react-router-dom.js?v=1f697ce1:4131:5)
    at Routes (http://localhost:5173/node_modules/.vite/deps/react-router-dom.js?v=1f697ce1:4601:5)
    at App
    at Router (http://localhost:5173/node_modules/.vite/deps/react-router-dom.js?v=1f697ce1:4544:15)
    at HashRouter (http://localhost:5173/node_modules/.vite/deps/react-router-dom.js?v=1f697ce1:5326:5) @ http://localhost:5173/node_modules/.vite/deps/chunk-NLPANMJC.js?v=dc97d517:520
[   59419ms] [ERROR] Warning: Encountered two children with the same key, `%s`. Keys should be unique so that components maintain their identity across updates. Non-unique keys may cause children to be duplicated and/or omitted — the behavior is unsupported and could change in a future version.%s Makkah Al-Mukarramah 
    at div
    at section
    at div
    at HomePage (http://localhost:5173/src/features/home/HomePage.jsx?t=1785108332662:37:33)
    at RenderedRoute (http://localhost:5173/node_modules/.vite/deps/react-router-dom.js?v=1f697ce1:4131:5)
    at Outlet (http://localhost:5173/node_modules/.vite/deps/react-router-dom.js?v=1f697ce1:4537:26)
    at main
    at div
    at MainLayout (http://localhost:5173/src/components/layout/MainLayout.jsx:33:39)
    at RenderedRoute (http://localhost:5173/node_modules/.vite/deps/react-router-dom.js?v=1f697ce1:4131:5)
    at Routes (http://localhost:5173/node_modules/.vite/deps/react-router-dom.js?v=1f697ce1:4601:5)
    at App
    at Router (http://localhost:5173/node_modules/.vite/deps/react-router-dom.js?v=1f697ce1:4544:15)
    at HashRouter (http://localhost:5173/node_modules/.vite/deps/react-router-dom.js?v=1f697ce1:5326:5) @ http://localhost:5173/node_modules/.vite/deps/chunk-NLPANMJC.js?v=dc97d517:520
[   59420ms] [ERROR] Warning: Encountered two children with the same key, `%s`. Keys should be unique so that components maintain their identity across updates. Non-unique keys may cause children to be duplicated and/or omitted — the behavior is unsupported and could change in a future version.%s Makkah Al-Mukarramah 
    at div
    at section
    at div
    at HomePage (http://localhost:5173/src/features/home/HomePage.jsx?t=1785108332662:37:33)
    at RenderedRoute (http://localhost:5173/node_modules/.vite/deps/react-router-dom.js?v=1f697ce1:4131:5)
    at Outlet (http://localhost:5173/node_modules/.vite/deps/react-router-dom.js?v=1f697ce1:4537:26)
    at main
    at div
    at MainLayout (http://localhost:5173/src/components/layout/MainLayout.jsx:33:39)
    at RenderedRoute (http://localhost:5173/node_modules/.vite/deps/react-router-dom.js?v=1f697ce1:4131:5)
    at Routes (http://localhost:5173/node_modules/.vite/deps/react-router-dom.js?v=1f697ce1:4601:5)
    at App
    at Router (http://localhost:5173/node_modules/.vite/deps/react-router-dom.js?v=1f697ce1:4544:15)
    at HashRouter (http://localhost:5173/node_modules/.vite/deps/react-router-dom.js?v=1f697ce1:5326:5) @ http://localhost:5173/node_modules/.vite/deps/chunk-NLPANMJC.js?v=dc97d517:520
[   59420ms] [ERROR] Warning: Encountered two children with the same key, `%s`. Keys should be unique so that components maintain their identity across updates. Non-unique keys may cause children to be duplicated and/or omitted — the behavior is unsupported and could change in a future version.%s Makkah Al-Mukarramah 
    at div
    at section
    at div
    at HomePage (http://localhost:5173/src/features/home/HomePage.jsx?t=1785108332662:37:33)
    at RenderedRoute (http://localhost:5173/node_modules/.vite/deps/react-router-dom.js?v=1f697ce1:4131:5)
    at Outlet (http://localhost:5173/node_modules/.vite/deps/react-router-dom.js?v=1f697ce1:4537:26)
    at main
    at div
    at MainLayout (http://localhost:5173/src/components/layout/MainLayout.jsx:33:39)
    at RenderedRoute (http://localhost:5173/node_modules/.vite/deps/react-router-dom.js?v=1f697ce1:4131:5)
    at Routes (http://localhost:5173/node_modules/.vite/deps/react-router-dom.js?v=1f697ce1:4601:5)
    at App
    at Router (http://localhost:5173/node_modules/.vite/deps/react-router-dom.js?v=1f697ce1:4544:15)
    at HashRouter (http://localhost:5173/node_modules/.vite/deps/react-router-dom.js?v=1f697ce1:5326:5) @ http://localhost:5173/node_modules/.vite/deps/chunk-NLPANMJC.js?v=dc97d517:520
[   59441ms] [ERROR] Warning: Encountered two children with the same key, `%s`. Keys should be unique so that components maintain their identity across updates. Non-unique keys may cause children to be duplicated and/or omitted — the behavior is unsupported and could change in a future version.%s Makkah Al-Mukarramah 
    at div
    at section
    at div
    at HomePage (http://localhost:5173/src/features/home/HomePage.jsx?t=1785108332662:37:33)
    at RenderedRoute (http://localhost:5173/node_modules/.vite/deps/react-router-dom.js?v=1f697ce1:4131:5)
    at Outlet (http://localhost:5173/node_modules/.vite/deps/react-router-dom.js?v=1f697ce1:4537:26)
    at main
    at div
    at MainLayout (http://localhost:5173/src/components/layout/MainLayout.jsx:33:39)
    at RenderedRoute (http://localhost:5173/node_modules/.vite/deps/react-router-dom.js?v=1f697ce1:4131:5)
    at Routes (http://localhost:5173/node_modules/.vite/deps/react-router-dom.js?v=1f697ce1:4601:5)
    at App
    at Router (http://localhost:5173/node_modules/.vite/deps/react-router-dom.js?v=1f697ce1:4544:15)
    at HashRouter (http://localhost:5173/node_modules/.vite/deps/react-router-dom.js?v=1f697ce1:5326:5) @ http://localhost:5173/node_modules/.vite/deps/chunk-NLPANMJC.js?v=dc97d517:520
[   59441ms] [ERROR] Warning: Encountered two children with the same key, `%s`. Keys should be unique so that components maintain their identity across updates. Non-unique keys may cause children to be duplicated and/or omitted — the behavior is unsupported and could change in a future version.%s Makkah Al-Mukarramah 
    at div
    at section
    at div
    at HomePage (http://localhost:5173/src/features/home/HomePage.jsx?t=1785108332662:37:33)
    at RenderedRoute (http://localhost:5173/node_modules/.vite/deps/react-router-dom.js?v=1f697ce1:4131:5)
    at Outlet (http://localhost:5173/node_modules/.vite/deps/react-router-dom.js?v=1f697ce1:4537:26)
    at main
    at div
    at MainLayout (http://localhost:5173/src/components/layout/MainLayout.jsx:33:39)
    at RenderedRoute (http://localhost:5173/node_modules/.vite/deps/react-router-dom.js?v=1f697ce1:4131:5)
    at Routes (http://localhost:5173/node_modules/.vite/deps/react-router-dom.js?v=1f697ce1:4601:5)
    at App
    at Router (http://localhost:5173/node_modules/.vite/deps/react-router-dom.js?v=1f697ce1:4544:15)
    at HashRouter (http://localhost:5173/node_modules/.vite/deps/react-router-dom.js?v=1f697ce1:5326:5) @ http://localhost:5173/node_modules/.vite/deps/chunk-NLPANMJC.js?v=dc97d517:520
[   59441ms] [ERROR] Warning: Encountered two children with the same key, `%s`. Keys should be unique so that components maintain their identity across updates. Non-unique keys may cause children to be duplicated and/or omitted — the behavior is unsupported and could change in a future version.%s Makkah Al-Mukarramah 
    at div
    at section
    at div
    at HomePage (http://localhost:5173/src/features/home/HomePage.jsx?t=1785108332662:37:33)
    at RenderedRoute (http://localhost:5173/node_modules/.vite/deps/react-router-dom.js?v=1f697ce1:4131:5)
    at Outlet (http://localhost:5173/node_modules/.vite/deps/react-router-dom.js?v=1f697ce1:4537:26)
    at main
    at div
    at MainLayout (http://localhost:5173/src/components/layout/MainLayout.jsx:33:39)
    at RenderedRoute (http://localhost:5173/node_modules/.vite/deps/react-router-dom.js?v=1f697ce1:4131:5)
    at Routes (http://localhost:5173/node_modules/.vite/deps/react-router-dom.js?v=1f697ce1:4601:5)
    at App
    at Router (http://localhost:5173/node_modules/.vite/deps/react-router-dom.js?v=1f697ce1:4544:15)
    at HashRouter (http://localhost:5173/node_modules/.vite/deps/react-router-dom.js?v=1f697ce1:5326:5) @ http://localhost:5173/node_modules/.vite/deps/chunk-NLPANMJC.js?v=dc97d517:520
[   59578ms] [ERROR] Warning: Encountered two children with the same key, `%s`. Keys should be unique so that components maintain their identity across updates. Non-unique keys may cause children to be duplicated and/or omitted — the behavior is unsupported and could change in a future version.%s Makkah Al-Mukarramah 
    at div
    at section
    at div
    at HomePage (http://localhost:5173/src/features/home/HomePage.jsx?t=1785108332662:37:33)
    at RenderedRoute (http://localhost:5173/node_modules/.vite/deps/react-router-dom.js?v=1f697ce1:4131:5)
    at Outlet (http://localhost:5173/node_modules/.vite/deps/react-router-dom.js?v=1f697ce1:4537:26)
    at main
    at div
    at MainLayout (http://localhost:5173/src/components/layout/MainLayout.jsx:33:39)
    at RenderedRoute (http://localhost:5173/node_modules/.vite/deps/react-router-dom.js?v=1f697ce1:4131:5)
    at Routes (http://localhost:5173/node_modules/.vite/deps/react-router-dom.js?v=1f697ce1:4601:5)
    at App
    at Router (http://localhost:5173/node_modules/.vite/deps/react-router-dom.js?v=1f697ce1:4544:15)
    at HashRouter (http://localhost:5173/node_modules/.vite/deps/react-router-dom.js?v=1f697ce1:5326:5) @ http://localhost:5173/node_modules/.vite/deps/chunk-NLPANMJC.js?v=dc97d517:520
[   59578ms] [ERROR] Warning: Encountered two children with the same key, `%s`. Keys should be unique so that components maintain their identity across updates. Non-unique keys may cause children to be duplicated and/or omitted — the behavior is unsupported and could change in a future version.%s Makkah Al-Mukarramah 
    at div
    at section
    at div
    at HomePage (http://localhost:5173/src/features/home/HomePage.jsx?t=1785108332662:37:33)
    at RenderedRoute (http://localhost:5173/node_modules/.vite/deps/react-router-dom.js?v=1f697ce1:4131:5)
    at Outlet (http://localhost:5173/node_modules/.vite/deps/react-router-dom.js?v=1f697ce1:4537:26)
    at main
    at div
    at MainLayout (http://localhost:5173/src/components/layout/MainLayout.jsx:33:39)
    at RenderedRoute (http://localhost:5173/node_modules/.vite/deps/react-router-dom.js?v=1f697ce1:4131:5)
    at Routes (http://localhost:5173/node_modules/.vite/deps/react-router-dom.js?v=1f697ce1:4601:5)
    at App
    at Router (http://localhost:5173/node_modules/.vite/deps/react-router-dom.js?v=1f697ce1:4544:15)
    at HashRouter (http://localhost:5173/node_modules/.vite/deps/react-router-dom.js?v=1f697ce1:5326:5) @ http://localhost:5173/node_modules/.vite/deps/chunk-NLPANMJC.js?v=dc97d517:520
[   59579ms] [ERROR] Warning: Encountered two children with the same key, `%s`. Keys should be unique so that components maintain their identity across updates. Non-unique keys may cause children to be duplicated and/or omitted — the behavior is unsupported and could change in a future version.%s Makkah Al-Mukarramah 
    at div
    at section
    at div
    at HomePage (http://localhost:5173/src/features/home/HomePage.jsx?t=1785108332662:37:33)
    at RenderedRoute (http://localhost:5173/node_modules/.vite/deps/react-router-dom.js?v=1f697ce1:4131:5)
    at Outlet (http://localhost:5173/node_modules/.vite/deps/react-router-dom.js?v=1f697ce1:4537:26)
    at main
    at div
    at MainLayout (http://localhost:5173/src/components/layout/MainLayout.jsx:33:39)
    at RenderedRoute (http://localhost:5173/node_modules/.vite/deps/react-router-dom.js?v=1f697ce1:4131:5)
    at Routes (http://localhost:5173/node_modules/.vite/deps/react-router-dom.js?v=1f697ce1:4601:5)
    at App
    at Router (http://localhost:5173/node_modules/.vite/deps/react-router-dom.js?v=1f697ce1:4544:15)
    at HashRouter (http://localhost:5173/node_modules/.vite/deps/react-router-dom.js?v=1f697ce1:5326:5) @ http://localhost:5173/node_modules/.vite/deps/chunk-NLPANMJC.js?v=dc97d517:520
[   63917ms] [ERROR] Warning: Encountered two children with the same key, `%s`. Keys should be unique so that components maintain their identity across updates. Non-unique keys may cause children to be duplicated and/or omitted — the behavior is unsupported and could change in a future version.%s Makkah Al-Mukarramah 
    at div
    at section
    at div
    at HomePage (http://localhost:5173/src/features/home/HomePage.jsx?t=1785108332662:37:33)
    at RenderedRoute (http://localhost:5173/node_modules/.vite/deps/react-router-dom.js?v=1f697ce1:4131:5)
    at Outlet (http://localhost:5173/node_modules/.vite/deps/react-router-dom.js?v=1f697ce1:4537:26)
    at main
    at div
    at MainLayout (http://localhost:5173/src/components/layout/MainLayout.jsx:33:39)
    at RenderedRoute (http://localhost:5173/node_modules/.vite/deps/react-router-dom.js?v=1f697ce1:4131:5)
    at Routes (http://localhost:5173/node_modules/.vite/deps/react-router-dom.js?v=1f697ce1:4601:5)
    at App
    at Router (http://localhost:5173/node_modules/.vite/deps/react-router-dom.js?v=1f697ce1:4544:15)
    at HashRouter (http://localhost:5173/node_modules/.vite/deps/react-router-dom.js?v=1f697ce1:5326:5) @ http://localhost:5173/node_modules/.vite/deps/chunk-NLPANMJC.js?v=dc97d517:520
[   63917ms] [ERROR] Warning: Encountered two children with the same key, `%s`. Keys should be unique so that components maintain their identity across updates. Non-unique keys may cause children to be duplicated and/or omitted — the behavior is unsupported and could change in a future version.%s Makkah Al-Mukarramah 
    at div
    at section
    at div
    at HomePage (http://localhost:5173/src/features/home/HomePage.jsx?t=1785108332662:37:33)
    at RenderedRoute (http://localhost:5173/node_modules/.vite/deps/react-router-dom.js?v=1f697ce1:4131:5)
    at Outlet (http://localhost:5173/node_modules/.vite/deps/react-router-dom.js?v=1f697ce1:4537:26)
    at main
    at div
    at MainLayout (http://localhost:5173/src/components/layout/MainLayout.jsx:33:39)
    at RenderedRoute (http://localhost:5173/node_modules/.vite/deps/react-router-dom.js?v=1f697ce1:4131:5)
    at Routes (http://localhost:5173/node_modules/.vite/deps/react-router-dom.js?v=1f697ce1:4601:5)
    at App
    at Router (http://localhost:5173/node_modules/.vite/deps/react-router-dom.js?v=1f697ce1:4544:15)
    at HashRouter (http://localhost:5173/node_modules/.vite/deps/react-router-dom.js?v=1f697ce1:5326:5) @ http://localhost:5173/node_modules/.vite/deps/chunk-NLPANMJC.js?v=dc97d517:520
[   63917ms] [ERROR] Warning: Encountered two children with the same key, `%s`. Keys should be unique so that components maintain their identity across updates. Non-unique keys may cause children to be duplicated and/or omitted — the behavior is unsupported and could change in a future version.%s Makkah Al-Mukarramah 
    at div
    at section
    at div
    at HomePage (http://localhost:5173/src/features/home/HomePage.jsx?t=1785108332662:37:33)
    at RenderedRoute (http://localhost:5173/node_modules/.vite/deps/react-router-dom.js?v=1f697ce1:4131:5)
    at Outlet (http://localhost:5173/node_modules/.vite/deps/react-router-dom.js?v=1f697ce1:4537:26)
    at main
    at div
    at MainLayout (http://localhost:5173/src/components/layout/MainLayout.jsx:33:39)
    at RenderedRoute (http://localhost:5173/node_modules/.vite/deps/react-router-dom.js?v=1f697ce1:4131:5)
    at Routes (http://localhost:5173/node_modules/.vite/deps/react-router-dom.js?v=1f697ce1:4601:5)
    at App
    at Router (http://localhost:5173/node_modules/.vite/deps/react-router-dom.js?v=1f697ce1:4544:15)
    at HashRouter (http://localhost:5173/node_modules/.vite/deps/react-router-dom.js?v=1f697ce1:5326:5) @ http://localhost:5173/node_modules/.vite/deps/chunk-NLPANMJC.js?v=dc97d517:520
[   63940ms] [ERROR] Warning: Encountered two children with the same key, `%s`. Keys should be unique so that components maintain their identity across updates. Non-unique keys may cause children to be duplicated and/or omitted — the behavior is unsupported and could change in a future version.%s Makkah Al-Mukarramah 
    at div
    at section
    at div
    at HomePage (http://localhost:5173/src/features/home/HomePage.jsx?t=1785108332662:37:33)
    at RenderedRoute (http://localhost:5173/node_modules/.vite/deps/react-router-dom.js?v=1f697ce1:4131:5)
    at Outlet (http://localhost:5173/node_modules/.vite/deps/react-router-dom.js?v=1f697ce1:4537:26)
    at main
    at div
    at MainLayout (http://localhost:5173/src/components/layout/MainLayout.jsx:33:39)
    at RenderedRoute (http://localhost:5173/node_modules/.vite/deps/react-router-dom.js?v=1f697ce1:4131:5)
    at Routes (http://localhost:5173/node_modules/.vite/deps/react-router-dom.js?v=1f697ce1:4601:5)
    at App
    at Router (http://localhost:5173/node_modules/.vite/deps/react-router-dom.js?v=1f697ce1:4544:15)
    at HashRouter (http://localhost:5173/node_modules/.vite/deps/react-router-dom.js?v=1f697ce1:5326:5) @ http://localhost:5173/node_modules/.vite/deps/chunk-NLPANMJC.js?v=dc97d517:520
[   63940ms] [ERROR] Warning: Encountered two children with the same key, `%s`. Keys should be unique so that components maintain their identity across updates. Non-unique keys may cause children to be duplicated and/or omitted — the behavior is unsupported and could change in a future version.%s Makkah Al-Mukarramah 
    at div
    at section
    at div
    at HomePage (http://localhost:5173/src/features/home/HomePage.jsx?t=1785108332662:37:33)
    at RenderedRoute (http://localhost:5173/node_modules/.vite/deps/react-router-dom.js?v=1f697ce1:4131:5)
    at Outlet (http://localhost:5173/node_modules/.vite/deps/react-router-dom.js?v=1f697ce1:4537:26)
    at main
    at div
    at MainLayout (http://localhost:5173/src/components/layout/MainLayout.jsx:33:39)
    at RenderedRoute (http://localhost:5173/node_modules/.vite/deps/react-router-dom.js?v=1f697ce1:4131:5)
    at Routes (http://localhost:5173/node_modules/.vite/deps/react-router-dom.js?v=1f697ce1:4601:5)
    at App
    at Router (http://localhost:5173/node_modules/.vite/deps/react-router-dom.js?v=1f697ce1:4544:15)
    at HashRouter (http://localhost:5173/node_modules/.vite/deps/react-router-dom.js?v=1f697ce1:5326:5) @ http://localhost:5173/node_modules/.vite/deps/chunk-NLPANMJC.js?v=dc97d517:520
[   63940ms] [ERROR] Warning: Encountered two children with the same key, `%s`. Keys should be unique so that components maintain their identity across updates. Non-unique keys may cause children to be duplicated and/or omitted — the behavior is unsupported and could change in a future version.%s Makkah Al-Mukarramah 
    at div
    at section
    at div
    at HomePage (http://localhost:5173/src/features/home/HomePage.jsx?t=1785108332662:37:33)
    at RenderedRoute (http://localhost:5173/node_modules/.vite/deps/react-router-dom.js?v=1f697ce1:4131:5)
    at Outlet (http://localhost:5173/node_modules/.vite/deps/react-router-dom.js?v=1f697ce1:4537:26)
    at main
    at div
    at MainLayout (http://localhost:5173/src/components/layout/MainLayout.jsx:33:39)
    at RenderedRoute (http://localhost:5173/node_modules/.vite/deps/react-router-dom.js?v=1f697ce1:4131:5)
    at Routes (http://localhost:5173/node_modules/.vite/deps/react-router-dom.js?v=1f697ce1:4601:5)
    at App
    at Router (http://localhost:5173/node_modules/.vite/deps/react-router-dom.js?v=1f697ce1:4544:15)
    at HashRouter (http://localhost:5173/node_modules/.vite/deps/react-router-dom.js?v=1f697ce1:5326:5) @ http://localhost:5173/node_modules/.vite/deps/chunk-NLPANMJC.js?v=dc97d517:520
[   64092ms] [ERROR] Warning: Encountered two children with the same key, `%s`. Keys should be unique so that components maintain their identity across updates. Non-unique keys may cause children to be duplicated and/or omitted — the behavior is unsupported and could change in a future version.%s Makkah Al-Mukarramah 
    at div
    at section
    at div
    at HomePage (http://localhost:5173/src/features/home/HomePage.jsx?t=1785108332662:37:33)
    at RenderedRoute (http://localhost:5173/node_modules/.vite/deps/react-router-dom.js?v=1f697ce1:4131:5)
    at Outlet (http://localhost:5173/node_modules/.vite/deps/react-router-dom.js?v=1f697ce1:4537:26)
    at main
    at div
    at MainLayout (http://localhost:5173/src/components/layout/MainLayout.jsx:33:39)
    at RenderedRoute (http://localhost:5173/node_modules/.vite/deps/react-router-dom.js?v=1f697ce1:4131:5)
    at Routes (http://localhost:5173/node_modules/.vite/deps/react-router-dom.js?v=1f697ce1:4601:5)
    at App
    at Router (http://localhost:5173/node_modules/.vite/deps/react-router-dom.js?v=1f697ce1:4544:15)
    at HashRouter (http://localhost:5173/node_modules/.vite/deps/react-router-dom.js?v=1f697ce1:5326:5) @ http://localhost:5173/node_modules/.vite/deps/chunk-NLPANMJC.js?v=dc97d517:520
[   64092ms] [ERROR] Warning: Encountered two children with the same key, `%s`. Keys should be unique so that components maintain their identity across updates. Non-unique keys may cause children to be duplicated and/or omitted — the behavior is unsupported and could change in a future version.%s Makkah Al-Mukarramah 
    at div
    at section
    at div
    at HomePage (http://localhost:5173/src/features/home/HomePage.jsx?t=1785108332662:37:33)
    at RenderedRoute (http://localhost:5173/node_modules/.vite/deps/react-router-dom.js?v=1f697ce1:4131:5)
    at Outlet (http://localhost:5173/node_modules/.vite/deps/react-router-dom.js?v=1f697ce1:4537:26)
    at main
    at div
    at MainLayout (http://localhost:5173/src/components/layout/MainLayout.jsx:33:39)
    at RenderedRoute (http://localhost:5173/node_modules/.vite/deps/react-router-dom.js?v=1f697ce1:4131:5)
    at Routes (http://localhost:5173/node_modules/.vite/deps/react-router-dom.js?v=1f697ce1:4601:5)
    at App
    at Router (http://localhost:5173/node_modules/.vite/deps/react-router-dom.js?v=1f697ce1:4544:15)
    at HashRouter (http://localhost:5173/node_modules/.vite/deps/react-router-dom.js?v=1f697ce1:5326:5) @ http://localhost:5173/node_modules/.vite/deps/chunk-NLPANMJC.js?v=dc97d517:520
[   64092ms] [ERROR] Warning: Encountered two children with the same key, `%s`. Keys should be unique so that components maintain their identity across updates. Non-unique keys may cause children to be duplicated and/or omitted — the behavior is unsupported and could change in a future version.%s Makkah Al-Mukarramah 
    at div
    at section
    at div
    at HomePage (http://localhost:5173/src/features/home/HomePage.jsx?t=1785108332662:37:33)
    at RenderedRoute (http://localhost:5173/node_modules/.vite/deps/react-router-dom.js?v=1f697ce1:4131:5)
    at Outlet (http://localhost:5173/node_modules/.vite/deps/react-router-dom.js?v=1f697ce1:4537:26)
    at main
    at div
    at MainLayout (http://localhost:5173/src/components/layout/MainLayout.jsx:33:39)
    at RenderedRoute (http://localhost:5173/node_modules/.vite/deps/react-router-dom.js?v=1f697ce1:4131:5)
    at Routes (http://localhost:5173/node_modules/.vite/deps/react-router-dom.js?v=1f697ce1:4601:5)
    at App
    at Router (http://localhost:5173/node_modules/.vite/deps/react-router-dom.js?v=1f697ce1:4544:15)
    at HashRouter (http://localhost:5173/node_modules/.vite/deps/react-router-dom.js?v=1f697ce1:5326:5) @ http://localhost:5173/node_modules/.vite/deps/chunk-NLPANMJC.js?v=dc97d517:520
[   64190ms] [ERROR] Warning: Encountered two children with the same key, `%s`. Keys should be unique so that components maintain their identity across updates. Non-unique keys may cause children to be duplicated and/or omitted — the behavior is unsupported and could change in a future version.%s Makkah Al-Mukarramah 
    at div
    at section
    at div
    at HomePage (http://localhost:5173/src/features/home/HomePage.jsx?t=1785108332662:37:33)
    at RenderedRoute (http://localhost:5173/node_modules/.vite/deps/react-router-dom.js?v=1f697ce1:4131:5)
    at Outlet (http://localhost:5173/node_modules/.vite/deps/react-router-dom.js?v=1f697ce1:4537:26)
    at main
    at div
    at MainLayout (http://localhost:5173/src/components/layout/MainLayout.jsx:33:39)
    at RenderedRoute (http://localhost:5173/node_modules/.vite/deps/react-router-dom.js?v=1f697ce1:4131:5)
    at Routes (http://localhost:5173/node_modules/.vite/deps/react-router-dom.js?v=1f697ce1:4601:5)
    at App
    at Router (http://localhost:5173/node_modules/.vite/deps/react-router-dom.js?v=1f697ce1:4544:15)
    at HashRouter (http://localhost:5173/node_modules/.vite/deps/react-router-dom.js?v=1f697ce1:5326:5) @ http://localhost:5173/node_modules/.vite/deps/chunk-NLPANMJC.js?v=dc97d517:520
[   64191ms] [ERROR] Warning: Encountered two children with the same key, `%s`. Keys should be unique so that components maintain their identity across updates. Non-unique keys may cause children to be duplicated and/or omitted — the behavior is unsupported and could change in a future version.%s Makkah Al-Mukarramah 
    at div
    at section
    at div
    at HomePage (http://localhost:5173/src/features/home/HomePage.jsx?t=1785108332662:37:33)
    at RenderedRoute (http://localhost:5173/node_modules/.vite/deps/react-router-dom.js?v=1f697ce1:4131:5)
    at Outlet (http://localhost:5173/node_modules/.vite/deps/react-router-dom.js?v=1f697ce1:4537:26)
    at main
    at div
    at MainLayout (http://localhost:5173/src/components/layout/MainLayout.jsx:33:39)
    at RenderedRoute (http://localhost:5173/node_modules/.vite/deps/react-router-dom.js?v=1f697ce1:4131:5)
    at Routes (http://localhost:5173/node_modules/.vite/deps/react-router-dom.js?v=1f697ce1:4601:5)
    at App
    at Router (http://localhost:5173/node_modules/.vite/deps/react-router-dom.js?v=1f697ce1:4544:15)
    at HashRouter (http://localhost:5173/node_modules/.vite/deps/react-router-dom.js?v=1f697ce1:5326:5) @ http://localhost:5173/node_modules/.vite/deps/chunk-NLPANMJC.js?v=dc97d517:520
[   64191ms] [ERROR] Warning: Encountered two children with the same key, `%s`. Keys should be unique so that components maintain their identity across updates. Non-unique keys may cause children to be duplicated and/or omitted — the behavior is unsupported and could change in a future version.%s Makkah Al-Mukarramah 
    at div
    at section
    at div
    at HomePage (http://localhost:5173/src/features/home/HomePage.jsx?t=1785108332662:37:33)
    at RenderedRoute (http://localhost:5173/node_modules/.vite/deps/react-router-dom.js?v=1f697ce1:4131:5)
    at Outlet (http://localhost:5173/node_modules/.vite/deps/react-router-dom.js?v=1f697ce1:4537:26)
    at main
    at div
    at MainLayout (http://localhost:5173/src/components/layout/MainLayout.jsx:33:39)
    at RenderedRoute (http://localhost:5173/node_modules/.vite/deps/react-router-dom.js?v=1f697ce1:4131:5)
    at Routes (http://localhost:5173/node_modules/.vite/deps/react-router-dom.js?v=1f697ce1:4601:5)
    at App
    at Router (http://localhost:5173/node_modules/.vite/deps/react-router-dom.js?v=1f697ce1:4544:15)
    at HashRouter (http://localhost:5173/node_modules/.vite/deps/react-router-dom.js?v=1f697ce1:5326:5) @ http://localhost:5173/node_modules/.vite/deps/chunk-NLPANMJC.js?v=dc97d517:520
[   64239ms] [ERROR] Warning: Encountered two children with the same key, `%s`. Keys should be unique so that components maintain their identity across updates. Non-unique keys may cause children to be duplicated and/or omitted — the behavior is unsupported and could change in a future version.%s Makkah Al-Mukarramah 
    at div
    at section
    at div
    at HomePage (http://localhost:5173/src/features/home/HomePage.jsx?t=1785108332662:37:33)
    at RenderedRoute (http://localhost:5173/node_modules/.vite/deps/react-router-dom.js?v=1f697ce1:4131:5)
    at Outlet (http://localhost:5173/node_modules/.vite/deps/react-router-dom.js?v=1f697ce1:4537:26)
    at main
    at div
    at MainLayout (http://localhost:5173/src/components/layout/MainLayout.jsx:33:39)
    at RenderedRoute (http://localhost:5173/node_modules/.vite/deps/react-router-dom.js?v=1f697ce1:4131:5)
    at Routes (http://localhost:5173/node_modules/.vite/deps/react-router-dom.js?v=1f697ce1:4601:5)
    at App
    at Router (http://localhost:5173/node_modules/.vite/deps/react-router-dom.js?v=1f697ce1:4544:15)
    at HashRouter (http://localhost:5173/node_modules/.vite/deps/react-router-dom.js?v=1f697ce1:5326:5) @ http://localhost:5173/node_modules/.vite/deps/chunk-NLPANMJC.js?v=dc97d517:520
[   64240ms] [ERROR] Warning: Encountered two children with the same key, `%s`. Keys should be unique so that components maintain their identity across updates. Non-unique keys may cause children to be duplicated and/or omitted — the behavior is unsupported and could change in a future version.%s Makkah Al-Mukarramah 
    at div
    at section
    at div
    at HomePage (http://localhost:5173/src/features/home/HomePage.jsx?t=1785108332662:37:33)
    at RenderedRoute (http://localhost:5173/node_modules/.vite/deps/react-router-dom.js?v=1f697ce1:4131:5)
    at Outlet (http://localhost:5173/node_modules/.vite/deps/react-router-dom.js?v=1f697ce1:4537:26)
    at main
    at div
    at MainLayout (http://localhost:5173/src/components/layout/MainLayout.jsx:33:39)
    at RenderedRoute (http://localhost:5173/node_modules/.vite/deps/react-router-dom.js?v=1f697ce1:4131:5)
    at Routes (http://localhost:5173/node_modules/.vite/deps/react-router-dom.js?v=1f697ce1:4601:5)
    at App
    at Router (http://localhost:5173/node_modules/.vite/deps/react-router-dom.js?v=1f697ce1:4544:15)
    at HashRouter (http://localhost:5173/node_modules/.vite/deps/react-router-dom.js?v=1f697ce1:5326:5) @ http://localhost:5173/node_modules/.vite/deps/chunk-NLPANMJC.js?v=dc97d517:520
[   64240ms] [ERROR] Warning: Encountered two children with the same key, `%s`. Keys should be unique so that components maintain their identity across updates. Non-unique keys may cause children to be duplicated and/or omitted — the behavior is unsupported and could change in a future version.%s Makkah Al-Mukarramah 
    at div
    at section
    at div
    at HomePage (http://localhost:5173/src/features/home/HomePage.jsx?t=1785108332662:37:33)
    at RenderedRoute (http://localhost:5173/node_modules/.vite/deps/react-router-dom.js?v=1f697ce1:4131:5)
    at Outlet (http://localhost:5173/node_modules/.vite/deps/react-router-dom.js?v=1f697ce1:4537:26)
    at main
    at div
    at MainLayout (http://localhost:5173/src/components/layout/MainLayout.jsx:33:39)
    at RenderedRoute (http://localhost:5173/node_modules/.vite/deps/react-router-dom.js?v=1f697ce1:4131:5)
    at Routes (http://localhost:5173/node_modules/.vite/deps/react-router-dom.js?v=1f697ce1:4601:5)
    at App
    at Router (http://localhost:5173/node_modules/.vite/deps/react-router-dom.js?v=1f697ce1:4544:15)
    at HashRouter (http://localhost:5173/node_modules/.vite/deps/react-router-dom.js?v=1f697ce1:5326:5) @ http://localhost:5173/node_modules/.vite/deps/chunk-NLPANMJC.js?v=dc97d517:520
[   64309ms] [ERROR] Warning: Encountered two children with the same key, `%s`. Keys should be unique so that components maintain their identity across updates. Non-unique keys may cause children to be duplicated and/or omitted — the behavior is unsupported and could change in a future version.%s Makkah Al-Mukarramah 
    at div
    at section
    at div
    at HomePage (http://localhost:5173/src/features/home/HomePage.jsx?t=1785108332662:37:33)
    at RenderedRoute (http://localhost:5173/node_modules/.vite/deps/react-router-dom.js?v=1f697ce1:4131:5)
    at Outlet (http://localhost:5173/node_modules/.vite/deps/react-router-dom.js?v=1f697ce1:4537:26)
    at main
    at div
    at MainLayout (http://localhost:5173/src/components/layout/MainLayout.jsx:33:39)
    at RenderedRoute (http://localhost:5173/node_modules/.vite/deps/react-router-dom.js?v=1f697ce1:4131:5)
    at Routes (http://localhost:5173/node_modules/.vite/deps/react-router-dom.js?v=1f697ce1:4601:5)
    at App
    at Router (http://localhost:5173/node_modules/.vite/deps/react-router-dom.js?v=1f697ce1:4544:15)
    at HashRouter (http://localhost:5173/node_modules/.vite/deps/react-router-dom.js?v=1f697ce1:5326:5) @ http://localhost:5173/node_modules/.vite/deps/chunk-NLPANMJC.js?v=dc97d517:520
[   64310ms] [ERROR] Warning: Encountered two children with the same key, `%s`. Keys should be unique so that components maintain their identity across updates. Non-unique keys may cause children to be duplicated and/or omitted — the behavior is unsupported and could change in a future version.%s Makkah Al-Mukarramah 
    at div
    at section
    at div
    at HomePage (http://localhost:5173/src/features/home/HomePage.jsx?t=1785108332662:37:33)
    at RenderedRoute (http://localhost:5173/node_modules/.vite/deps/react-router-dom.js?v=1f697ce1:4131:5)
    at Outlet (http://localhost:5173/node_modules/.vite/deps/react-router-dom.js?v=1f697ce1:4537:26)
    at main
    at div
    at MainLayout (http://localhost:5173/src/components/layout/MainLayout.jsx:33:39)
    at RenderedRoute (http://localhost:5173/node_modules/.vite/deps/react-router-dom.js?v=1f697ce1:4131:5)
    at Routes (http://localhost:5173/node_modules/.vite/deps/react-router-dom.js?v=1f697ce1:4601:5)
    at App
    at Router (http://localhost:5173/node_modules/.vite/deps/react-router-dom.js?v=1f697ce1:4544:15)
    at HashRouter (http://localhost:5173/node_modules/.vite/deps/react-router-dom.js?v=1f697ce1:5326:5) @ http://localhost:5173/node_modules/.vite/deps/chunk-NLPANMJC.js?v=dc97d517:520
[   64310ms] [ERROR] Warning: Encountered two children with the same key, `%s`. Keys should be unique so that components maintain their identity across updates. Non-unique keys may cause children to be duplicated and/or omitted — the behavior is unsupported and could change in a future version.%s Makkah Al-Mukarramah 
    at div
    at section
    at div
    at HomePage (http://localhost:5173/src/features/home/HomePage.jsx?t=1785108332662:37:33)
    at RenderedRoute (http://localhost:5173/node_modules/.vite/deps/react-router-dom.js?v=1f697ce1:4131:5)
    at Outlet (http://localhost:5173/node_modules/.vite/deps/react-router-dom.js?v=1f697ce1:4537:26)
    at main
    at div
    at MainLayout (http://localhost:5173/src/components/layout/MainLayout.jsx:33:39)
    at RenderedRoute (http://localhost:5173/node_modules/.vite/deps/react-router-dom.js?v=1f697ce1:4131:5)
    at Routes (http://localhost:5173/node_modules/.vite/deps/react-router-dom.js?v=1f697ce1:4601:5)
    at App
    at Router (http://localhost:5173/node_modules/.vite/deps/react-router-dom.js?v=1f697ce1:4544:15)
    at HashRouter (http://localhost:5173/node_modules/.vite/deps/react-router-dom.js?v=1f697ce1:5326:5) @ http://localhost:5173/node_modules/.vite/deps/chunk-NLPANMJC.js?v=dc97d517:520
[   64419ms] [ERROR] Warning: Encountered two children with the same key, `%s`. Keys should be unique so that components maintain their identity across updates. Non-unique keys may cause children to be duplicated and/or omitted — the behavior is unsupported and could change in a future version.%s Makkah Al-Mukarramah 
    at div
    at section
    at div
    at HomePage (http://localhost:5173/src/features/home/HomePage.jsx?t=1785108332662:37:33)
    at RenderedRoute (http://localhost:5173/node_modules/.vite/deps/react-router-dom.js?v=1f697ce1:4131:5)
    at Outlet (http://localhost:5173/node_modules/.vite/deps/react-router-dom.js?v=1f697ce1:4537:26)
    at main
    at div
    at MainLayout (http://localhost:5173/src/components/layout/MainLayout.jsx:33:39)
    at RenderedRoute (http://localhost:5173/node_modules/.vite/deps/react-router-dom.js?v=1f697ce1:4131:5)
    at Routes (http://localhost:5173/node_modules/.vite/deps/react-router-dom.js?v=1f697ce1:4601:5)
    at App
    at Router (http://localhost:5173/node_modules/.vite/deps/react-router-dom.js?v=1f697ce1:4544:15)
    at HashRouter (http://localhost:5173/node_modules/.vite/deps/react-router-dom.js?v=1f697ce1:5326:5) @ http://localhost:5173/node_modules/.vite/deps/chunk-NLPANMJC.js?v=dc97d517:520
[   64419ms] [ERROR] Warning: Encountered two children with the same key, `%s`. Keys should be unique so that components maintain their identity across updates. Non-unique keys may cause children to be duplicated and/or omitted — the behavior is unsupported and could change in a future version.%s Makkah Al-Mukarramah 
    at div
    at section
    at div
    at HomePage (http://localhost:5173/src/features/home/HomePage.jsx?t=1785108332662:37:33)
    at RenderedRoute (http://localhost:5173/node_modules/.vite/deps/react-router-dom.js?v=1f697ce1:4131:5)
    at Outlet (http://localhost:5173/node_modules/.vite/deps/react-router-dom.js?v=1f697ce1:4537:26)
    at main
    at div
    at MainLayout (http://localhost:5173/src/components/layout/MainLayout.jsx:33:39)
    at RenderedRoute (http://localhost:5173/node_modules/.vite/deps/react-router-dom.js?v=1f697ce1:4131:5)
    at Routes (http://localhost:5173/node_modules/.vite/deps/react-router-dom.js?v=1f697ce1:4601:5)
    at App
    at Router (http://localhost:5173/node_modules/.vite/deps/react-router-dom.js?v=1f697ce1:4544:15)
    at HashRouter (http://localhost:5173/node_modules/.vite/deps/react-router-dom.js?v=1f697ce1:5326:5) @ http://localhost:5173/node_modules/.vite/deps/chunk-NLPANMJC.js?v=dc97d517:520
[   64419ms] [ERROR] Warning: Encountered two children with the same key, `%s`. Keys should be unique so that components maintain their identity across updates. Non-unique keys may cause children to be duplicated and/or omitted — the behavior is unsupported and could change in a future version.%s Makkah Al-Mukarramah 
    at div
    at section
    at div
    at HomePage (http://localhost:5173/src/features/home/HomePage.jsx?t=1785108332662:37:33)
    at RenderedRoute (http://localhost:5173/node_modules/.vite/deps/react-router-dom.js?v=1f697ce1:4131:5)
    at Outlet (http://localhost:5173/node_modules/.vite/deps/react-router-dom.js?v=1f697ce1:4537:26)
    at main
    at div
    at MainLayout (http://localhost:5173/src/components/layout/MainLayout.jsx:33:39)
    at RenderedRoute (http://localhost:5173/node_modules/.vite/deps/react-router-dom.js?v=1f697ce1:4131:5)
    at Routes (http://localhost:5173/node_modules/.vite/deps/react-router-dom.js?v=1f697ce1:4601:5)
    at App
    at Router (http://localhost:5173/node_modules/.vite/deps/react-router-dom.js?v=1f697ce1:4544:15)
    at HashRouter (http://localhost:5173/node_modules/.vite/deps/react-router-dom.js?v=1f697ce1:5326:5) @ http://localhost:5173/node_modules/.vite/deps/chunk-NLPANMJC.js?v=dc97d517:520
[   64696ms] [ERROR] Warning: Encountered two children with the same key, `%s`. Keys should be unique so that components maintain their identity across updates. Non-unique keys may cause children to be duplicated and/or omitted — the behavior is unsupported and could change in a future version.%s Makkah Al-Mukarramah 
    at div
    at section
    at div
    at HomePage (http://localhost:5173/src/features/home/HomePage.jsx?t=1785108332662:37:33)
    at RenderedRoute (http://localhost:5173/node_modules/.vite/deps/react-router-dom.js?v=1f697ce1:4131:5)
    at Outlet (http://localhost:5173/node_modules/.vite/deps/react-router-dom.js?v=1f697ce1:4537:26)
    at main
    at div
    at MainLayout (http://localhost:5173/src/components/layout/MainLayout.jsx:33:39)
    at RenderedRoute (http://localhost:5173/node_modules/.vite/deps/react-router-dom.js?v=1f697ce1:4131:5)
    at Routes (http://localhost:5173/node_modules/.vite/deps/react-router-dom.js?v=1f697ce1:4601:5)
    at App
    at Router (http://localhost:5173/node_modules/.vite/deps/react-router-dom.js?v=1f697ce1:4544:15)
    at HashRouter (http://localhost:5173/node_modules/.vite/deps/react-router-dom.js?v=1f697ce1:5326:5) @ http://localhost:5173/node_modules/.vite/deps/chunk-NLPANMJC.js?v=dc97d517:520
[   64696ms] [ERROR] Warning: Encountered two children with the same key, `%s`. Keys should be unique so that components maintain their identity across updates. Non-unique keys may cause children to be duplicated and/or omitted — the behavior is unsupported and could change in a future version.%s Makkah Al-Mukarramah 
    at div
    at section
    at div
    at HomePage (http://localhost:5173/src/features/home/HomePage.jsx?t=1785108332662:37:33)
    at RenderedRoute (http://localhost:5173/node_modules/.vite/deps/react-router-dom.js?v=1f697ce1:4131:5)
    at Outlet (http://localhost:5173/node_modules/.vite/deps/react-router-dom.js?v=1f697ce1:4537:26)
    at main
    at div
    at MainLayout (http://localhost:5173/src/components/layout/MainLayout.jsx:33:39)
    at RenderedRoute (http://localhost:5173/node_modules/.vite/deps/react-router-dom.js?v=1f697ce1:4131:5)
    at Routes (http://localhost:5173/node_modules/.vite/deps/react-router-dom.js?v=1f697ce1:4601:5)
    at App
    at Router (http://localhost:5173/node_modules/.vite/deps/react-router-dom.js?v=1f697ce1:4544:15)
    at HashRouter (http://localhost:5173/node_modules/.vite/deps/react-router-dom.js?v=1f697ce1:5326:5) @ http://localhost:5173/node_modules/.vite/deps/chunk-NLPANMJC.js?v=dc97d517:520
[   64696ms] [ERROR] Warning: Encountered two children with the same key, `%s`. Keys should be unique so that components maintain their identity across updates. Non-unique keys may cause children to be duplicated and/or omitted — the behavior is unsupported and could change in a future version.%s Makkah Al-Mukarramah 
    at div
    at section
    at div
    at HomePage (http://localhost:5173/src/features/home/HomePage.jsx?t=1785108332662:37:33)
    at RenderedRoute (http://localhost:5173/node_modules/.vite/deps/react-router-dom.js?v=1f697ce1:4131:5)
    at Outlet (http://localhost:5173/node_modules/.vite/deps/react-router-dom.js?v=1f697ce1:4537:26)
    at main
    at div
    at MainLayout (http://localhost:5173/src/components/layout/MainLayout.jsx:33:39)
    at RenderedRoute (http://localhost:5173/node_modules/.vite/deps/react-router-dom.js?v=1f697ce1:4131:5)
    at Routes (http://localhost:5173/node_modules/.vite/deps/react-router-dom.js?v=1f697ce1:4601:5)
    at App
    at Router (http://localhost:5173/node_modules/.vite/deps/react-router-dom.js?v=1f697ce1:4544:15)
    at HashRouter (http://localhost:5173/node_modules/.vite/deps/react-router-dom.js?v=1f697ce1:5326:5) @ http://localhost:5173/node_modules/.vite/deps/chunk-NLPANMJC.js?v=dc97d517:520
[   68411ms] [ERROR] Warning: Encountered two children with the same key, `%s`. Keys should be unique so that components maintain their identity across updates. Non-unique keys may cause children to be duplicated and/or omitted — the behavior is unsupported and could change in a future version.%s Makkah Al-Mukarramah 
    at div
    at section
    at div
    at HomePage (http://localhost:5173/src/features/home/HomePage.jsx?t=1785108332662:37:33)
    at RenderedRoute (http://localhost:5173/node_modules/.vite/deps/react-router-dom.js?v=1f697ce1:4131:5)
    at Outlet (http://localhost:5173/node_modules/.vite/deps/react-router-dom.js?v=1f697ce1:4537:26)
    at main
    at div
    at MainLayout (http://localhost:5173/src/components/layout/MainLayout.jsx:33:39)
    at RenderedRoute (http://localhost:5173/node_modules/.vite/deps/react-router-dom.js?v=1f697ce1:4131:5)
    at Routes (http://localhost:5173/node_modules/.vite/deps/react-router-dom.js?v=1f697ce1:4601:5)
    at App
    at Router (http://localhost:5173/node_modules/.vite/deps/react-router-dom.js?v=1f697ce1:4544:15)
    at HashRouter (http://localhost:5173/node_modules/.vite/deps/react-router-dom.js?v=1f697ce1:5326:5) @ http://localhost:5173/node_modules/.vite/deps/chunk-NLPANMJC.js?v=dc97d517:520
[   68412ms] [ERROR] Warning: Encountered two children with the same key, `%s`. Keys should be unique so that components maintain their identity across updates. Non-unique keys may cause children to be duplicated and/or omitted — the behavior is unsupported and could change in a future version.%s Makkah Al-Mukarramah 
    at div
    at section
    at div
    at HomePage (http://localhost:5173/src/features/home/HomePage.jsx?t=1785108332662:37:33)
    at RenderedRoute (http://localhost:5173/node_modules/.vite/deps/react-router-dom.js?v=1f697ce1:4131:5)
    at Outlet (http://localhost:5173/node_modules/.vite/deps/react-router-dom.js?v=1f697ce1:4537:26)
    at main
    at div
    at MainLayout (http://localhost:5173/src/components/layout/MainLayout.jsx:33:39)
    at RenderedRoute (http://localhost:5173/node_modules/.vite/deps/react-router-dom.js?v=1f697ce1:4131:5)
    at Routes (http://localhost:5173/node_modules/.vite/deps/react-router-dom.js?v=1f697ce1:4601:5)
    at App
    at Router (http://localhost:5173/node_modules/.vite/deps/react-router-dom.js?v=1f697ce1:4544:15)
    at HashRouter (http://localhost:5173/node_modules/.vite/deps/react-router-dom.js?v=1f697ce1:5326:5) @ http://localhost:5173/node_modules/.vite/deps/chunk-NLPANMJC.js?v=dc97d517:520
[   68412ms] [ERROR] Warning: Encountered two children with the same key, `%s`. Keys should be unique so that components maintain their identity across updates. Non-unique keys may cause children to be duplicated and/or omitted — the behavior is unsupported and could change in a future version.%s Makkah Al-Mukarramah 
    at div
    at section
    at div
    at HomePage (http://localhost:5173/src/features/home/HomePage.jsx?t=1785108332662:37:33)
    at RenderedRoute (http://localhost:5173/node_modules/.vite/deps/react-router-dom.js?v=1f697ce1:4131:5)
    at Outlet (http://localhost:5173/node_modules/.vite/deps/react-router-dom.js?v=1f697ce1:4537:26)
    at main
    at div
    at MainLayout (http://localhost:5173/src/components/layout/MainLayout.jsx:33:39)
    at RenderedRoute (http://localhost:5173/node_modules/.vite/deps/react-router-dom.js?v=1f697ce1:4131:5)
    at Routes (http://localhost:5173/node_modules/.vite/deps/react-router-dom.js?v=1f697ce1:4601:5)
    at App
    at Router (http://localhost:5173/node_modules/.vite/deps/react-router-dom.js?v=1f697ce1:4544:15)
    at HashRouter (http://localhost:5173/node_modules/.vite/deps/react-router-dom.js?v=1f697ce1:5326:5) @ http://localhost:5173/node_modules/.vite/deps/chunk-NLPANMJC.js?v=dc97d517:520
[   68433ms] [ERROR] Warning: Encountered two children with the same key, `%s`. Keys should be unique so that components maintain their identity across updates. Non-unique keys may cause children to be duplicated and/or omitted — the behavior is unsupported and could change in a future version.%s Makkah Al-Mukarramah 
    at div
    at section
    at div
    at HomePage (http://localhost:5173/src/features/home/HomePage.jsx?t=1785108332662:37:33)
    at RenderedRoute (http://localhost:5173/node_modules/.vite/deps/react-router-dom.js?v=1f697ce1:4131:5)
    at Outlet (http://localhost:5173/node_modules/.vite/deps/react-router-dom.js?v=1f697ce1:4537:26)
    at main
    at div
    at MainLayout (http://localhost:5173/src/components/layout/MainLayout.jsx:33:39)
    at RenderedRoute (http://localhost:5173/node_modules/.vite/deps/react-router-dom.js?v=1f697ce1:4131:5)
    at Routes (http://localhost:5173/node_modules/.vite/deps/react-router-dom.js?v=1f697ce1:4601:5)
    at App
    at Router (http://localhost:5173/node_modules/.vite/deps/react-router-dom.js?v=1f697ce1:4544:15)
    at HashRouter (http://localhost:5173/node_modules/.vite/deps/react-router-dom.js?v=1f697ce1:5326:5) @ http://localhost:5173/node_modules/.vite/deps/chunk-NLPANMJC.js?v=dc97d517:520
[   68433ms] [ERROR] Warning: Encountered two children with the same key, `%s`. Keys should be unique so that components maintain their identity across updates. Non-unique keys may cause children to be duplicated and/or omitted — the behavior is unsupported and could change in a future version.%s Makkah Al-Mukarramah 
    at div
    at section
    at div
    at HomePage (http://localhost:5173/src/features/home/HomePage.jsx?t=1785108332662:37:33)
    at RenderedRoute (http://localhost:5173/node_modules/.vite/deps/react-router-dom.js?v=1f697ce1:4131:5)
    at Outlet (http://localhost:5173/node_modules/.vite/deps/react-router-dom.js?v=1f697ce1:4537:26)
    at main
    at div
    at MainLayout (http://localhost:5173/src/components/layout/MainLayout.jsx:33:39)
    at RenderedRoute (http://localhost:5173/node_modules/.vite/deps/react-router-dom.js?v=1f697ce1:4131:5)
    at Routes (http://localhost:5173/node_modules/.vite/deps/react-router-dom.js?v=1f697ce1:4601:5)
    at App
    at Router (http://localhost:5173/node_modules/.vite/deps/react-router-dom.js?v=1f697ce1:4544:15)
    at HashRouter (http://localhost:5173/node_modules/.vite/deps/react-router-dom.js?v=1f697ce1:5326:5) @ http://localhost:5173/node_modules/.vite/deps/chunk-NLPANMJC.js?v=dc97d517:520
[   68433ms] [ERROR] Warning: Encountered two children with the same key, `%s`. Keys should be unique so that components maintain their identity across updates. Non-unique keys may cause children to be duplicated and/or omitted — the behavior is unsupported and could change in a future version.%s Makkah Al-Mukarramah 
    at div
    at section
    at div
    at HomePage (http://localhost:5173/src/features/home/HomePage.jsx?t=1785108332662:37:33)
    at RenderedRoute (http://localhost:5173/node_modules/.vite/deps/react-router-dom.js?v=1f697ce1:4131:5)
    at Outlet (http://localhost:5173/node_modules/.vite/deps/react-router-dom.js?v=1f697ce1:4537:26)
    at main
    at div
    at MainLayout (http://localhost:5173/src/components/layout/MainLayout.jsx:33:39)
    at RenderedRoute (http://localhost:5173/node_modules/.vite/deps/react-router-dom.js?v=1f697ce1:4131:5)
    at Routes (http://localhost:5173/node_modules/.vite/deps/react-router-dom.js?v=1f697ce1:4601:5)
    at App
    at Router (http://localhost:5173/node_modules/.vite/deps/react-router-dom.js?v=1f697ce1:4544:15)
    at HashRouter (http://localhost:5173/node_modules/.vite/deps/react-router-dom.js?v=1f697ce1:5326:5) @ http://localhost:5173/node_modules/.vite/deps/chunk-NLPANMJC.js?v=dc97d517:520
[   68551ms] [ERROR] Warning: Encountered two children with the same key, `%s`. Keys should be unique so that components maintain their identity across updates. Non-unique keys may cause children to be duplicated and/or omitted — the behavior is unsupported and could change in a future version.%s Makkah Al-Mukarramah 
    at div
    at section
    at div
    at HomePage (http://localhost:5173/src/features/home/HomePage.jsx?t=1785108332662:37:33)
    at RenderedRoute (http://localhost:5173/node_modules/.vite/deps/react-router-dom.js?v=1f697ce1:4131:5)
    at Outlet (http://localhost:5173/node_modules/.vite/deps/react-router-dom.js?v=1f697ce1:4537:26)
    at main
    at div
    at MainLayout (http://localhost:5173/src/components/layout/MainLayout.jsx:33:39)
    at RenderedRoute (http://localhost:5173/node_modules/.vite/deps/react-router-dom.js?v=1f697ce1:4131:5)
    at Routes (http://localhost:5173/node_modules/.vite/deps/react-router-dom.js?v=1f697ce1:4601:5)
    at App
    at Router (http://localhost:5173/node_modules/.vite/deps/react-router-dom.js?v=1f697ce1:4544:15)
    at HashRouter (http://localhost:5173/node_modules/.vite/deps/react-router-dom.js?v=1f697ce1:5326:5) @ http://localhost:5173/node_modules/.vite/deps/chunk-NLPANMJC.js?v=dc97d517:520
[   68551ms] [ERROR] Warning: Encountered two children with the same key, `%s`. Keys should be unique so that components maintain their identity across updates. Non-unique keys may cause children to be duplicated and/or omitted — the behavior is unsupported and could change in a future version.%s Makkah Al-Mukarramah 
    at div
    at section
    at div
    at HomePage (http://localhost:5173/src/features/home/HomePage.jsx?t=1785108332662:37:33)
    at RenderedRoute (http://localhost:5173/node_modules/.vite/deps/react-router-dom.js?v=1f697ce1:4131:5)
    at Outlet (http://localhost:5173/node_modules/.vite/deps/react-router-dom.js?v=1f697ce1:4537:26)
    at main
    at div
    at MainLayout (http://localhost:5173/src/components/layout/MainLayout.jsx:33:39)
    at RenderedRoute (http://localhost:5173/node_modules/.vite/deps/react-router-dom.js?v=1f697ce1:4131:5)
    at Routes (http://localhost:5173/node_modules/.vite/deps/react-router-dom.js?v=1f697ce1:4601:5)
    at App
    at Router (http://localhost:5173/node_modules/.vite/deps/react-router-dom.js?v=1f697ce1:4544:15)
    at HashRouter (http://localhost:5173/node_modules/.vite/deps/react-router-dom.js?v=1f697ce1:5326:5) @ http://localhost:5173/node_modules/.vite/deps/chunk-NLPANMJC.js?v=dc97d517:520
[   68551ms] [ERROR] Warning: Encountered two children with the same key, `%s`. Keys should be unique so that components maintain their identity across updates. Non-unique keys may cause children to be duplicated and/or omitted — the behavior is unsupported and could change in a future version.%s Makkah Al-Mukarramah 
    at div
    at section
    at div
    at HomePage (http://localhost:5173/src/features/home/HomePage.jsx?t=1785108332662:37:33)
    at RenderedRoute (http://localhost:5173/node_modules/.vite/deps/react-router-dom.js?v=1f697ce1:4131:5)
    at Outlet (http://localhost:5173/node_modules/.vite/deps/react-router-dom.js?v=1f697ce1:4537:26)
    at main
    at div
    at MainLayout (http://localhost:5173/src/components/layout/MainLayout.jsx:33:39)
    at RenderedRoute (http://localhost:5173/node_modules/.vite/deps/react-router-dom.js?v=1f697ce1:4131:5)
    at Routes (http://localhost:5173/node_modules/.vite/deps/react-router-dom.js?v=1f697ce1:4601:5)
    at App
    at Router (http://localhost:5173/node_modules/.vite/deps/react-router-dom.js?v=1f697ce1:4544:15)
    at HashRouter (http://localhost:5173/node_modules/.vite/deps/react-router-dom.js?v=1f697ce1:5326:5) @ http://localhost:5173/node_modules/.vite/deps/chunk-NLPANMJC.js?v=dc97d517:520
[   72917ms] [ERROR] Warning: Encountered two children with the same key, `%s`. Keys should be unique so that components maintain their identity across updates. Non-unique keys may cause children to be duplicated and/or omitted — the behavior is unsupported and could change in a future version.%s Makkah Al-Mukarramah 
    at div
    at section
    at div
    at HomePage (http://localhost:5173/src/features/home/HomePage.jsx?t=1785108332662:37:33)
    at RenderedRoute (http://localhost:5173/node_modules/.vite/deps/react-router-dom.js?v=1f697ce1:4131:5)
    at Outlet (http://localhost:5173/node_modules/.vite/deps/react-router-dom.js?v=1f697ce1:4537:26)
    at main
    at div
    at MainLayout (http://localhost:5173/src/components/layout/MainLayout.jsx:33:39)
    at RenderedRoute (http://localhost:5173/node_modules/.vite/deps/react-router-dom.js?v=1f697ce1:4131:5)
    at Routes (http://localhost:5173/node_modules/.vite/deps/react-router-dom.js?v=1f697ce1:4601:5)
    at App
    at Router (http://localhost:5173/node_modules/.vite/deps/react-router-dom.js?v=1f697ce1:4544:15)
    at HashRouter (http://localhost:5173/node_modules/.vite/deps/react-router-dom.js?v=1f697ce1:5326:5) @ http://localhost:5173/node_modules/.vite/deps/chunk-NLPANMJC.js?v=dc97d517:520
[   72918ms] [ERROR] Warning: Encountered two children with the same key, `%s`. Keys should be unique so that components maintain their identity across updates. Non-unique keys may cause children to be duplicated and/or omitted — the behavior is unsupported and could change in a future version.%s Makkah Al-Mukarramah 
    at div
    at section
    at div
    at HomePage (http://localhost:5173/src/features/home/HomePage.jsx?t=1785108332662:37:33)
    at RenderedRoute (http://localhost:5173/node_modules/.vite/deps/react-router-dom.js?v=1f697ce1:4131:5)
    at Outlet (http://localhost:5173/node_modules/.vite/deps/react-router-dom.js?v=1f697ce1:4537:26)
    at main
    at div
    at MainLayout (http://localhost:5173/src/components/layout/MainLayout.jsx:33:39)
    at RenderedRoute (http://localhost:5173/node_modules/.vite/deps/react-router-dom.js?v=1f697ce1:4131:5)
    at Routes (http://localhost:5173/node_modules/.vite/deps/react-router-dom.js?v=1f697ce1:4601:5)
    at App
    at Router (http://localhost:5173/node_modules/.vite/deps/react-router-dom.js?v=1f697ce1:4544:15)
    at HashRouter (http://localhost:5173/node_modules/.vite/deps/react-router-dom.js?v=1f697ce1:5326:5) @ http://localhost:5173/node_modules/.vite/deps/chunk-NLPANMJC.js?v=dc97d517:520
[   72918ms] [ERROR] Warning: Encountered two children with the same key, `%s`. Keys should be unique so that components maintain their identity across updates. Non-unique keys may cause children to be duplicated and/or omitted — the behavior is unsupported and could change in a future version.%s Makkah Al-Mukarramah 
    at div
    at section
    at div
    at HomePage (http://localhost:5173/src/features/home/HomePage.jsx?t=1785108332662:37:33)
    at RenderedRoute (http://localhost:5173/node_modules/.vite/deps/react-router-dom.js?v=1f697ce1:4131:5)
    at Outlet (http://localhost:5173/node_modules/.vite/deps/react-router-dom.js?v=1f697ce1:4537:26)
    at main
    at div
    at MainLayout (http://localhost:5173/src/components/layout/MainLayout.jsx:33:39)
    at RenderedRoute (http://localhost:5173/node_modules/.vite/deps/react-router-dom.js?v=1f697ce1:4131:5)
    at Routes (http://localhost:5173/node_modules/.vite/deps/react-router-dom.js?v=1f697ce1:4601:5)
    at App
    at Router (http://localhost:5173/node_modules/.vite/deps/react-router-dom.js?v=1f697ce1:4544:15)
    at HashRouter (http://localhost:5173/node_modules/.vite/deps/react-router-dom.js?v=1f697ce1:5326:5) @ http://localhost:5173/node_modules/.vite/deps/chunk-NLPANMJC.js?v=dc97d517:520
[   72941ms] [ERROR] Warning: Encountered two children with the same key, `%s`. Keys should be unique so that components maintain their identity across updates. Non-unique keys may cause children to be duplicated and/or omitted — the behavior is unsupported and could change in a future version.%s Makkah Al-Mukarramah 
    at div
    at section
    at div
    at HomePage (http://localhost:5173/src/features/home/HomePage.jsx?t=1785108332662:37:33)
    at RenderedRoute (http://localhost:5173/node_modules/.vite/deps/react-router-dom.js?v=1f697ce1:4131:5)
    at Outlet (http://localhost:5173/node_modules/.vite/deps/react-router-dom.js?v=1f697ce1:4537:26)
    at main
    at div
    at MainLayout (http://localhost:5173/src/components/layout/MainLayout.jsx:33:39)
    at RenderedRoute (http://localhost:5173/node_modules/.vite/deps/react-router-dom.js?v=1f697ce1:4131:5)
    at Routes (http://localhost:5173/node_modules/.vite/deps/react-router-dom.js?v=1f697ce1:4601:5)
    at App
    at Router (http://localhost:5173/node_modules/.vite/deps/react-router-dom.js?v=1f697ce1:4544:15)
    at HashRouter (http://localhost:5173/node_modules/.vite/deps/react-router-dom.js?v=1f697ce1:5326:5) @ http://localhost:5173/node_modules/.vite/deps/chunk-NLPANMJC.js?v=dc97d517:520
[   72941ms] [ERROR] Warning: Encountered two children with the same key, `%s`. Keys should be unique so that components maintain their identity across updates. Non-unique keys may cause children to be duplicated and/or omitted — the behavior is unsupported and could change in a future version.%s Makkah Al-Mukarramah 
    at div
    at section
    at div
    at HomePage (http://localhost:5173/src/features/home/HomePage.jsx?t=1785108332662:37:33)
    at RenderedRoute (http://localhost:5173/node_modules/.vite/deps/react-router-dom.js?v=1f697ce1:4131:5)
    at Outlet (http://localhost:5173/node_modules/.vite/deps/react-router-dom.js?v=1f697ce1:4537:26)
    at main
    at div
    at MainLayout (http://localhost:5173/src/components/layout/MainLayout.jsx:33:39)
    at RenderedRoute (http://localhost:5173/node_modules/.vite/deps/react-router-dom.js?v=1f697ce1:4131:5)
    at Routes (http://localhost:5173/node_modules/.vite/deps/react-router-dom.js?v=1f697ce1:4601:5)
    at App
    at Router (http://localhost:5173/node_modules/.vite/deps/react-router-dom.js?v=1f697ce1:4544:15)
    at HashRouter (http://localhost:5173/node_modules/.vite/deps/react-router-dom.js?v=1f697ce1:5326:5) @ http://localhost:5173/node_modules/.vite/deps/chunk-NLPANMJC.js?v=dc97d517:520
[   72941ms] [ERROR] Warning: Encountered two children with the same key, `%s`. Keys should be unique so that components maintain their identity across updates. Non-unique keys may cause children to be duplicated and/or omitted — the behavior is unsupported and could change in a future version.%s Makkah Al-Mukarramah 
    at div
    at section
    at div
    at HomePage (http://localhost:5173/src/features/home/HomePage.jsx?t=1785108332662:37:33)
    at RenderedRoute (http://localhost:5173/node_modules/.vite/deps/react-router-dom.js?v=1f697ce1:4131:5)
    at Outlet (http://localhost:5173/node_modules/.vite/deps/react-router-dom.js?v=1f697ce1:4537:26)
    at main
    at div
    at MainLayout (http://localhost:5173/src/components/layout/MainLayout.jsx:33:39)
    at RenderedRoute (http://localhost:5173/node_modules/.vite/deps/react-router-dom.js?v=1f697ce1:4131:5)
    at Routes (http://localhost:5173/node_modules/.vite/deps/react-router-dom.js?v=1f697ce1:4601:5)
    at App
    at Router (http://localhost:5173/node_modules/.vite/deps/react-router-dom.js?v=1f697ce1:4544:15)
    at HashRouter (http://localhost:5173/node_modules/.vite/deps/react-router-dom.js?v=1f697ce1:5326:5) @ http://localhost:5173/node_modules/.vite/deps/chunk-NLPANMJC.js?v=dc97d517:520
[   73078ms] [ERROR] Warning: Encountered two children with the same key, `%s`. Keys should be unique so that components maintain their identity across updates. Non-unique keys may cause children to be duplicated and/or omitted — the behavior is unsupported and could change in a future version.%s Makkah Al-Mukarramah 
    at div
    at section
    at div
    at HomePage (http://localhost:5173/src/features/home/HomePage.jsx?t=1785108332662:37:33)
    at RenderedRoute (http://localhost:5173/node_modules/.vite/deps/react-router-dom.js?v=1f697ce1:4131:5)
    at Outlet (http://localhost:5173/node_modules/.vite/deps/react-router-dom.js?v=1f697ce1:4537:26)
    at main
    at div
    at MainLayout (http://localhost:5173/src/components/layout/MainLayout.jsx:33:39)
    at RenderedRoute (http://localhost:5173/node_modules/.vite/deps/react-router-dom.js?v=1f697ce1:4131:5)
    at Routes (http://localhost:5173/node_modules/.vite/deps/react-router-dom.js?v=1f697ce1:4601:5)
    at App
    at Router (http://localhost:5173/node_modules/.vite/deps/react-router-dom.js?v=1f697ce1:4544:15)
    at HashRouter (http://localhost:5173/node_modules/.vite/deps/react-router-dom.js?v=1f697ce1:5326:5) @ http://localhost:5173/node_modules/.vite/deps/chunk-NLPANMJC.js?v=dc97d517:520
[   73078ms] [ERROR] Warning: Encountered two children with the same key, `%s`. Keys should be unique so that components maintain their identity across updates. Non-unique keys may cause children to be duplicated and/or omitted — the behavior is unsupported and could change in a future version.%s Makkah Al-Mukarramah 
    at div
    at section
    at div
    at HomePage (http://localhost:5173/src/features/home/HomePage.jsx?t=1785108332662:37:33)
    at RenderedRoute (http://localhost:5173/node_modules/.vite/deps/react-router-dom.js?v=1f697ce1:4131:5)
    at Outlet (http://localhost:5173/node_modules/.vite/deps/react-router-dom.js?v=1f697ce1:4537:26)
    at main
    at div
    at MainLayout (http://localhost:5173/src/components/layout/MainLayout.jsx:33:39)
    at RenderedRoute (http://localhost:5173/node_modules/.vite/deps/react-router-dom.js?v=1f697ce1:4131:5)
    at Routes (http://localhost:5173/node_modules/.vite/deps/react-router-dom.js?v=1f697ce1:4601:5)
    at App
    at Router (http://localhost:5173/node_modules/.vite/deps/react-router-dom.js?v=1f697ce1:4544:15)
    at HashRouter (http://localhost:5173/node_modules/.vite/deps/react-router-dom.js?v=1f697ce1:5326:5) @ http://localhost:5173/node_modules/.vite/deps/chunk-NLPANMJC.js?v=dc97d517:520
[   73078ms] [ERROR] Warning: Encountered two children with the same key, `%s`. Keys should be unique so that components maintain their identity across updates. Non-unique keys may cause children to be duplicated and/or omitted — the behavior is unsupported and could change in a future version.%s Makkah Al-Mukarramah 
    at div
    at section
    at div
    at HomePage (http://localhost:5173/src/features/home/HomePage.jsx?t=1785108332662:37:33)
    at RenderedRoute (http://localhost:5173/node_modules/.vite/deps/react-router-dom.js?v=1f697ce1:4131:5)
    at Outlet (http://localhost:5173/node_modules/.vite/deps/react-router-dom.js?v=1f697ce1:4537:26)
    at main
    at div
    at MainLayout (http://localhost:5173/src/components/layout/MainLayout.jsx:33:39)
    at RenderedRoute (http://localhost:5173/node_modules/.vite/deps/react-router-dom.js?v=1f697ce1:4131:5)
    at Routes (http://localhost:5173/node_modules/.vite/deps/react-router-dom.js?v=1f697ce1:4601:5)
    at App
    at Router (http://localhost:5173/node_modules/.vite/deps/react-router-dom.js?v=1f697ce1:4544:15)
    at HashRouter (http://localhost:5173/node_modules/.vite/deps/react-router-dom.js?v=1f697ce1:5326:5) @ http://localhost:5173/node_modules/.vite/deps/chunk-NLPANMJC.js?v=dc97d517:520
[   77426ms] [ERROR] Warning: Encountered two children with the same key, `%s`. Keys should be unique so that components maintain their identity across updates. Non-unique keys may cause children to be duplicated and/or omitted — the behavior is unsupported and could change in a future version.%s Makkah Al-Mukarramah 
    at div
    at section
    at div
    at HomePage (http://localhost:5173/src/features/home/HomePage.jsx?t=1785108332662:37:33)
    at RenderedRoute (http://localhost:5173/node_modules/.vite/deps/react-router-dom.js?v=1f697ce1:4131:5)
    at Outlet (http://localhost:5173/node_modules/.vite/deps/react-router-dom.js?v=1f697ce1:4537:26)
    at main
    at div
    at MainLayout (http://localhost:5173/src/components/layout/MainLayout.jsx:33:39)
    at RenderedRoute (http://localhost:5173/node_modules/.vite/deps/react-router-dom.js?v=1f697ce1:4131:5)
    at Routes (http://localhost:5173/node_modules/.vite/deps/react-router-dom.js?v=1f697ce1:4601:5)
    at App
    at Router (http://localhost:5173/node_modules/.vite/deps/react-router-dom.js?v=1f697ce1:4544:15)
    at HashRouter (http://localhost:5173/node_modules/.vite/deps/react-router-dom.js?v=1f697ce1:5326:5) @ http://localhost:5173/node_modules/.vite/deps/chunk-NLPANMJC.js?v=dc97d517:520
[   77426ms] [ERROR] Warning: Encountered two children with the same key, `%s`. Keys should be unique so that components maintain their identity across updates. Non-unique keys may cause children to be duplicated and/or omitted — the behavior is unsupported and could change in a future version.%s Makkah Al-Mukarramah 
    at div
    at section
    at div
    at HomePage (http://localhost:5173/src/features/home/HomePage.jsx?t=1785108332662:37:33)
    at RenderedRoute (http://localhost:5173/node_modules/.vite/deps/react-router-dom.js?v=1f697ce1:4131:5)
    at Outlet (http://localhost:5173/node_modules/.vite/deps/react-router-dom.js?v=1f697ce1:4537:26)
    at main
    at div
    at MainLayout (http://localhost:5173/src/components/layout/MainLayout.jsx:33:39)
    at RenderedRoute (http://localhost:5173/node_modules/.vite/deps/react-router-dom.js?v=1f697ce1:4131:5)
    at Routes (http://localhost:5173/node_modules/.vite/deps/react-router-dom.js?v=1f697ce1:4601:5)
    at App
    at Router (http://localhost:5173/node_modules/.vite/deps/react-router-dom.js?v=1f697ce1:4544:15)
    at HashRouter (http://localhost:5173/node_modules/.vite/deps/react-router-dom.js?v=1f697ce1:5326:5) @ http://localhost:5173/node_modules/.vite/deps/chunk-NLPANMJC.js?v=dc97d517:520
[   77426ms] [ERROR] Warning: Encountered two children with the same key, `%s`. Keys should be unique so that components maintain their identity across updates. Non-unique keys may cause children to be duplicated and/or omitted — the behavior is unsupported and could change in a future version.%s Makkah Al-Mukarramah 
    at div
    at section
    at div
    at HomePage (http://localhost:5173/src/features/home/HomePage.jsx?t=1785108332662:37:33)
    at RenderedRoute (http://localhost:5173/node_modules/.vite/deps/react-router-dom.js?v=1f697ce1:4131:5)
    at Outlet (http://localhost:5173/node_modules/.vite/deps/react-router-dom.js?v=1f697ce1:4537:26)
    at main
    at div
    at MainLayout (http://localhost:5173/src/components/layout/MainLayout.jsx:33:39)
    at RenderedRoute (http://localhost:5173/node_modules/.vite/deps/react-router-dom.js?v=1f697ce1:4131:5)
    at Routes (http://localhost:5173/node_modules/.vite/deps/react-router-dom.js?v=1f697ce1:4601:5)
    at App
    at Router (http://localhost:5173/node_modules/.vite/deps/react-router-dom.js?v=1f697ce1:4544:15)
    at HashRouter (http://localhost:5173/node_modules/.vite/deps/react-router-dom.js?v=1f697ce1:5326:5) @ http://localhost:5173/node_modules/.vite/deps/chunk-NLPANMJC.js?v=dc97d517:520
[   77443ms] [ERROR] Warning: Encountered two children with the same key, `%s`. Keys should be unique so that components maintain their identity across updates. Non-unique keys may cause children to be duplicated and/or omitted — the behavior is unsupported and could change in a future version.%s Makkah Al-Mukarramah 
    at div
    at section
    at div
    at HomePage (http://localhost:5173/src/features/home/HomePage.jsx?t=1785108332662:37:33)
    at RenderedRoute (http://localhost:5173/node_modules/.vite/deps/react-router-dom.js?v=1f697ce1:4131:5)
    at Outlet (http://localhost:5173/node_modules/.vite/deps/react-router-dom.js?v=1f697ce1:4537:26)
    at main
    at div
    at MainLayout (http://localhost:5173/src/components/layout/MainLayout.jsx:33:39)
    at RenderedRoute (http://localhost:5173/node_modules/.vite/deps/react-router-dom.js?v=1f697ce1:4131:5)
    at Routes (http://localhost:5173/node_modules/.vite/deps/react-router-dom.js?v=1f697ce1:4601:5)
    at App
    at Router (http://localhost:5173/node_modules/.vite/deps/react-router-dom.js?v=1f697ce1:4544:15)
    at HashRouter (http://localhost:5173/node_modules/.vite/deps/react-router-dom.js?v=1f697ce1:5326:5) @ http://localhost:5173/node_modules/.vite/deps/chunk-NLPANMJC.js?v=dc97d517:520
[   77443ms] [ERROR] Warning: Encountered two children with the same key, `%s`. Keys should be unique so that components maintain their identity across updates. Non-unique keys may cause children to be duplicated and/or omitted — the behavior is unsupported and could change in a future version.%s Makkah Al-Mukarramah 
    at div
    at section
    at div
    at HomePage (http://localhost:5173/src/features/home/HomePage.jsx?t=1785108332662:37:33)
    at RenderedRoute (http://localhost:5173/node_modules/.vite/deps/react-router-dom.js?v=1f697ce1:4131:5)
    at Outlet (http://localhost:5173/node_modules/.vite/deps/react-router-dom.js?v=1f697ce1:4537:26)
    at main
    at div
    at MainLayout (http://localhost:5173/src/components/layout/MainLayout.jsx:33:39)
    at RenderedRoute (http://localhost:5173/node_modules/.vite/deps/react-router-dom.js?v=1f697ce1:4131:5)
    at Routes (http://localhost:5173/node_modules/.vite/deps/react-router-dom.js?v=1f697ce1:4601:5)
    at App
    at Router (http://localhost:5173/node_modules/.vite/deps/react-router-dom.js?v=1f697ce1:4544:15)
    at HashRouter (http://localhost:5173/node_modules/.vite/deps/react-router-dom.js?v=1f697ce1:5326:5) @ http://localhost:5173/node_modules/.vite/deps/chunk-NLPANMJC.js?v=dc97d517:520
[   77444ms] [ERROR] Warning: Encountered two children with the same key, `%s`. Keys should be unique so that components maintain their identity across updates. Non-unique keys may cause children to be duplicated and/or omitted — the behavior is unsupported and could change in a future version.%s Makkah Al-Mukarramah 
    at div
    at section
    at div
    at HomePage (http://localhost:5173/src/features/home/HomePage.jsx?t=1785108332662:37:33)
    at RenderedRoute (http://localhost:5173/node_modules/.vite/deps/react-router-dom.js?v=1f697ce1:4131:5)
    at Outlet (http://localhost:5173/node_modules/.vite/deps/react-router-dom.js?v=1f697ce1:4537:26)
    at main
    at div
    at MainLayout (http://localhost:5173/src/components/layout/MainLayout.jsx:33:39)
    at RenderedRoute (http://localhost:5173/node_modules/.vite/deps/react-router-dom.js?v=1f697ce1:4131:5)
    at Routes (http://localhost:5173/node_modules/.vite/deps/react-router-dom.js?v=1f697ce1:4601:5)
    at App
    at Router (http://localhost:5173/node_modules/.vite/deps/react-router-dom.js?v=1f697ce1:4544:15)
    at HashRouter (http://localhost:5173/node_modules/.vite/deps/react-router-dom.js?v=1f697ce1:5326:5) @ http://localhost:5173/node_modules/.vite/deps/chunk-NLPANMJC.js?v=dc97d517:520
[   77581ms] [ERROR] Warning: Encountered two children with the same key, `%s`. Keys should be unique so that components maintain their identity across updates. Non-unique keys may cause children to be duplicated and/or omitted — the behavior is unsupported and could change in a future version.%s Makkah Al-Mukarramah 
    at div
    at section
    at div
    at HomePage (http://localhost:5173/src/features/home/HomePage.jsx?t=1785108332662:37:33)
    at RenderedRoute (http://localhost:5173/node_modules/.vite/deps/react-router-dom.js?v=1f697ce1:4131:5)
    at Outlet (http://localhost:5173/node_modules/.vite/deps/react-router-dom.js?v=1f697ce1:4537:26)
    at main
    at div
    at MainLayout (http://localhost:5173/src/components/layout/MainLayout.jsx:33:39)
    at RenderedRoute (http://localhost:5173/node_modules/.vite/deps/react-router-dom.js?v=1f697ce1:4131:5)
    at Routes (http://localhost:5173/node_modules/.vite/deps/react-router-dom.js?v=1f697ce1:4601:5)
    at App
    at Router (http://localhost:5173/node_modules/.vite/deps/react-router-dom.js?v=1f697ce1:4544:15)
    at HashRouter (http://localhost:5173/node_modules/.vite/deps/react-router-dom.js?v=1f697ce1:5326:5) @ http://localhost:5173/node_modules/.vite/deps/chunk-NLPANMJC.js?v=dc97d517:520
[   77582ms] [ERROR] Warning: Encountered two children with the same key, `%s`. Keys should be unique so that components maintain their identity across updates. Non-unique keys may cause children to be duplicated and/or omitted — the behavior is unsupported and could change in a future version.%s Makkah Al-Mukarramah 
    at div
    at section
    at div
    at HomePage (http://localhost:5173/src/features/home/HomePage.jsx?t=1785108332662:37:33)
    at RenderedRoute (http://localhost:5173/node_modules/.vite/deps/react-router-dom.js?v=1f697ce1:4131:5)
    at Outlet (http://localhost:5173/node_modules/.vite/deps/react-router-dom.js?v=1f697ce1:4537:26)
    at main
    at div
    at MainLayout (http://localhost:5173/src/components/layout/MainLayout.jsx:33:39)
    at RenderedRoute (http://localhost:5173/node_modules/.vite/deps/react-router-dom.js?v=1f697ce1:4131:5)
    at Routes (http://localhost:5173/node_modules/.vite/deps/react-router-dom.js?v=1f697ce1:4601:5)
    at App
    at Router (http://localhost:5173/node_modules/.vite/deps/react-router-dom.js?v=1f697ce1:4544:15)
    at HashRouter (http://localhost:5173/node_modules/.vite/deps/react-router-dom.js?v=1f697ce1:5326:5) @ http://localhost:5173/node_modules/.vite/deps/chunk-NLPANMJC.js?v=dc97d517:520
[   77582ms] [ERROR] Warning: Encountered two children with the same key, `%s`. Keys should be unique so that components maintain their identity across updates. Non-unique keys may cause children to be duplicated and/or omitted — the behavior is unsupported and could change in a future version.%s Makkah Al-Mukarramah 
    at div
    at section
    at div
    at HomePage (http://localhost:5173/src/features/home/HomePage.jsx?t=1785108332662:37:33)
    at RenderedRoute (http://localhost:5173/node_modules/.vite/deps/react-router-dom.js?v=1f697ce1:4131:5)
    at Outlet (http://localhost:5173/node_modules/.vite/deps/react-router-dom.js?v=1f697ce1:4537:26)
    at main
    at div
    at MainLayout (http://localhost:5173/src/components/layout/MainLayout.jsx:33:39)
    at RenderedRoute (http://localhost:5173/node_modules/.vite/deps/react-router-dom.js?v=1f697ce1:4131:5)
    at Routes (http://localhost:5173/node_modules/.vite/deps/react-router-dom.js?v=1f697ce1:4601:5)
    at App
    at Router (http://localhost:5173/node_modules/.vite/deps/react-router-dom.js?v=1f697ce1:4544:15)
    at HashRouter (http://localhost:5173/node_modules/.vite/deps/react-router-dom.js?v=1f697ce1:5326:5) @ http://localhost:5173/node_modules/.vite/deps/chunk-NLPANMJC.js?v=dc97d517:520
[   81916ms] [ERROR] Warning: Encountered two children with the same key, `%s`. Keys should be unique so that components maintain their identity across updates. Non-unique keys may cause children to be duplicated and/or omitted — the behavior is unsupported and could change in a future version.%s Makkah Al-Mukarramah 
    at div
    at section
    at div
    at HomePage (http://localhost:5173/src/features/home/HomePage.jsx?t=1785108332662:37:33)
    at RenderedRoute (http://localhost:5173/node_modules/.vite/deps/react-router-dom.js?v=1f697ce1:4131:5)
    at Outlet (http://localhost:5173/node_modules/.vite/deps/react-router-dom.js?v=1f697ce1:4537:26)
    at main
    at div
    at MainLayout (http://localhost:5173/src/components/layout/MainLayout.jsx:33:39)
    at RenderedRoute (http://localhost:5173/node_modules/.vite/deps/react-router-dom.js?v=1f697ce1:4131:5)
    at Routes (http://localhost:5173/node_modules/.vite/deps/react-router-dom.js?v=1f697ce1:4601:5)
    at App
    at Router (http://localhost:5173/node_modules/.vite/deps/react-router-dom.js?v=1f697ce1:4544:15)
    at HashRouter (http://localhost:5173/node_modules/.vite/deps/react-router-dom.js?v=1f697ce1:5326:5) @ http://localhost:5173/node_modules/.vite/deps/chunk-NLPANMJC.js?v=dc97d517:520
[   81916ms] [ERROR] Warning: Encountered two children with the same key, `%s`. Keys should be unique so that components maintain their identity across updates. Non-unique keys may cause children to be duplicated and/or omitted — the behavior is unsupported and could change in a future version.%s Makkah Al-Mukarramah 
    at div
    at section
    at div
    at HomePage (http://localhost:5173/src/features/home/HomePage.jsx?t=1785108332662:37:33)
    at RenderedRoute (http://localhost:5173/node_modules/.vite/deps/react-router-dom.js?v=1f697ce1:4131:5)
    at Outlet (http://localhost:5173/node_modules/.vite/deps/react-router-dom.js?v=1f697ce1:4537:26)
    at main
    at div
    at MainLayout (http://localhost:5173/src/components/layout/MainLayout.jsx:33:39)
    at RenderedRoute (http://localhost:5173/node_modules/.vite/deps/react-router-dom.js?v=1f697ce1:4131:5)
    at Routes (http://localhost:5173/node_modules/.vite/deps/react-router-dom.js?v=1f697ce1:4601:5)
    at App
    at Router (http://localhost:5173/node_modules/.vite/deps/react-router-dom.js?v=1f697ce1:4544:15)
    at HashRouter (http://localhost:5173/node_modules/.vite/deps/react-router-dom.js?v=1f697ce1:5326:5) @ http://localhost:5173/node_modules/.vite/deps/chunk-NLPANMJC.js?v=dc97d517:520
[   81917ms] [ERROR] Warning: Encountered two children with the same key, `%s`. Keys should be unique so that components maintain their identity across updates. Non-unique keys may cause children to be duplicated and/or omitted — the behavior is unsupported and could change in a future version.%s Makkah Al-Mukarramah 
    at div
    at section
    at div
    at HomePage (http://localhost:5173/src/features/home/HomePage.jsx?t=1785108332662:37:33)
    at RenderedRoute (http://localhost:5173/node_modules/.vite/deps/react-router-dom.js?v=1f697ce1:4131:5)
    at Outlet (http://localhost:5173/node_modules/.vite/deps/react-router-dom.js?v=1f697ce1:4537:26)
    at main
    at div
    at MainLayout (http://localhost:5173/src/components/layout/MainLayout.jsx:33:39)
    at RenderedRoute (http://localhost:5173/node_modules/.vite/deps/react-router-dom.js?v=1f697ce1:4131:5)
    at Routes (http://localhost:5173/node_modules/.vite/deps/react-router-dom.js?v=1f697ce1:4601:5)
    at App
    at Router (http://localhost:5173/node_modules/.vite/deps/react-router-dom.js?v=1f697ce1:4544:15)
    at HashRouter (http://localhost:5173/node_modules/.vite/deps/react-router-dom.js?v=1f697ce1:5326:5) @ http://localhost:5173/node_modules/.vite/deps/chunk-NLPANMJC.js?v=dc97d517:520
[   81939ms] [ERROR] Warning: Encountered two children with the same key, `%s`. Keys should be unique so that components maintain their identity across updates. Non-unique keys may cause children to be duplicated and/or omitted — the behavior is unsupported and could change in a future version.%s Makkah Al-Mukarramah 
    at div
    at section
    at div
    at HomePage (http://localhost:5173/src/features/home/HomePage.jsx?t=1785108332662:37:33)
    at RenderedRoute (http://localhost:5173/node_modules/.vite/deps/react-router-dom.js?v=1f697ce1:4131:5)
    at Outlet (http://localhost:5173/node_modules/.vite/deps/react-router-dom.js?v=1f697ce1:4537:26)
    at main
    at div
    at MainLayout (http://localhost:5173/src/components/layout/MainLayout.jsx:33:39)
    at RenderedRoute (http://localhost:5173/node_modules/.vite/deps/react-router-dom.js?v=1f697ce1:4131:5)
    at Routes (http://localhost:5173/node_modules/.vite/deps/react-router-dom.js?v=1f697ce1:4601:5)
    at App
    at Router (http://localhost:5173/node_modules/.vite/deps/react-router-dom.js?v=1f697ce1:4544:15)
    at HashRouter (http://localhost:5173/node_modules/.vite/deps/react-router-dom.js?v=1f697ce1:5326:5) @ http://localhost:5173/node_modules/.vite/deps/chunk-NLPANMJC.js?v=dc97d517:520
[   81940ms] [ERROR] Warning: Encountered two children with the same key, `%s`. Keys should be unique so that components maintain their identity across updates. Non-unique keys may cause children to be duplicated and/or omitted — the behavior is unsupported and could change in a future version.%s Makkah Al-Mukarramah 
    at div
    at section
    at div
    at HomePage (http://localhost:5173/src/features/home/HomePage.jsx?t=1785108332662:37:33)
    at RenderedRoute (http://localhost:5173/node_modules/.vite/deps/react-router-dom.js?v=1f697ce1:4131:5)
    at Outlet (http://localhost:5173/node_modules/.vite/deps/react-router-dom.js?v=1f697ce1:4537:26)
    at main
    at div
    at MainLayout (http://localhost:5173/src/components/layout/MainLayout.jsx:33:39)
    at RenderedRoute (http://localhost:5173/node_modules/.vite/deps/react-router-dom.js?v=1f697ce1:4131:5)
    at Routes (http://localhost:5173/node_modules/.vite/deps/react-router-dom.js?v=1f697ce1:4601:5)
    at App
    at Router (http://localhost:5173/node_modules/.vite/deps/react-router-dom.js?v=1f697ce1:4544:15)
    at HashRouter (http://localhost:5173/node_modules/.vite/deps/react-router-dom.js?v=1f697ce1:5326:5) @ http://localhost:5173/node_modules/.vite/deps/chunk-NLPANMJC.js?v=dc97d517:520
[   81940ms] [ERROR] Warning: Encountered two children with the same key, `%s`. Keys should be unique so that components maintain their identity across updates. Non-unique keys may cause children to be duplicated and/or omitted — the behavior is unsupported and could change in a future version.%s Makkah Al-Mukarramah 
    at div
    at section
    at div
    at HomePage (http://localhost:5173/src/features/home/HomePage.jsx?t=1785108332662:37:33)
    at RenderedRoute (http://localhost:5173/node_modules/.vite/deps/react-router-dom.js?v=1f697ce1:4131:5)
    at Outlet (http://localhost:5173/node_modules/.vite/deps/react-router-dom.js?v=1f697ce1:4537:26)
    at main
    at div
    at MainLayout (http://localhost:5173/src/components/layout/MainLayout.jsx:33:39)
    at RenderedRoute (http://localhost:5173/node_modules/.vite/deps/react-router-dom.js?v=1f697ce1:4131:5)
    at Routes (http://localhost:5173/node_modules/.vite/deps/react-router-dom.js?v=1f697ce1:4601:5)
    at App
    at Router (http://localhost:5173/node_modules/.vite/deps/react-router-dom.js?v=1f697ce1:4544:15)
    at HashRouter (http://localhost:5173/node_modules/.vite/deps/react-router-dom.js?v=1f697ce1:5326:5) @ http://localhost:5173/node_modules/.vite/deps/chunk-NLPANMJC.js?v=dc97d517:520
[   82079ms] [ERROR] Warning: Encountered two children with the same key, `%s`. Keys should be unique so that components maintain their identity across updates. Non-unique keys may cause children to be duplicated and/or omitted — the behavior is unsupported and could change in a future version.%s Makkah Al-Mukarramah 
    at div
    at section
    at div
    at HomePage (http://localhost:5173/src/features/home/HomePage.jsx?t=1785108332662:37:33)
    at RenderedRoute (http://localhost:5173/node_modules/.vite/deps/react-router-dom.js?v=1f697ce1:4131:5)
    at Outlet (http://localhost:5173/node_modules/.vite/deps/react-router-dom.js?v=1f697ce1:4537:26)
    at main
    at div
    at MainLayout (http://localhost:5173/src/components/layout/MainLayout.jsx:33:39)
    at RenderedRoute (http://localhost:5173/node_modules/.vite/deps/react-router-dom.js?v=1f697ce1:4131:5)
    at Routes (http://localhost:5173/node_modules/.vite/deps/react-router-dom.js?v=1f697ce1:4601:5)
    at App
    at Router (http://localhost:5173/node_modules/.vite/deps/react-router-dom.js?v=1f697ce1:4544:15)
    at HashRouter (http://localhost:5173/node_modules/.vite/deps/react-router-dom.js?v=1f697ce1:5326:5) @ http://localhost:5173/node_modules/.vite/deps/chunk-NLPANMJC.js?v=dc97d517:520
[   82080ms] [ERROR] Warning: Encountered two children with the same key, `%s`. Keys should be unique so that components maintain their identity across updates. Non-unique keys may cause children to be duplicated and/or omitted — the behavior is unsupported and could change in a future version.%s Makkah Al-Mukarramah 
    at div
    at section
    at div
    at HomePage (http://localhost:5173/src/features/home/HomePage.jsx?t=1785108332662:37:33)
    at RenderedRoute (http://localhost:5173/node_modules/.vite/deps/react-router-dom.js?v=1f697ce1:4131:5)
    at Outlet (http://localhost:5173/node_modules/.vite/deps/react-router-dom.js?v=1f697ce1:4537:26)
    at main
    at div
    at MainLayout (http://localhost:5173/src/components/layout/MainLayout.jsx:33:39)
    at RenderedRoute (http://localhost:5173/node_modules/.vite/deps/react-router-dom.js?v=1f697ce1:4131:5)
    at Routes (http://localhost:5173/node_modules/.vite/deps/react-router-dom.js?v=1f697ce1:4601:5)
    at App
    at Router (http://localhost:5173/node_modules/.vite/deps/react-router-dom.js?v=1f697ce1:4544:15)
    at HashRouter (http://localhost:5173/node_modules/.vite/deps/react-router-dom.js?v=1f697ce1:5326:5) @ http://localhost:5173/node_modules/.vite/deps/chunk-NLPANMJC.js?v=dc97d517:520
[   82080ms] [ERROR] Warning: Encountered two children with the same key, `%s`. Keys should be unique so that components maintain their identity across updates. Non-unique keys may cause children to be duplicated and/or omitted — the behavior is unsupported and could change in a future version.%s Makkah Al-Mukarramah 
    at div
    at section
    at div
    at HomePage (http://localhost:5173/src/features/home/HomePage.jsx?t=1785108332662:37:33)
    at RenderedRoute (http://localhost:5173/node_modules/.vite/deps/react-router-dom.js?v=1f697ce1:4131:5)
    at Outlet (http://localhost:5173/node_modules/.vite/deps/react-router-dom.js?v=1f697ce1:4537:26)
    at main
    at div
    at MainLayout (http://localhost:5173/src/components/layout/MainLayout.jsx:33:39)
    at RenderedRoute (http://localhost:5173/node_modules/.vite/deps/react-router-dom.js?v=1f697ce1:4131:5)
    at Routes (http://localhost:5173/node_modules/.vite/deps/react-router-dom.js?v=1f697ce1:4601:5)
    at App
    at Router (http://localhost:5173/node_modules/.vite/deps/react-router-dom.js?v=1f697ce1:4544:15)
    at HashRouter (http://localhost:5173/node_modules/.vite/deps/react-router-dom.js?v=1f697ce1:5326:5) @ http://localhost:5173/node_modules/.vite/deps/chunk-NLPANMJC.js?v=dc97d517:520
[   86416ms] [ERROR] Warning: Encountered two children with the same key, `%s`. Keys should be unique so that components maintain their identity across updates. Non-unique keys may cause children to be duplicated and/or omitted — the behavior is unsupported and could change in a future version.%s Makkah Al-Mukarramah 
    at div
    at section
    at div
    at HomePage (http://localhost:5173/src/features/home/HomePage.jsx?t=1785108332662:37:33)
    at RenderedRoute (http://localhost:5173/node_modules/.vite/deps/react-router-dom.js?v=1f697ce1:4131:5)
    at Outlet (http://localhost:5173/node_modules/.vite/deps/react-router-dom.js?v=1f697ce1:4537:26)
    at main
    at div
    at MainLayout (http://localhost:5173/src/components/layout/MainLayout.jsx:33:39)
    at RenderedRoute (http://localhost:5173/node_modules/.vite/deps/react-router-dom.js?v=1f697ce1:4131:5)
    at Routes (http://localhost:5173/node_modules/.vite/deps/react-router-dom.js?v=1f697ce1:4601:5)
    at App
    at Router (http://localhost:5173/node_modules/.vite/deps/react-router-dom.js?v=1f697ce1:4544:15)
    at HashRouter (http://localhost:5173/node_modules/.vite/deps/react-router-dom.js?v=1f697ce1:5326:5) @ http://localhost:5173/node_modules/.vite/deps/chunk-NLPANMJC.js?v=dc97d517:520
[   86416ms] [ERROR] Warning: Encountered two children with the same key, `%s`. Keys should be unique so that components maintain their identity across updates. Non-unique keys may cause children to be duplicated and/or omitted — the behavior is unsupported and could change in a future version.%s Makkah Al-Mukarramah 
    at div
    at section
    at div
    at HomePage (http://localhost:5173/src/features/home/HomePage.jsx?t=1785108332662:37:33)
    at RenderedRoute (http://localhost:5173/node_modules/.vite/deps/react-router-dom.js?v=1f697ce1:4131:5)
    at Outlet (http://localhost:5173/node_modules/.vite/deps/react-router-dom.js?v=1f697ce1:4537:26)
    at main
    at div
    at MainLayout (http://localhost:5173/src/components/layout/MainLayout.jsx:33:39)
    at RenderedRoute (http://localhost:5173/node_modules/.vite/deps/react-router-dom.js?v=1f697ce1:4131:5)
    at Routes (http://localhost:5173/node_modules/.vite/deps/react-router-dom.js?v=1f697ce1:4601:5)
    at App
    at Router (http://localhost:5173/node_modules/.vite/deps/react-router-dom.js?v=1f697ce1:4544:15)
    at HashRouter (http://localhost:5173/node_modules/.vite/deps/react-router-dom.js?v=1f697ce1:5326:5) @ http://localhost:5173/node_modules/.vite/deps/chunk-NLPANMJC.js?v=dc97d517:520
[   86416ms] [ERROR] Warning: Encountered two children with the same key, `%s`. Keys should be unique so that components maintain their identity across updates. Non-unique keys may cause children to be duplicated and/or omitted — the behavior is unsupported and could change in a future version.%s Makkah Al-Mukarramah 
    at div
    at section
    at div
    at HomePage (http://localhost:5173/src/features/home/HomePage.jsx?t=1785108332662:37:33)
    at RenderedRoute (http://localhost:5173/node_modules/.vite/deps/react-router-dom.js?v=1f697ce1:4131:5)
    at Outlet (http://localhost:5173/node_modules/.vite/deps/react-router-dom.js?v=1f697ce1:4537:26)
    at main
    at div
    at MainLayout (http://localhost:5173/src/components/layout/MainLayout.jsx:33:39)
    at RenderedRoute (http://localhost:5173/node_modules/.vite/deps/react-router-dom.js?v=1f697ce1:4131:5)
    at Routes (http://localhost:5173/node_modules/.vite/deps/react-router-dom.js?v=1f697ce1:4601:5)
    at App
    at Router (http://localhost:5173/node_modules/.vite/deps/react-router-dom.js?v=1f697ce1:4544:15)
    at HashRouter (http://localhost:5173/node_modules/.vite/deps/react-router-dom.js?v=1f697ce1:5326:5) @ http://localhost:5173/node_modules/.vite/deps/chunk-NLPANMJC.js?v=dc97d517:520
[   86444ms] [ERROR] Warning: Encountered two children with the same key, `%s`. Keys should be unique so that components maintain their identity across updates. Non-unique keys may cause children to be duplicated and/or omitted — the behavior is unsupported and could change in a future version.%s Makkah Al-Mukarramah 
    at div
    at section
    at div
    at HomePage (http://localhost:5173/src/features/home/HomePage.jsx?t=1785108332662:37:33)
    at RenderedRoute (http://localhost:5173/node_modules/.vite/deps/react-router-dom.js?v=1f697ce1:4131:5)
    at Outlet (http://localhost:5173/node_modules/.vite/deps/react-router-dom.js?v=1f697ce1:4537:26)
    at main
    at div
    at MainLayout (http://localhost:5173/src/components/layout/MainLayout.jsx:33:39)
    at RenderedRoute (http://localhost:5173/node_modules/.vite/deps/react-router-dom.js?v=1f697ce1:4131:5)
    at Routes (http://localhost:5173/node_modules/.vite/deps/react-router-dom.js?v=1f697ce1:4601:5)
    at App
    at Router (http://localhost:5173/node_modules/.vite/deps/react-router-dom.js?v=1f697ce1:4544:15)
    at HashRouter (http://localhost:5173/node_modules/.vite/deps/react-router-dom.js?v=1f697ce1:5326:5) @ http://localhost:5173/node_modules/.vite/deps/chunk-NLPANMJC.js?v=dc97d517:520
[   86444ms] [ERROR] Warning: Encountered two children with the same key, `%s`. Keys should be unique so that components maintain their identity across updates. Non-unique keys may cause children to be duplicated and/or omitted — the behavior is unsupported and could change in a future version.%s Makkah Al-Mukarramah 
    at div
    at section
    at div
    at HomePage (http://localhost:5173/src/features/home/HomePage.jsx?t=1785108332662:37:33)
    at RenderedRoute (http://localhost:5173/node_modules/.vite/deps/react-router-dom.js?v=1f697ce1:4131:5)
    at Outlet (http://localhost:5173/node_modules/.vite/deps/react-router-dom.js?v=1f697ce1:4537:26)
    at main
    at div
    at MainLayout (http://localhost:5173/src/components/layout/MainLayout.jsx:33:39)
    at RenderedRoute (http://localhost:5173/node_modules/.vite/deps/react-router-dom.js?v=1f697ce1:4131:5)
    at Routes (http://localhost:5173/node_modules/.vite/deps/react-router-dom.js?v=1f697ce1:4601:5)
    at App
    at Router (http://localhost:5173/node_modules/.vite/deps/react-router-dom.js?v=1f697ce1:4544:15)
    at HashRouter (http://localhost:5173/node_modules/.vite/deps/react-router-dom.js?v=1f697ce1:5326:5) @ http://localhost:5173/node_modules/.vite/deps/chunk-NLPANMJC.js?v=dc97d517:520
[   86445ms] [ERROR] Warning: Encountered two children with the same key, `%s`. Keys should be unique so that components maintain their identity across updates. Non-unique keys may cause children to be duplicated and/or omitted — the behavior is unsupported and could change in a future version.%s Makkah Al-Mukarramah 
    at div
    at section
    at div
    at HomePage (http://localhost:5173/src/features/home/HomePage.jsx?t=1785108332662:37:33)
    at RenderedRoute (http://localhost:5173/node_modules/.vite/deps/react-router-dom.js?v=1f697ce1:4131:5)
    at Outlet (http://localhost:5173/node_modules/.vite/deps/react-router-dom.js?v=1f697ce1:4537:26)
    at main
    at div
    at MainLayout (http://localhost:5173/src/components/layout/MainLayout.jsx:33:39)
    at RenderedRoute (http://localhost:5173/node_modules/.vite/deps/react-router-dom.js?v=1f697ce1:4131:5)
    at Routes (http://localhost:5173/node_modules/.vite/deps/react-router-dom.js?v=1f697ce1:4601:5)
    at App
    at Router (http://localhost:5173/node_modules/.vite/deps/react-router-dom.js?v=1f697ce1:4544:15)
    at HashRouter (http://localhost:5173/node_modules/.vite/deps/react-router-dom.js?v=1f697ce1:5326:5) @ http://localhost:5173/node_modules/.vite/deps/chunk-NLPANMJC.js?v=dc97d517:520
[   86578ms] [ERROR] Warning: Encountered two children with the same key, `%s`. Keys should be unique so that components maintain their identity across updates. Non-unique keys may cause children to be duplicated and/or omitted — the behavior is unsupported and could change in a future version.%s Makkah Al-Mukarramah 
    at div
    at section
    at div
    at HomePage (http://localhost:5173/src/features/home/HomePage.jsx?t=1785108332662:37:33)
    at RenderedRoute (http://localhost:5173/node_modules/.vite/deps/react-router-dom.js?v=1f697ce1:4131:5)
    at Outlet (http://localhost:5173/node_modules/.vite/deps/react-router-dom.js?v=1f697ce1:4537:26)
    at main
    at div
    at MainLayout (http://localhost:5173/src/components/layout/MainLayout.jsx:33:39)
    at RenderedRoute (http://localhost:5173/node_modules/.vite/deps/react-router-dom.js?v=1f697ce1:4131:5)
    at Routes (http://localhost:5173/node_modules/.vite/deps/react-router-dom.js?v=1f697ce1:4601:5)
    at App
    at Router (http://localhost:5173/node_modules/.vite/deps/react-router-dom.js?v=1f697ce1:4544:15)
    at HashRouter (http://localhost:5173/node_modules/.vite/deps/react-router-dom.js?v=1f697ce1:5326:5) @ http://localhost:5173/node_modules/.vite/deps/chunk-NLPANMJC.js?v=dc97d517:520
[   86578ms] [ERROR] Warning: Encountered two children with the same key, `%s`. Keys should be unique so that components maintain their identity across updates. Non-unique keys may cause children to be duplicated and/or omitted — the behavior is unsupported and could change in a future version.%s Makkah Al-Mukarramah 
    at div
    at section
    at div
    at HomePage (http://localhost:5173/src/features/home/HomePage.jsx?t=1785108332662:37:33)
    at RenderedRoute (http://localhost:5173/node_modules/.vite/deps/react-router-dom.js?v=1f697ce1:4131:5)
    at Outlet (http://localhost:5173/node_modules/.vite/deps/react-router-dom.js?v=1f697ce1:4537:26)
    at main
    at div
    at MainLayout (http://localhost:5173/src/components/layout/MainLayout.jsx:33:39)
    at RenderedRoute (http://localhost:5173/node_modules/.vite/deps/react-router-dom.js?v=1f697ce1:4131:5)
    at Routes (http://localhost:5173/node_modules/.vite/deps/react-router-dom.js?v=1f697ce1:4601:5)
    at App
    at Router (http://localhost:5173/node_modules/.vite/deps/react-router-dom.js?v=1f697ce1:4544:15)
    at HashRouter (http://localhost:5173/node_modules/.vite/deps/react-router-dom.js?v=1f697ce1:5326:5) @ http://localhost:5173/node_modules/.vite/deps/chunk-NLPANMJC.js?v=dc97d517:520
[   86579ms] [ERROR] Warning: Encountered two children with the same key, `%s`. Keys should be unique so that components maintain their identity across updates. Non-unique keys may cause children to be duplicated and/or omitted — the behavior is unsupported and could change in a future version.%s Makkah Al-Mukarramah 
    at div
    at section
    at div
    at HomePage (http://localhost:5173/src/features/home/HomePage.jsx?t=1785108332662:37:33)
    at RenderedRoute (http://localhost:5173/node_modules/.vite/deps/react-router-dom.js?v=1f697ce1:4131:5)
    at Outlet (http://localhost:5173/node_modules/.vite/deps/react-router-dom.js?v=1f697ce1:4537:26)
    at main
    at div
    at MainLayout (http://localhost:5173/src/components/layout/MainLayout.jsx:33:39)
    at RenderedRoute (http://localhost:5173/node_modules/.vite/deps/react-router-dom.js?v=1f697ce1:4131:5)
    at Routes (http://localhost:5173/node_modules/.vite/deps/react-router-dom.js?v=1f697ce1:4601:5)
    at App
    at Router (http://localhost:5173/node_modules/.vite/deps/react-router-dom.js?v=1f697ce1:4544:15)
    at HashRouter (http://localhost:5173/node_modules/.vite/deps/react-router-dom.js?v=1f697ce1:5326:5) @ http://localhost:5173/node_modules/.vite/deps/chunk-NLPANMJC.js?v=dc97d517:520
[   90918ms] [ERROR] Warning: Encountered two children with the same key, `%s`. Keys should be unique so that components maintain their identity across updates. Non-unique keys may cause children to be duplicated and/or omitted — the behavior is unsupported and could change in a future version.%s Makkah Al-Mukarramah 
    at div
    at section
    at div
    at HomePage (http://localhost:5173/src/features/home/HomePage.jsx?t=1785108332662:37:33)
    at RenderedRoute (http://localhost:5173/node_modules/.vite/deps/react-router-dom.js?v=1f697ce1:4131:5)
    at Outlet (http://localhost:5173/node_modules/.vite/deps/react-router-dom.js?v=1f697ce1:4537:26)
    at main
    at div
    at MainLayout (http://localhost:5173/src/components/layout/MainLayout.jsx:33:39)
    at RenderedRoute (http://localhost:5173/node_modules/.vite/deps/react-router-dom.js?v=1f697ce1:4131:5)
    at Routes (http://localhost:5173/node_modules/.vite/deps/react-router-dom.js?v=1f697ce1:4601:5)
    at App
    at Router (http://localhost:5173/node_modules/.vite/deps/react-router-dom.js?v=1f697ce1:4544:15)
    at HashRouter (http://localhost:5173/node_modules/.vite/deps/react-router-dom.js?v=1f697ce1:5326:5) @ http://localhost:5173/node_modules/.vite/deps/chunk-NLPANMJC.js?v=dc97d517:520
[   90919ms] [ERROR] Warning: Encountered two children with the same key, `%s`. Keys should be unique so that components maintain their identity across updates. Non-unique keys may cause children to be duplicated and/or omitted — the behavior is unsupported and could change in a future version.%s Makkah Al-Mukarramah 
    at div
    at section
    at div
    at HomePage (http://localhost:5173/src/features/home/HomePage.jsx?t=1785108332662:37:33)
    at RenderedRoute (http://localhost:5173/node_modules/.vite/deps/react-router-dom.js?v=1f697ce1:4131:5)
    at Outlet (http://localhost:5173/node_modules/.vite/deps/react-router-dom.js?v=1f697ce1:4537:26)
    at main
    at div
    at MainLayout (http://localhost:5173/src/components/layout/MainLayout.jsx:33:39)
    at RenderedRoute (http://localhost:5173/node_modules/.vite/deps/react-router-dom.js?v=1f697ce1:4131:5)
    at Routes (http://localhost:5173/node_modules/.vite/deps/react-router-dom.js?v=1f697ce1:4601:5)
    at App
    at Router (http://localhost:5173/node_modules/.vite/deps/react-router-dom.js?v=1f697ce1:4544:15)
    at HashRouter (http://localhost:5173/node_modules/.vite/deps/react-router-dom.js?v=1f697ce1:5326:5) @ http://localhost:5173/node_modules/.vite/deps/chunk-NLPANMJC.js?v=dc97d517:520
[   90919ms] [ERROR] Warning: Encountered two children with the same key, `%s`. Keys should be unique so that components maintain their identity across updates. Non-unique keys may cause children to be duplicated and/or omitted — the behavior is unsupported and could change in a future version.%s Makkah Al-Mukarramah 
    at div
    at section
    at div
    at HomePage (http://localhost:5173/src/features/home/HomePage.jsx?t=1785108332662:37:33)
    at RenderedRoute (http://localhost:5173/node_modules/.vite/deps/react-router-dom.js?v=1f697ce1:4131:5)
    at Outlet (http://localhost:5173/node_modules/.vite/deps/react-router-dom.js?v=1f697ce1:4537:26)
    at main
    at div
    at MainLayout (http://localhost:5173/src/components/layout/MainLayout.jsx:33:39)
    at RenderedRoute (http://localhost:5173/node_modules/.vite/deps/react-router-dom.js?v=1f697ce1:4131:5)
    at Routes (http://localhost:5173/node_modules/.vite/deps/react-router-dom.js?v=1f697ce1:4601:5)
    at App
    at Router (http://localhost:5173/node_modules/.vite/deps/react-router-dom.js?v=1f697ce1:4544:15)
    at HashRouter (http://localhost:5173/node_modules/.vite/deps/react-router-dom.js?v=1f697ce1:5326:5) @ http://localhost:5173/node_modules/.vite/deps/chunk-NLPANMJC.js?v=dc97d517:520
[   90941ms] [ERROR] Warning: Encountered two children with the same key, `%s`. Keys should be unique so that components maintain their identity across updates. Non-unique keys may cause children to be duplicated and/or omitted — the behavior is unsupported and could change in a future version.%s Makkah Al-Mukarramah 
    at div
    at section
    at div
    at HomePage (http://localhost:5173/src/features/home/HomePage.jsx?t=1785108332662:37:33)
    at RenderedRoute (http://localhost:5173/node_modules/.vite/deps/react-router-dom.js?v=1f697ce1:4131:5)
    at Outlet (http://localhost:5173/node_modules/.vite/deps/react-router-dom.js?v=1f697ce1:4537:26)
    at main
    at div
    at MainLayout (http://localhost:5173/src/components/layout/MainLayout.jsx:33:39)
    at RenderedRoute (http://localhost:5173/node_modules/.vite/deps/react-router-dom.js?v=1f697ce1:4131:5)
    at Routes (http://localhost:5173/node_modules/.vite/deps/react-router-dom.js?v=1f697ce1:4601:5)
    at App
    at Router (http://localhost:5173/node_modules/.vite/deps/react-router-dom.js?v=1f697ce1:4544:15)
    at HashRouter (http://localhost:5173/node_modules/.vite/deps/react-router-dom.js?v=1f697ce1:5326:5) @ http://localhost:5173/node_modules/.vite/deps/chunk-NLPANMJC.js?v=dc97d517:520
[   90942ms] [ERROR] Warning: Encountered two children with the same key, `%s`. Keys should be unique so that components maintain their identity across updates. Non-unique keys may cause children to be duplicated and/or omitted — the behavior is unsupported and could change in a future version.%s Makkah Al-Mukarramah 
    at div
    at section
    at div
    at HomePage (http://localhost:5173/src/features/home/HomePage.jsx?t=1785108332662:37:33)
    at RenderedRoute (http://localhost:5173/node_modules/.vite/deps/react-router-dom.js?v=1f697ce1:4131:5)
    at Outlet (http://localhost:5173/node_modules/.vite/deps/react-router-dom.js?v=1f697ce1:4537:26)
    at main
    at div
    at MainLayout (http://localhost:5173/src/components/layout/MainLayout.jsx:33:39)
    at RenderedRoute (http://localhost:5173/node_modules/.vite/deps/react-router-dom.js?v=1f697ce1:4131:5)
    at Routes (http://localhost:5173/node_modules/.vite/deps/react-router-dom.js?v=1f697ce1:4601:5)
    at App
    at Router (http://localhost:5173/node_modules/.vite/deps/react-router-dom.js?v=1f697ce1:4544:15)
    at HashRouter (http://localhost:5173/node_modules/.vite/deps/react-router-dom.js?v=1f697ce1:5326:5) @ http://localhost:5173/node_modules/.vite/deps/chunk-NLPANMJC.js?v=dc97d517:520
[   90942ms] [ERROR] Warning: Encountered two children with the same key, `%s`. Keys should be unique so that components maintain their identity across updates. Non-unique keys may cause children to be duplicated and/or omitted — the behavior is unsupported and could change in a future version.%s Makkah Al-Mukarramah 
    at div
    at section
    at div
    at HomePage (http://localhost:5173/src/features/home/HomePage.jsx?t=1785108332662:37:33)
    at RenderedRoute (http://localhost:5173/node_modules/.vite/deps/react-router-dom.js?v=1f697ce1:4131:5)
    at Outlet (http://localhost:5173/node_modules/.vite/deps/react-router-dom.js?v=1f697ce1:4537:26)
    at main
    at div
    at MainLayout (http://localhost:5173/src/components/layout/MainLayout.jsx:33:39)
    at RenderedRoute (http://localhost:5173/node_modules/.vite/deps/react-router-dom.js?v=1f697ce1:4131:5)
    at Routes (http://localhost:5173/node_modules/.vite/deps/react-router-dom.js?v=1f697ce1:4601:5)
    at App
    at Router (http://localhost:5173/node_modules/.vite/deps/react-router-dom.js?v=1f697ce1:4544:15)
    at HashRouter (http://localhost:5173/node_modules/.vite/deps/react-router-dom.js?v=1f697ce1:5326:5) @ http://localhost:5173/node_modules/.vite/deps/chunk-NLPANMJC.js?v=dc97d517:520
[   91080ms] [ERROR] Warning: Encountered two children with the same key, `%s`. Keys should be unique so that components maintain their identity across updates. Non-unique keys may cause children to be duplicated and/or omitted — the behavior is unsupported and could change in a future version.%s Makkah Al-Mukarramah 
    at div
    at section
    at div
    at HomePage (http://localhost:5173/src/features/home/HomePage.jsx?t=1785108332662:37:33)
    at RenderedRoute (http://localhost:5173/node_modules/.vite/deps/react-router-dom.js?v=1f697ce1:4131:5)
    at Outlet (http://localhost:5173/node_modules/.vite/deps/react-router-dom.js?v=1f697ce1:4537:26)
    at main
    at div
    at MainLayout (http://localhost:5173/src/components/layout/MainLayout.jsx:33:39)
    at RenderedRoute (http://localhost:5173/node_modules/.vite/deps/react-router-dom.js?v=1f697ce1:4131:5)
    at Routes (http://localhost:5173/node_modules/.vite/deps/react-router-dom.js?v=1f697ce1:4601:5)
    at App
    at Router (http://localhost:5173/node_modules/.vite/deps/react-router-dom.js?v=1f697ce1:4544:15)
    at HashRouter (http://localhost:5173/node_modules/.vite/deps/react-router-dom.js?v=1f697ce1:5326:5) @ http://localhost:5173/node_modules/.vite/deps/chunk-NLPANMJC.js?v=dc97d517:520
[   91081ms] [ERROR] Warning: Encountered two children with the same key, `%s`. Keys should be unique so that components maintain their identity across updates. Non-unique keys may cause children to be duplicated and/or omitted — the behavior is unsupported and could change in a future version.%s Makkah Al-Mukarramah 
    at div
    at section
    at div
    at HomePage (http://localhost:5173/src/features/home/HomePage.jsx?t=1785108332662:37:33)
    at RenderedRoute (http://localhost:5173/node_modules/.vite/deps/react-router-dom.js?v=1f697ce1:4131:5)
    at Outlet (http://localhost:5173/node_modules/.vite/deps/react-router-dom.js?v=1f697ce1:4537:26)
    at main
    at div
    at MainLayout (http://localhost:5173/src/components/layout/MainLayout.jsx:33:39)
    at RenderedRoute (http://localhost:5173/node_modules/.vite/deps/react-router-dom.js?v=1f697ce1:4131:5)
    at Routes (http://localhost:5173/node_modules/.vite/deps/react-router-dom.js?v=1f697ce1:4601:5)
    at App
    at Router (http://localhost:5173/node_modules/.vite/deps/react-router-dom.js?v=1f697ce1:4544:15)
    at HashRouter (http://localhost:5173/node_modules/.vite/deps/react-router-dom.js?v=1f697ce1:5326:5) @ http://localhost:5173/node_modules/.vite/deps/chunk-NLPANMJC.js?v=dc97d517:520
[   91081ms] [ERROR] Warning: Encountered two children with the same key, `%s`. Keys should be unique so that components maintain their identity across updates. Non-unique keys may cause children to be duplicated and/or omitted — the behavior is unsupported and could change in a future version.%s Makkah Al-Mukarramah 
    at div
    at section
    at div
    at HomePage (http://localhost:5173/src/features/home/HomePage.jsx?t=1785108332662:37:33)
    at RenderedRoute (http://localhost:5173/node_modules/.vite/deps/react-router-dom.js?v=1f697ce1:4131:5)
    at Outlet (http://localhost:5173/node_modules/.vite/deps/react-router-dom.js?v=1f697ce1:4537:26)
    at main
    at div
    at MainLayout (http://localhost:5173/src/components/layout/MainLayout.jsx:33:39)
    at RenderedRoute (http://localhost:5173/node_modules/.vite/deps/react-router-dom.js?v=1f697ce1:4131:5)
    at Routes (http://localhost:5173/node_modules/.vite/deps/react-router-dom.js?v=1f697ce1:4601:5)
    at App
    at Router (http://localhost:5173/node_modules/.vite/deps/react-router-dom.js?v=1f697ce1:4544:15)
    at HashRouter (http://localhost:5173/node_modules/.vite/deps/react-router-dom.js?v=1f697ce1:5326:5) @ http://localhost:5173/node_modules/.vite/deps/chunk-NLPANMJC.js?v=dc97d517:520
[   95421ms] [ERROR] Warning: Encountered two children with the same key, `%s`. Keys should be unique so that components maintain their identity across updates. Non-unique keys may cause children to be duplicated and/or omitted — the behavior is unsupported and could change in a future version.%s Makkah Al-Mukarramah 
    at div
    at section
    at div
    at HomePage (http://localhost:5173/src/features/home/HomePage.jsx?t=1785108332662:37:33)
    at RenderedRoute (http://localhost:5173/node_modules/.vite/deps/react-router-dom.js?v=1f697ce1:4131:5)
    at Outlet (http://localhost:5173/node_modules/.vite/deps/react-router-dom.js?v=1f697ce1:4537:26)
    at main
    at div
    at MainLayout (http://localhost:5173/src/components/layout/MainLayout.jsx:33:39)
    at RenderedRoute (http://localhost:5173/node_modules/.vite/deps/react-router-dom.js?v=1f697ce1:4131:5)
    at Routes (http://localhost:5173/node_modules/.vite/deps/react-router-dom.js?v=1f697ce1:4601:5)
    at App
    at Router (http://localhost:5173/node_modules/.vite/deps/react-router-dom.js?v=1f697ce1:4544:15)
    at HashRouter (http://localhost:5173/node_modules/.vite/deps/react-router-dom.js?v=1f697ce1:5326:5) @ http://localhost:5173/node_modules/.vite/deps/chunk-NLPANMJC.js?v=dc97d517:520
[   95421ms] [ERROR] Warning: Encountered two children with the same key, `%s`. Keys should be unique so that components maintain their identity across updates. Non-unique keys may cause children to be duplicated and/or omitted — the behavior is unsupported and could change in a future version.%s Makkah Al-Mukarramah 
    at div
    at section
    at div
    at HomePage (http://localhost:5173/src/features/home/HomePage.jsx?t=1785108332662:37:33)
    at RenderedRoute (http://localhost:5173/node_modules/.vite/deps/react-router-dom.js?v=1f697ce1:4131:5)
    at Outlet (http://localhost:5173/node_modules/.vite/deps/react-router-dom.js?v=1f697ce1:4537:26)
    at main
    at div
    at MainLayout (http://localhost:5173/src/components/layout/MainLayout.jsx:33:39)
    at RenderedRoute (http://localhost:5173/node_modules/.vite/deps/react-router-dom.js?v=1f697ce1:4131:5)
    at Routes (http://localhost:5173/node_modules/.vite/deps/react-router-dom.js?v=1f697ce1:4601:5)
    at App
    at Router (http://localhost:5173/node_modules/.vite/deps/react-router-dom.js?v=1f697ce1:4544:15)
    at HashRouter (http://localhost:5173/node_modules/.vite/deps/react-router-dom.js?v=1f697ce1:5326:5) @ http://localhost:5173/node_modules/.vite/deps/chunk-NLPANMJC.js?v=dc97d517:520
[   95421ms] [ERROR] Warning: Encountered two children with the same key, `%s`. Keys should be unique so that components maintain their identity across updates. Non-unique keys may cause children to be duplicated and/or omitted — the behavior is unsupported and could change in a future version.%s Makkah Al-Mukarramah 
    at div
    at section
    at div
    at HomePage (http://localhost:5173/src/features/home/HomePage.jsx?t=1785108332662:37:33)
    at RenderedRoute (http://localhost:5173/node_modules/.vite/deps/react-router-dom.js?v=1f697ce1:4131:5)
    at Outlet (http://localhost:5173/node_modules/.vite/deps/react-router-dom.js?v=1f697ce1:4537:26)
    at main
    at div
    at MainLayout (http://localhost:5173/src/components/layout/MainLayout.jsx:33:39)
    at RenderedRoute (http://localhost:5173/node_modules/.vite/deps/react-router-dom.js?v=1f697ce1:4131:5)
    at Routes (http://localhost:5173/node_modules/.vite/deps/react-router-dom.js?v=1f697ce1:4601:5)
    at App
    at Router (http://localhost:5173/node_modules/.vite/deps/react-router-dom.js?v=1f697ce1:4544:15)
    at HashRouter (http://localhost:5173/node_modules/.vite/deps/react-router-dom.js?v=1f697ce1:5326:5) @ http://localhost:5173/node_modules/.vite/deps/chunk-NLPANMJC.js?v=dc97d517:520
[   95440ms] [ERROR] Warning: Encountered two children with the same key, `%s`. Keys should be unique so that components maintain their identity across updates. Non-unique keys may cause children to be duplicated and/or omitted — the behavior is unsupported and could change in a future version.%s Makkah Al-Mukarramah 
    at div
    at section
    at div
    at HomePage (http://localhost:5173/src/features/home/HomePage.jsx?t=1785108332662:37:33)
    at RenderedRoute (http://localhost:5173/node_modules/.vite/deps/react-router-dom.js?v=1f697ce1:4131:5)
    at Outlet (http://localhost:5173/node_modules/.vite/deps/react-router-dom.js?v=1f697ce1:4537:26)
    at main
    at div
    at MainLayout (http://localhost:5173/src/components/layout/MainLayout.jsx:33:39)
    at RenderedRoute (http://localhost:5173/node_modules/.vite/deps/react-router-dom.js?v=1f697ce1:4131:5)
    at Routes (http://localhost:5173/node_modules/.vite/deps/react-router-dom.js?v=1f697ce1:4601:5)
    at App
    at Router (http://localhost:5173/node_modules/.vite/deps/react-router-dom.js?v=1f697ce1:4544:15)
    at HashRouter (http://localhost:5173/node_modules/.vite/deps/react-router-dom.js?v=1f697ce1:5326:5) @ http://localhost:5173/node_modules/.vite/deps/chunk-NLPANMJC.js?v=dc97d517:520
[   95441ms] [ERROR] Warning: Encountered two children with the same key, `%s`. Keys should be unique so that components maintain their identity across updates. Non-unique keys may cause children to be duplicated and/or omitted — the behavior is unsupported and could change in a future version.%s Makkah Al-Mukarramah 
    at div
    at section
    at div
    at HomePage (http://localhost:5173/src/features/home/HomePage.jsx?t=1785108332662:37:33)
    at RenderedRoute (http://localhost:5173/node_modules/.vite/deps/react-router-dom.js?v=1f697ce1:4131:5)
    at Outlet (http://localhost:5173/node_modules/.vite/deps/react-router-dom.js?v=1f697ce1:4537:26)
    at main
    at div
    at MainLayout (http://localhost:5173/src/components/layout/MainLayout.jsx:33:39)
    at RenderedRoute (http://localhost:5173/node_modules/.vite/deps/react-router-dom.js?v=1f697ce1:4131:5)
    at Routes (http://localhost:5173/node_modules/.vite/deps/react-router-dom.js?v=1f697ce1:4601:5)
    at App
    at Router (http://localhost:5173/node_modules/.vite/deps/react-router-dom.js?v=1f697ce1:4544:15)
    at HashRouter (http://localhost:5173/node_modules/.vite/deps/react-router-dom.js?v=1f697ce1:5326:5) @ http://localhost:5173/node_modules/.vite/deps/chunk-NLPANMJC.js?v=dc97d517:520
[   95441ms] [ERROR] Warning: Encountered two children with the same key, `%s`. Keys should be unique so that components maintain their identity across updates. Non-unique keys may cause children to be duplicated and/or omitted — the behavior is unsupported and could change in a future version.%s Makkah Al-Mukarramah 
    at div
    at section
    at div
    at HomePage (http://localhost:5173/src/features/home/HomePage.jsx?t=1785108332662:37:33)
    at RenderedRoute (http://localhost:5173/node_modules/.vite/deps/react-router-dom.js?v=1f697ce1:4131:5)
    at Outlet (http://localhost:5173/node_modules/.vite/deps/react-router-dom.js?v=1f697ce1:4537:26)
    at main
    at div
    at MainLayout (http://localhost:5173/src/components/layout/MainLayout.jsx:33:39)
    at RenderedRoute (http://localhost:5173/node_modules/.vite/deps/react-router-dom.js?v=1f697ce1:4131:5)
    at Routes (http://localhost:5173/node_modules/.vite/deps/react-router-dom.js?v=1f697ce1:4601:5)
    at App
    at Router (http://localhost:5173/node_modules/.vite/deps/react-router-dom.js?v=1f697ce1:4544:15)
    at HashRouter (http://localhost:5173/node_modules/.vite/deps/react-router-dom.js?v=1f697ce1:5326:5) @ http://localhost:5173/node_modules/.vite/deps/chunk-NLPANMJC.js?v=dc97d517:520
[   95591ms] [ERROR] Warning: Encountered two children with the same key, `%s`. Keys should be unique so that components maintain their identity across updates. Non-unique keys may cause children to be duplicated and/or omitted — the behavior is unsupported and could change in a future version.%s Makkah Al-Mukarramah 
    at div
    at section
    at div
    at HomePage (http://localhost:5173/src/features/home/HomePage.jsx?t=1785108332662:37:33)
    at RenderedRoute (http://localhost:5173/node_modules/.vite/deps/react-router-dom.js?v=1f697ce1:4131:5)
    at Outlet (http://localhost:5173/node_modules/.vite/deps/react-router-dom.js?v=1f697ce1:4537:26)
    at main
    at div
    at MainLayout (http://localhost:5173/src/components/layout/MainLayout.jsx:33:39)
    at RenderedRoute (http://localhost:5173/node_modules/.vite/deps/react-router-dom.js?v=1f697ce1:4131:5)
    at Routes (http://localhost:5173/node_modules/.vite/deps/react-router-dom.js?v=1f697ce1:4601:5)
    at App
    at Router (http://localhost:5173/node_modules/.vite/deps/react-router-dom.js?v=1f697ce1:4544:15)
    at HashRouter (http://localhost:5173/node_modules/.vite/deps/react-router-dom.js?v=1f697ce1:5326:5) @ http://localhost:5173/node_modules/.vite/deps/chunk-NLPANMJC.js?v=dc97d517:520
[   95592ms] [ERROR] Warning: Encountered two children with the same key, `%s`. Keys should be unique so that components maintain their identity across updates. Non-unique keys may cause children to be duplicated and/or omitted — the behavior is unsupported and could change in a future version.%s Makkah Al-Mukarramah 
    at div
    at section
    at div
    at HomePage (http://localhost:5173/src/features/home/HomePage.jsx?t=1785108332662:37:33)
    at RenderedRoute (http://localhost:5173/node_modules/.vite/deps/react-router-dom.js?v=1f697ce1:4131:5)
    at Outlet (http://localhost:5173/node_modules/.vite/deps/react-router-dom.js?v=1f697ce1:4537:26)
    at main
    at div
    at MainLayout (http://localhost:5173/src/components/layout/MainLayout.jsx:33:39)
    at RenderedRoute (http://localhost:5173/node_modules/.vite/deps/react-router-dom.js?v=1f697ce1:4131:5)
    at Routes (http://localhost:5173/node_modules/.vite/deps/react-router-dom.js?v=1f697ce1:4601:5)
    at App
    at Router (http://localhost:5173/node_modules/.vite/deps/react-router-dom.js?v=1f697ce1:4544:15)
    at HashRouter (http://localhost:5173/node_modules/.vite/deps/react-router-dom.js?v=1f697ce1:5326:5) @ http://localhost:5173/node_modules/.vite/deps/chunk-NLPANMJC.js?v=dc97d517:520
[   95592ms] [ERROR] Warning: Encountered two children with the same key, `%s`. Keys should be unique so that components maintain their identity across updates. Non-unique keys may cause children to be duplicated and/or omitted — the behavior is unsupported and could change in a future version.%s Makkah Al-Mukarramah 
    at div
    at section
    at div
    at HomePage (http://localhost:5173/src/features/home/HomePage.jsx?t=1785108332662:37:33)
    at RenderedRoute (http://localhost:5173/node_modules/.vite/deps/react-router-dom.js?v=1f697ce1:4131:5)
    at Outlet (http://localhost:5173/node_modules/.vite/deps/react-router-dom.js?v=1f697ce1:4537:26)
    at main
    at div
    at MainLayout (http://localhost:5173/src/components/layout/MainLayout.jsx:33:39)
    at RenderedRoute (http://localhost:5173/node_modules/.vite/deps/react-router-dom.js?v=1f697ce1:4131:5)
    at Routes (http://localhost:5173/node_modules/.vite/deps/react-router-dom.js?v=1f697ce1:4601:5)
    at App
    at Router (http://localhost:5173/node_modules/.vite/deps/react-router-dom.js?v=1f697ce1:4544:15)
    at HashRouter (http://localhost:5173/node_modules/.vite/deps/react-router-dom.js?v=1f697ce1:5326:5) @ http://localhost:5173/node_modules/.vite/deps/chunk-NLPANMJC.js?v=dc97d517:520
[   95690ms] [ERROR] Warning: Encountered two children with the same key, `%s`. Keys should be unique so that components maintain their identity across updates. Non-unique keys may cause children to be duplicated and/or omitted — the behavior is unsupported and could change in a future version.%s Makkah Al-Mukarramah 
    at div
    at section
    at div
    at HomePage (http://localhost:5173/src/features/home/HomePage.jsx?t=1785108332662:37:33)
    at RenderedRoute (http://localhost:5173/node_modules/.vite/deps/react-router-dom.js?v=1f697ce1:4131:5)
    at Outlet (http://localhost:5173/node_modules/.vite/deps/react-router-dom.js?v=1f697ce1:4537:26)
    at main
    at div
    at MainLayout (http://localhost:5173/src/components/layout/MainLayout.jsx:33:39)
    at RenderedRoute (http://localhost:5173/node_modules/.vite/deps/react-router-dom.js?v=1f697ce1:4131:5)
    at Routes (http://localhost:5173/node_modules/.vite/deps/react-router-dom.js?v=1f697ce1:4601:5)
    at App
    at Router (http://localhost:5173/node_modules/.vite/deps/react-router-dom.js?v=1f697ce1:4544:15)
    at HashRouter (http://localhost:5173/node_modules/.vite/deps/react-router-dom.js?v=1f697ce1:5326:5) @ http://localhost:5173/node_modules/.vite/deps/chunk-NLPANMJC.js?v=dc97d517:520
[   95690ms] [ERROR] Warning: Encountered two children with the same key, `%s`. Keys should be unique so that components maintain their identity across updates. Non-unique keys may cause children to be duplicated and/or omitted — the behavior is unsupported and could change in a future version.%s Makkah Al-Mukarramah 
    at div
    at section
    at div
    at HomePage (http://localhost:5173/src/features/home/HomePage.jsx?t=1785108332662:37:33)
    at RenderedRoute (http://localhost:5173/node_modules/.vite/deps/react-router-dom.js?v=1f697ce1:4131:5)
    at Outlet (http://localhost:5173/node_modules/.vite/deps/react-router-dom.js?v=1f697ce1:4537:26)
    at main
    at div
    at MainLayout (http://localhost:5173/src/components/layout/MainLayout.jsx:33:39)
    at RenderedRoute (http://localhost:5173/node_modules/.vite/deps/react-router-dom.js?v=1f697ce1:4131:5)
    at Routes (http://localhost:5173/node_modules/.vite/deps/react-router-dom.js?v=1f697ce1:4601:5)
    at App
    at Router (http://localhost:5173/node_modules/.vite/deps/react-router-dom.js?v=1f697ce1:4544:15)
    at HashRouter (http://localhost:5173/node_modules/.vite/deps/react-router-dom.js?v=1f697ce1:5326:5) @ http://localhost:5173/node_modules/.vite/deps/chunk-NLPANMJC.js?v=dc97d517:520
[   95690ms] [ERROR] Warning: Encountered two children with the same key, `%s`. Keys should be unique so that components maintain their identity across updates. Non-unique keys may cause children to be duplicated and/or omitted — the behavior is unsupported and could change in a future version.%s Makkah Al-Mukarramah 
    at div
    at section
    at div
    at HomePage (http://localhost:5173/src/features/home/HomePage.jsx?t=1785108332662:37:33)
    at RenderedRoute (http://localhost:5173/node_modules/.vite/deps/react-router-dom.js?v=1f697ce1:4131:5)
    at Outlet (http://localhost:5173/node_modules/.vite/deps/react-router-dom.js?v=1f697ce1:4537:26)
    at main
    at div
    at MainLayout (http://localhost:5173/src/components/layout/MainLayout.jsx:33:39)
    at RenderedRoute (http://localhost:5173/node_modules/.vite/deps/react-router-dom.js?v=1f697ce1:4131:5)
    at Routes (http://localhost:5173/node_modules/.vite/deps/react-router-dom.js?v=1f697ce1:4601:5)
    at App
    at Router (http://localhost:5173/node_modules/.vite/deps/react-router-dom.js?v=1f697ce1:4544:15)
    at HashRouter (http://localhost:5173/node_modules/.vite/deps/react-router-dom.js?v=1f697ce1:5326:5) @ http://localhost:5173/node_modules/.vite/deps/chunk-NLPANMJC.js?v=dc97d517:520
[   95739ms] [ERROR] Warning: Encountered two children with the same key, `%s`. Keys should be unique so that components maintain their identity across updates. Non-unique keys may cause children to be duplicated and/or omitted — the behavior is unsupported and could change in a future version.%s Makkah Al-Mukarramah 
    at div
    at section
    at div
    at HomePage (http://localhost:5173/src/features/home/HomePage.jsx?t=1785108332662:37:33)
    at RenderedRoute (http://localhost:5173/node_modules/.vite/deps/react-router-dom.js?v=1f697ce1:4131:5)
    at Outlet (http://localhost:5173/node_modules/.vite/deps/react-router-dom.js?v=1f697ce1:4537:26)
    at main
    at div
    at MainLayout (http://localhost:5173/src/components/layout/MainLayout.jsx:33:39)
    at RenderedRoute (http://localhost:5173/node_modules/.vite/deps/react-router-dom.js?v=1f697ce1:4131:5)
    at Routes (http://localhost:5173/node_modules/.vite/deps/react-router-dom.js?v=1f697ce1:4601:5)
    at App
    at Router (http://localhost:5173/node_modules/.vite/deps/react-router-dom.js?v=1f697ce1:4544:15)
    at HashRouter (http://localhost:5173/node_modules/.vite/deps/react-router-dom.js?v=1f697ce1:5326:5) @ http://localhost:5173/node_modules/.vite/deps/chunk-NLPANMJC.js?v=dc97d517:520
[   95739ms] [ERROR] Warning: Encountered two children with the same key, `%s`. Keys should be unique so that components maintain their identity across updates. Non-unique keys may cause children to be duplicated and/or omitted — the behavior is unsupported and could change in a future version.%s Makkah Al-Mukarramah 
    at div
    at section
    at div
    at HomePage (http://localhost:5173/src/features/home/HomePage.jsx?t=1785108332662:37:33)
    at RenderedRoute (http://localhost:5173/node_modules/.vite/deps/react-router-dom.js?v=1f697ce1:4131:5)
    at Outlet (http://localhost:5173/node_modules/.vite/deps/react-router-dom.js?v=1f697ce1:4537:26)
    at main
    at div
    at MainLayout (http://localhost:5173/src/components/layout/MainLayout.jsx:33:39)
    at RenderedRoute (http://localhost:5173/node_modules/.vite/deps/react-router-dom.js?v=1f697ce1:4131:5)
    at Routes (http://localhost:5173/node_modules/.vite/deps/react-router-dom.js?v=1f697ce1:4601:5)
    at App
    at Router (http://localhost:5173/node_modules/.vite/deps/react-router-dom.js?v=1f697ce1:4544:15)
    at HashRouter (http://localhost:5173/node_modules/.vite/deps/react-router-dom.js?v=1f697ce1:5326:5) @ http://localhost:5173/node_modules/.vite/deps/chunk-NLPANMJC.js?v=dc97d517:520
[   95739ms] [ERROR] Warning: Encountered two children with the same key, `%s`. Keys should be unique so that components maintain their identity across updates. Non-unique keys may cause children to be duplicated and/or omitted — the behavior is unsupported and could change in a future version.%s Makkah Al-Mukarramah 
    at div
    at section
    at div
    at HomePage (http://localhost:5173/src/features/home/HomePage.jsx?t=1785108332662:37:33)
    at RenderedRoute (http://localhost:5173/node_modules/.vite/deps/react-router-dom.js?v=1f697ce1:4131:5)
    at Outlet (http://localhost:5173/node_modules/.vite/deps/react-router-dom.js?v=1f697ce1:4537:26)
    at main
    at div
    at MainLayout (http://localhost:5173/src/components/layout/MainLayout.jsx:33:39)
    at RenderedRoute (http://localhost:5173/node_modules/.vite/deps/react-router-dom.js?v=1f697ce1:4131:5)
    at Routes (http://localhost:5173/node_modules/.vite/deps/react-router-dom.js?v=1f697ce1:4601:5)
    at App
    at Router (http://localhost:5173/node_modules/.vite/deps/react-router-dom.js?v=1f697ce1:4544:15)
    at HashRouter (http://localhost:5173/node_modules/.vite/deps/react-router-dom.js?v=1f697ce1:5326:5) @ http://localhost:5173/node_modules/.vite/deps/chunk-NLPANMJC.js?v=dc97d517:520
[   95807ms] [ERROR] Warning: Encountered two children with the same key, `%s`. Keys should be unique so that components maintain their identity across updates. Non-unique keys may cause children to be duplicated and/or omitted — the behavior is unsupported and could change in a future version.%s Makkah Al-Mukarramah 
    at div
    at section
    at div
    at HomePage (http://localhost:5173/src/features/home/HomePage.jsx?t=1785108332662:37:33)
    at RenderedRoute (http://localhost:5173/node_modules/.vite/deps/react-router-dom.js?v=1f697ce1:4131:5)
    at Outlet (http://localhost:5173/node_modules/.vite/deps/react-router-dom.js?v=1f697ce1:4537:26)
    at main
    at div
    at MainLayout (http://localhost:5173/src/components/layout/MainLayout.jsx:33:39)
    at RenderedRoute (http://localhost:5173/node_modules/.vite/deps/react-router-dom.js?v=1f697ce1:4131:5)
    at Routes (http://localhost:5173/node_modules/.vite/deps/react-router-dom.js?v=1f697ce1:4601:5)
    at App
    at Router (http://localhost:5173/node_modules/.vite/deps/react-router-dom.js?v=1f697ce1:4544:15)
    at HashRouter (http://localhost:5173/node_modules/.vite/deps/react-router-dom.js?v=1f697ce1:5326:5) @ http://localhost:5173/node_modules/.vite/deps/chunk-NLPANMJC.js?v=dc97d517:520
[   95808ms] [ERROR] Warning: Encountered two children with the same key, `%s`. Keys should be unique so that components maintain their identity across updates. Non-unique keys may cause children to be duplicated and/or omitted — the behavior is unsupported and could change in a future version.%s Makkah Al-Mukarramah 
    at div
    at section
    at div
    at HomePage (http://localhost:5173/src/features/home/HomePage.jsx?t=1785108332662:37:33)
    at RenderedRoute (http://localhost:5173/node_modules/.vite/deps/react-router-dom.js?v=1f697ce1:4131:5)
    at Outlet (http://localhost:5173/node_modules/.vite/deps/react-router-dom.js?v=1f697ce1:4537:26)
    at main
    at div
    at MainLayout (http://localhost:5173/src/components/layout/MainLayout.jsx:33:39)
    at RenderedRoute (http://localhost:5173/node_modules/.vite/deps/react-router-dom.js?v=1f697ce1:4131:5)
    at Routes (http://localhost:5173/node_modules/.vite/deps/react-router-dom.js?v=1f697ce1:4601:5)
    at App
    at Router (http://localhost:5173/node_modules/.vite/deps/react-router-dom.js?v=1f697ce1:4544:15)
    at HashRouter (http://localhost:5173/node_modules/.vite/deps/react-router-dom.js?v=1f697ce1:5326:5) @ http://localhost:5173/node_modules/.vite/deps/chunk-NLPANMJC.js?v=dc97d517:520
[   95808ms] [ERROR] Warning: Encountered two children with the same key, `%s`. Keys should be unique so that components maintain their identity across updates. Non-unique keys may cause children to be duplicated and/or omitted — the behavior is unsupported and could change in a future version.%s Makkah Al-Mukarramah 
    at div
    at section
    at div
    at HomePage (http://localhost:5173/src/features/home/HomePage.jsx?t=1785108332662:37:33)
    at RenderedRoute (http://localhost:5173/node_modules/.vite/deps/react-router-dom.js?v=1f697ce1:4131:5)
    at Outlet (http://localhost:5173/node_modules/.vite/deps/react-router-dom.js?v=1f697ce1:4537:26)
    at main
    at div
    at MainLayout (http://localhost:5173/src/components/layout/MainLayout.jsx:33:39)
    at RenderedRoute (http://localhost:5173/node_modules/.vite/deps/react-router-dom.js?v=1f697ce1:4131:5)
    at Routes (http://localhost:5173/node_modules/.vite/deps/react-router-dom.js?v=1f697ce1:4601:5)
    at App
    at Router (http://localhost:5173/node_modules/.vite/deps/react-router-dom.js?v=1f697ce1:4544:15)
    at HashRouter (http://localhost:5173/node_modules/.vite/deps/react-router-dom.js?v=1f697ce1:5326:5) @ http://localhost:5173/node_modules/.vite/deps/chunk-NLPANMJC.js?v=dc97d517:520
[   95918ms] [ERROR] Warning: Encountered two children with the same key, `%s`. Keys should be unique so that components maintain their identity across updates. Non-unique keys may cause children to be duplicated and/or omitted — the behavior is unsupported and could change in a future version.%s Makkah Al-Mukarramah 
    at div
    at section
    at div
    at HomePage (http://localhost:5173/src/features/home/HomePage.jsx?t=1785108332662:37:33)
    at RenderedRoute (http://localhost:5173/node_modules/.vite/deps/react-router-dom.js?v=1f697ce1:4131:5)
    at Outlet (http://localhost:5173/node_modules/.vite/deps/react-router-dom.js?v=1f697ce1:4537:26)
    at main
    at div
    at MainLayout (http://localhost:5173/src/components/layout/MainLayout.jsx:33:39)
    at RenderedRoute (http://localhost:5173/node_modules/.vite/deps/react-router-dom.js?v=1f697ce1:4131:5)
    at Routes (http://localhost:5173/node_modules/.vite/deps/react-router-dom.js?v=1f697ce1:4601:5)
    at App
    at Router (http://localhost:5173/node_modules/.vite/deps/react-router-dom.js?v=1f697ce1:4544:15)
    at HashRouter (http://localhost:5173/node_modules/.vite/deps/react-router-dom.js?v=1f697ce1:5326:5) @ http://localhost:5173/node_modules/.vite/deps/chunk-NLPANMJC.js?v=dc97d517:520
[   95919ms] [ERROR] Warning: Encountered two children with the same key, `%s`. Keys should be unique so that components maintain their identity across updates. Non-unique keys may cause children to be duplicated and/or omitted — the behavior is unsupported and could change in a future version.%s Makkah Al-Mukarramah 
    at div
    at section
    at div
    at HomePage (http://localhost:5173/src/features/home/HomePage.jsx?t=1785108332662:37:33)
    at RenderedRoute (http://localhost:5173/node_modules/.vite/deps/react-router-dom.js?v=1f697ce1:4131:5)
    at Outlet (http://localhost:5173/node_modules/.vite/deps/react-router-dom.js?v=1f697ce1:4537:26)
    at main
    at div
    at MainLayout (http://localhost:5173/src/components/layout/MainLayout.jsx:33:39)
    at RenderedRoute (http://localhost:5173/node_modules/.vite/deps/react-router-dom.js?v=1f697ce1:4131:5)
    at Routes (http://localhost:5173/node_modules/.vite/deps/react-router-dom.js?v=1f697ce1:4601:5)
    at App
    at Router (http://localhost:5173/node_modules/.vite/deps/react-router-dom.js?v=1f697ce1:4544:15)
    at HashRouter (http://localhost:5173/node_modules/.vite/deps/react-router-dom.js?v=1f697ce1:5326:5) @ http://localhost:5173/node_modules/.vite/deps/chunk-NLPANMJC.js?v=dc97d517:520
[   95919ms] [ERROR] Warning: Encountered two children with the same key, `%s`. Keys should be unique so that components maintain their identity across updates. Non-unique keys may cause children to be duplicated and/or omitted — the behavior is unsupported and could change in a future version.%s Makkah Al-Mukarramah 
    at div
    at section
    at div
    at HomePage (http://localhost:5173/src/features/home/HomePage.jsx?t=1785108332662:37:33)
    at RenderedRoute (http://localhost:5173/node_modules/.vite/deps/react-router-dom.js?v=1f697ce1:4131:5)
    at Outlet (http://localhost:5173/node_modules/.vite/deps/react-router-dom.js?v=1f697ce1:4537:26)
    at main
    at div
    at MainLayout (http://localhost:5173/src/components/layout/MainLayout.jsx:33:39)
    at RenderedRoute (http://localhost:5173/node_modules/.vite/deps/react-router-dom.js?v=1f697ce1:4131:5)
    at Routes (http://localhost:5173/node_modules/.vite/deps/react-router-dom.js?v=1f697ce1:4601:5)
    at App
    at Router (http://localhost:5173/node_modules/.vite/deps/react-router-dom.js?v=1f697ce1:4544:15)
    at HashRouter (http://localhost:5173/node_modules/.vite/deps/react-router-dom.js?v=1f697ce1:5326:5) @ http://localhost:5173/node_modules/.vite/deps/chunk-NLPANMJC.js?v=dc97d517:520
[   96196ms] [ERROR] Warning: Encountered two children with the same key, `%s`. Keys should be unique so that components maintain their identity across updates. Non-unique keys may cause children to be duplicated and/or omitted — the behavior is unsupported and could change in a future version.%s Makkah Al-Mukarramah 
    at div
    at section
    at div
    at HomePage (http://localhost:5173/src/features/home/HomePage.jsx?t=1785108332662:37:33)
    at RenderedRoute (http://localhost:5173/node_modules/.vite/deps/react-router-dom.js?v=1f697ce1:4131:5)
    at Outlet (http://localhost:5173/node_modules/.vite/deps/react-router-dom.js?v=1f697ce1:4537:26)
    at main
    at div
    at MainLayout (http://localhost:5173/src/components/layout/MainLayout.jsx:33:39)
    at RenderedRoute (http://localhost:5173/node_modules/.vite/deps/react-router-dom.js?v=1f697ce1:4131:5)
    at Routes (http://localhost:5173/node_modules/.vite/deps/react-router-dom.js?v=1f697ce1:4601:5)
    at App
    at Router (http://localhost:5173/node_modules/.vite/deps/react-router-dom.js?v=1f697ce1:4544:15)
    at HashRouter (http://localhost:5173/node_modules/.vite/deps/react-router-dom.js?v=1f697ce1:5326:5) @ http://localhost:5173/node_modules/.vite/deps/chunk-NLPANMJC.js?v=dc97d517:520
[   96197ms] [ERROR] Warning: Encountered two children with the same key, `%s`. Keys should be unique so that components maintain their identity across updates. Non-unique keys may cause children to be duplicated and/or omitted — the behavior is unsupported and could change in a future version.%s Makkah Al-Mukarramah 
    at div
    at section
    at div
    at HomePage (http://localhost:5173/src/features/home/HomePage.jsx?t=1785108332662:37:33)
    at RenderedRoute (http://localhost:5173/node_modules/.vite/deps/react-router-dom.js?v=1f697ce1:4131:5)
    at Outlet (http://localhost:5173/node_modules/.vite/deps/react-router-dom.js?v=1f697ce1:4537:26)
    at main
    at div
    at MainLayout (http://localhost:5173/src/components/layout/MainLayout.jsx:33:39)
    at RenderedRoute (http://localhost:5173/node_modules/.vite/deps/react-router-dom.js?v=1f697ce1:4131:5)
    at Routes (http://localhost:5173/node_modules/.vite/deps/react-router-dom.js?v=1f697ce1:4601:5)
    at App
    at Router (http://localhost:5173/node_modules/.vite/deps/react-router-dom.js?v=1f697ce1:4544:15)
    at HashRouter (http://localhost:5173/node_modules/.vite/deps/react-router-dom.js?v=1f697ce1:5326:5) @ http://localhost:5173/node_modules/.vite/deps/chunk-NLPANMJC.js?v=dc97d517:520
[   96197ms] [ERROR] Warning: Encountered two children with the same key, `%s`. Keys should be unique so that components maintain their identity across updates. Non-unique keys may cause children to be duplicated and/or omitted — the behavior is unsupported and could change in a future version.%s Makkah Al-Mukarramah 
    at div
    at section
    at div
    at HomePage (http://localhost:5173/src/features/home/HomePage.jsx?t=1785108332662:37:33)
    at RenderedRoute (http://localhost:5173/node_modules/.vite/deps/react-router-dom.js?v=1f697ce1:4131:5)
    at Outlet (http://localhost:5173/node_modules/.vite/deps/react-router-dom.js?v=1f697ce1:4537:26)
    at main
    at div
    at MainLayout (http://localhost:5173/src/components/layout/MainLayout.jsx:33:39)
    at RenderedRoute (http://localhost:5173/node_modules/.vite/deps/react-router-dom.js?v=1f697ce1:4131:5)
    at Routes (http://localhost:5173/node_modules/.vite/deps/react-router-dom.js?v=1f697ce1:4601:5)
    at App
    at Router (http://localhost:5173/node_modules/.vite/deps/react-router-dom.js?v=1f697ce1:4544:15)
    at HashRouter (http://localhost:5173/node_modules/.vite/deps/react-router-dom.js?v=1f697ce1:5326:5) @ http://localhost:5173/node_modules/.vite/deps/chunk-NLPANMJC.js?v=dc97d517:520
[   99920ms] [ERROR] Warning: Encountered two children with the same key, `%s`. Keys should be unique so that components maintain their identity across updates. Non-unique keys may cause children to be duplicated and/or omitted — the behavior is unsupported and could change in a future version.%s Makkah Al-Mukarramah 
    at div
    at section
    at div
    at HomePage (http://localhost:5173/src/features/home/HomePage.jsx?t=1785108332662:37:33)
    at RenderedRoute (http://localhost:5173/node_modules/.vite/deps/react-router-dom.js?v=1f697ce1:4131:5)
    at Outlet (http://localhost:5173/node_modules/.vite/deps/react-router-dom.js?v=1f697ce1:4537:26)
    at main
    at div
    at MainLayout (http://localhost:5173/src/components/layout/MainLayout.jsx:33:39)
    at RenderedRoute (http://localhost:5173/node_modules/.vite/deps/react-router-dom.js?v=1f697ce1:4131:5)
    at Routes (http://localhost:5173/node_modules/.vite/deps/react-router-dom.js?v=1f697ce1:4601:5)
    at App
    at Router (http://localhost:5173/node_modules/.vite/deps/react-router-dom.js?v=1f697ce1:4544:15)
    at HashRouter (http://localhost:5173/node_modules/.vite/deps/react-router-dom.js?v=1f697ce1:5326:5) @ http://localhost:5173/node_modules/.vite/deps/chunk-NLPANMJC.js?v=dc97d517:520
[   99921ms] [ERROR] Warning: Encountered two children with the same key, `%s`. Keys should be unique so that components maintain their identity across updates. Non-unique keys may cause children to be duplicated and/or omitted — the behavior is unsupported and could change in a future version.%s Makkah Al-Mukarramah 
    at div
    at section
    at div
    at HomePage (http://localhost:5173/src/features/home/HomePage.jsx?t=1785108332662:37:33)
    at RenderedRoute (http://localhost:5173/node_modules/.vite/deps/react-router-dom.js?v=1f697ce1:4131:5)
    at Outlet (http://localhost:5173/node_modules/.vite/deps/react-router-dom.js?v=1f697ce1:4537:26)
    at main
    at div
    at MainLayout (http://localhost:5173/src/components/layout/MainLayout.jsx:33:39)
    at RenderedRoute (http://localhost:5173/node_modules/.vite/deps/react-router-dom.js?v=1f697ce1:4131:5)
    at Routes (http://localhost:5173/node_modules/.vite/deps/react-router-dom.js?v=1f697ce1:4601:5)
    at App
    at Router (http://localhost:5173/node_modules/.vite/deps/react-router-dom.js?v=1f697ce1:4544:15)
    at HashRouter (http://localhost:5173/node_modules/.vite/deps/react-router-dom.js?v=1f697ce1:5326:5) @ http://localhost:5173/node_modules/.vite/deps/chunk-NLPANMJC.js?v=dc97d517:520
[   99921ms] [ERROR] Warning: Encountered two children with the same key, `%s`. Keys should be unique so that components maintain their identity across updates. Non-unique keys may cause children to be duplicated and/or omitted — the behavior is unsupported and could change in a future version.%s Makkah Al-Mukarramah 
    at div
    at section
    at div
    at HomePage (http://localhost:5173/src/features/home/HomePage.jsx?t=1785108332662:37:33)
    at RenderedRoute (http://localhost:5173/node_modules/.vite/deps/react-router-dom.js?v=1f697ce1:4131:5)
    at Outlet (http://localhost:5173/node_modules/.vite/deps/react-router-dom.js?v=1f697ce1:4537:26)
    at main
    at div
    at MainLayout (http://localhost:5173/src/components/layout/MainLayout.jsx:33:39)
    at RenderedRoute (http://localhost:5173/node_modules/.vite/deps/react-router-dom.js?v=1f697ce1:4131:5)
    at Routes (http://localhost:5173/node_modules/.vite/deps/react-router-dom.js?v=1f697ce1:4601:5)
    at App
    at Router (http://localhost:5173/node_modules/.vite/deps/react-router-dom.js?v=1f697ce1:4544:15)
    at HashRouter (http://localhost:5173/node_modules/.vite/deps/react-router-dom.js?v=1f697ce1:5326:5) @ http://localhost:5173/node_modules/.vite/deps/chunk-NLPANMJC.js?v=dc97d517:520
[   99940ms] [ERROR] Warning: Encountered two children with the same key, `%s`. Keys should be unique so that components maintain their identity across updates. Non-unique keys may cause children to be duplicated and/or omitted — the behavior is unsupported and could change in a future version.%s Makkah Al-Mukarramah 
    at div
    at section
    at div
    at HomePage (http://localhost:5173/src/features/home/HomePage.jsx?t=1785108332662:37:33)
    at RenderedRoute (http://localhost:5173/node_modules/.vite/deps/react-router-dom.js?v=1f697ce1:4131:5)
    at Outlet (http://localhost:5173/node_modules/.vite/deps/react-router-dom.js?v=1f697ce1:4537:26)
    at main
    at div
    at MainLayout (http://localhost:5173/src/components/layout/MainLayout.jsx:33:39)
    at RenderedRoute (http://localhost:5173/node_modules/.vite/deps/react-router-dom.js?v=1f697ce1:4131:5)
    at Routes (http://localhost:5173/node_modules/.vite/deps/react-router-dom.js?v=1f697ce1:4601:5)
    at App
    at Router (http://localhost:5173/node_modules/.vite/deps/react-router-dom.js?v=1f697ce1:4544:15)
    at HashRouter (http://localhost:5173/node_modules/.vite/deps/react-router-dom.js?v=1f697ce1:5326:5) @ http://localhost:5173/node_modules/.vite/deps/chunk-NLPANMJC.js?v=dc97d517:520
[   99940ms] [ERROR] Warning: Encountered two children with the same key, `%s`. Keys should be unique so that components maintain their identity across updates. Non-unique keys may cause children to be duplicated and/or omitted — the behavior is unsupported and could change in a future version.%s Makkah Al-Mukarramah 
    at div
    at section
    at div
    at HomePage (http://localhost:5173/src/features/home/HomePage.jsx?t=1785108332662:37:33)
    at RenderedRoute (http://localhost:5173/node_modules/.vite/deps/react-router-dom.js?v=1f697ce1:4131:5)
    at Outlet (http://localhost:5173/node_modules/.vite/deps/react-router-dom.js?v=1f697ce1:4537:26)
    at main
    at div
    at MainLayout (http://localhost:5173/src/components/layout/MainLayout.jsx:33:39)
    at RenderedRoute (http://localhost:5173/node_modules/.vite/deps/react-router-dom.js?v=1f697ce1:4131:5)
    at Routes (http://localhost:5173/node_modules/.vite/deps/react-router-dom.js?v=1f697ce1:4601:5)
    at App
    at Router (http://localhost:5173/node_modules/.vite/deps/react-router-dom.js?v=1f697ce1:4544:15)
    at HashRouter (http://localhost:5173/node_modules/.vite/deps/react-router-dom.js?v=1f697ce1:5326:5) @ http://localhost:5173/node_modules/.vite/deps/chunk-NLPANMJC.js?v=dc97d517:520
[   99941ms] [ERROR] Warning: Encountered two children with the same key, `%s`. Keys should be unique so that components maintain their identity across updates. Non-unique keys may cause children to be duplicated and/or omitted — the behavior is unsupported and could change in a future version.%s Makkah Al-Mukarramah 
    at div
    at section
    at div
    at HomePage (http://localhost:5173/src/features/home/HomePage.jsx?t=1785108332662:37:33)
    at RenderedRoute (http://localhost:5173/node_modules/.vite/deps/react-router-dom.js?v=1f697ce1:4131:5)
    at Outlet (http://localhost:5173/node_modules/.vite/deps/react-router-dom.js?v=1f697ce1:4537:26)
    at main
    at div
    at MainLayout (http://localhost:5173/src/components/layout/MainLayout.jsx:33:39)
    at RenderedRoute (http://localhost:5173/node_modules/.vite/deps/react-router-dom.js?v=1f697ce1:4131:5)
    at Routes (http://localhost:5173/node_modules/.vite/deps/react-router-dom.js?v=1f697ce1:4601:5)
    at App
    at Router (http://localhost:5173/node_modules/.vite/deps/react-router-dom.js?v=1f697ce1:4544:15)
    at HashRouter (http://localhost:5173/node_modules/.vite/deps/react-router-dom.js?v=1f697ce1:5326:5) @ http://localhost:5173/node_modules/.vite/deps/chunk-NLPANMJC.js?v=dc97d517:520
[  100057ms] [ERROR] Warning: Encountered two children with the same key, `%s`. Keys should be unique so that components maintain their identity across updates. Non-unique keys may cause children to be duplicated and/or omitted — the behavior is unsupported and could change in a future version.%s Makkah Al-Mukarramah 
    at div
    at section
    at div
    at HomePage (http://localhost:5173/src/features/home/HomePage.jsx?t=1785108332662:37:33)
    at RenderedRoute (http://localhost:5173/node_modules/.vite/deps/react-router-dom.js?v=1f697ce1:4131:5)
    at Outlet (http://localhost:5173/node_modules/.vite/deps/react-router-dom.js?v=1f697ce1:4537:26)
    at main
    at div
    at MainLayout (http://localhost:5173/src/components/layout/MainLayout.jsx:33:39)
    at RenderedRoute (http://localhost:5173/node_modules/.vite/deps/react-router-dom.js?v=1f697ce1:4131:5)
    at Routes (http://localhost:5173/node_modules/.vite/deps/react-router-dom.js?v=1f697ce1:4601:5)
    at App
    at Router (http://localhost:5173/node_modules/.vite/deps/react-router-dom.js?v=1f697ce1:4544:15)
    at HashRouter (http://localhost:5173/node_modules/.vite/deps/react-router-dom.js?v=1f697ce1:5326:5) @ http://localhost:5173/node_modules/.vite/deps/chunk-NLPANMJC.js?v=dc97d517:520
[  100057ms] [ERROR] Warning: Encountered two children with the same key, `%s`. Keys should be unique so that components maintain their identity across updates. Non-unique keys may cause children to be duplicated and/or omitted — the behavior is unsupported and could change in a future version.%s Makkah Al-Mukarramah 
    at div
    at section
    at div
    at HomePage (http://localhost:5173/src/features/home/HomePage.jsx?t=1785108332662:37:33)
    at RenderedRoute (http://localhost:5173/node_modules/.vite/deps/react-router-dom.js?v=1f697ce1:4131:5)
    at Outlet (http://localhost:5173/node_modules/.vite/deps/react-router-dom.js?v=1f697ce1:4537:26)
    at main
    at div
    at MainLayout (http://localhost:5173/src/components/layout/MainLayout.jsx:33:39)
    at RenderedRoute (http://localhost:5173/node_modules/.vite/deps/react-router-dom.js?v=1f697ce1:4131:5)
    at Routes (http://localhost:5173/node_modules/.vite/deps/react-router-dom.js?v=1f697ce1:4601:5)
    at App
    at Router (http://localhost:5173/node_modules/.vite/deps/react-router-dom.js?v=1f697ce1:4544:15)
    at HashRouter (http://localhost:5173/node_modules/.vite/deps/react-router-dom.js?v=1f697ce1:5326:5) @ http://localhost:5173/node_modules/.vite/deps/chunk-NLPANMJC.js?v=dc97d517:520
[  100057ms] [ERROR] Warning: Encountered two children with the same key, `%s`. Keys should be unique so that components maintain their identity across updates. Non-unique keys may cause children to be duplicated and/or omitted — the behavior is unsupported and could change in a future version.%s Makkah Al-Mukarramah 
    at div
    at section
    at div
    at HomePage (http://localhost:5173/src/features/home/HomePage.jsx?t=1785108332662:37:33)
    at RenderedRoute (http://localhost:5173/node_modules/.vite/deps/react-router-dom.js?v=1f697ce1:4131:5)
    at Outlet (http://localhost:5173/node_modules/.vite/deps/react-router-dom.js?v=1f697ce1:4537:26)
    at main
    at div
    at MainLayout (http://localhost:5173/src/components/layout/MainLayout.jsx:33:39)
    at RenderedRoute (http://localhost:5173/node_modules/.vite/deps/react-router-dom.js?v=1f697ce1:4131:5)
    at Routes (http://localhost:5173/node_modules/.vite/deps/react-router-dom.js?v=1f697ce1:4601:5)
    at App
    at Router (http://localhost:5173/node_modules/.vite/deps/react-router-dom.js?v=1f697ce1:4544:15)
    at HashRouter (http://localhost:5173/node_modules/.vite/deps/react-router-dom.js?v=1f697ce1:5326:5) @ http://localhost:5173/node_modules/.vite/deps/chunk-NLPANMJC.js?v=dc97d517:520
[  104413ms] [ERROR] Warning: Encountered two children with the same key, `%s`. Keys should be unique so that components maintain their identity across updates. Non-unique keys may cause children to be duplicated and/or omitted — the behavior is unsupported and could change in a future version.%s Makkah Al-Mukarramah 
    at div
    at section
    at div
    at HomePage (http://localhost:5173/src/features/home/HomePage.jsx?t=1785108332662:37:33)
    at RenderedRoute (http://localhost:5173/node_modules/.vite/deps/react-router-dom.js?v=1f697ce1:4131:5)
    at Outlet (http://localhost:5173/node_modules/.vite/deps/react-router-dom.js?v=1f697ce1:4537:26)
    at main
    at div
    at MainLayout (http://localhost:5173/src/components/layout/MainLayout.jsx:33:39)
    at RenderedRoute (http://localhost:5173/node_modules/.vite/deps/react-router-dom.js?v=1f697ce1:4131:5)
    at Routes (http://localhost:5173/node_modules/.vite/deps/react-router-dom.js?v=1f697ce1:4601:5)
    at App
    at Router (http://localhost:5173/node_modules/.vite/deps/react-router-dom.js?v=1f697ce1:4544:15)
    at HashRouter (http://localhost:5173/node_modules/.vite/deps/react-router-dom.js?v=1f697ce1:5326:5) @ http://localhost:5173/node_modules/.vite/deps/chunk-NLPANMJC.js?v=dc97d517:520
[  104413ms] [ERROR] Warning: Encountered two children with the same key, `%s`. Keys should be unique so that components maintain their identity across updates. Non-unique keys may cause children to be duplicated and/or omitted — the behavior is unsupported and could change in a future version.%s Makkah Al-Mukarramah 
    at div
    at section
    at div
    at HomePage (http://localhost:5173/src/features/home/HomePage.jsx?t=1785108332662:37:33)
    at RenderedRoute (http://localhost:5173/node_modules/.vite/deps/react-router-dom.js?v=1f697ce1:4131:5)
    at Outlet (http://localhost:5173/node_modules/.vite/deps/react-router-dom.js?v=1f697ce1:4537:26)
    at main
    at div
    at MainLayout (http://localhost:5173/src/components/layout/MainLayout.jsx:33:39)
    at RenderedRoute (http://localhost:5173/node_modules/.vite/deps/react-router-dom.js?v=1f697ce1:4131:5)
    at Routes (http://localhost:5173/node_modules/.vite/deps/react-router-dom.js?v=1f697ce1:4601:5)
    at App
    at Router (http://localhost:5173/node_modules/.vite/deps/react-router-dom.js?v=1f697ce1:4544:15)
    at HashRouter (http://localhost:5173/node_modules/.vite/deps/react-router-dom.js?v=1f697ce1:5326:5) @ http://localhost:5173/node_modules/.vite/deps/chunk-NLPANMJC.js?v=dc97d517:520
[  104413ms] [ERROR] Warning: Encountered two children with the same key, `%s`. Keys should be unique so that components maintain their identity across updates. Non-unique keys may cause children to be duplicated and/or omitted — the behavior is unsupported and could change in a future version.%s Makkah Al-Mukarramah 
    at div
    at section
    at div
    at HomePage (http://localhost:5173/src/features/home/HomePage.jsx?t=1785108332662:37:33)
    at RenderedRoute (http://localhost:5173/node_modules/.vite/deps/react-router-dom.js?v=1f697ce1:4131:5)
    at Outlet (http://localhost:5173/node_modules/.vite/deps/react-router-dom.js?v=1f697ce1:4537:26)
    at main
    at div
    at MainLayout (http://localhost:5173/src/components/layout/MainLayout.jsx:33:39)
    at RenderedRoute (http://localhost:5173/node_modules/.vite/deps/react-router-dom.js?v=1f697ce1:4131:5)
    at Routes (http://localhost:5173/node_modules/.vite/deps/react-router-dom.js?v=1f697ce1:4601:5)
    at App
    at Router (http://localhost:5173/node_modules/.vite/deps/react-router-dom.js?v=1f697ce1:4544:15)
    at HashRouter (http://localhost:5173/node_modules/.vite/deps/react-router-dom.js?v=1f697ce1:5326:5) @ http://localhost:5173/node_modules/.vite/deps/chunk-NLPANMJC.js?v=dc97d517:520
[  104435ms] [ERROR] Warning: Encountered two children with the same key, `%s`. Keys should be unique so that components maintain their identity across updates. Non-unique keys may cause children to be duplicated and/or omitted — the behavior is unsupported and could change in a future version.%s Makkah Al-Mukarramah 
    at div
    at section
    at div
    at HomePage (http://localhost:5173/src/features/home/HomePage.jsx?t=1785108332662:37:33)
    at RenderedRoute (http://localhost:5173/node_modules/.vite/deps/react-router-dom.js?v=1f697ce1:4131:5)
    at Outlet (http://localhost:5173/node_modules/.vite/deps/react-router-dom.js?v=1f697ce1:4537:26)
    at main
    at div
    at MainLayout (http://localhost:5173/src/components/layout/MainLayout.jsx:33:39)
    at RenderedRoute (http://localhost:5173/node_modules/.vite/deps/react-router-dom.js?v=1f697ce1:4131:5)
    at Routes (http://localhost:5173/node_modules/.vite/deps/react-router-dom.js?v=1f697ce1:4601:5)
    at App
    at Router (http://localhost:5173/node_modules/.vite/deps/react-router-dom.js?v=1f697ce1:4544:15)
    at HashRouter (http://localhost:5173/node_modules/.vite/deps/react-router-dom.js?v=1f697ce1:5326:5) @ http://localhost:5173/node_modules/.vite/deps/chunk-NLPANMJC.js?v=dc97d517:520
[  104436ms] [ERROR] Warning: Encountered two children with the same key, `%s`. Keys should be unique so that components maintain their identity across updates. Non-unique keys may cause children to be duplicated and/or omitted — the behavior is unsupported and could change in a future version.%s Makkah Al-Mukarramah 
    at div
    at section
    at div
    at HomePage (http://localhost:5173/src/features/home/HomePage.jsx?t=1785108332662:37:33)
    at RenderedRoute (http://localhost:5173/node_modules/.vite/deps/react-router-dom.js?v=1f697ce1:4131:5)
    at Outlet (http://localhost:5173/node_modules/.vite/deps/react-router-dom.js?v=1f697ce1:4537:26)
    at main
    at div
    at MainLayout (http://localhost:5173/src/components/layout/MainLayout.jsx:33:39)
    at RenderedRoute (http://localhost:5173/node_modules/.vite/deps/react-router-dom.js?v=1f697ce1:4131:5)
    at Routes (http://localhost:5173/node_modules/.vite/deps/react-router-dom.js?v=1f697ce1:4601:5)
    at App
    at Router (http://localhost:5173/node_modules/.vite/deps/react-router-dom.js?v=1f697ce1:4544:15)
    at HashRouter (http://localhost:5173/node_modules/.vite/deps/react-router-dom.js?v=1f697ce1:5326:5) @ http://localhost:5173/node_modules/.vite/deps/chunk-NLPANMJC.js?v=dc97d517:520
[  104436ms] [ERROR] Warning: Encountered two children with the same key, `%s`. Keys should be unique so that components maintain their identity across updates. Non-unique keys may cause children to be duplicated and/or omitted — the behavior is unsupported and could change in a future version.%s Makkah Al-Mukarramah 
    at div
    at section
    at div
    at HomePage (http://localhost:5173/src/features/home/HomePage.jsx?t=1785108332662:37:33)
    at RenderedRoute (http://localhost:5173/node_modules/.vite/deps/react-router-dom.js?v=1f697ce1:4131:5)
    at Outlet (http://localhost:5173/node_modules/.vite/deps/react-router-dom.js?v=1f697ce1:4537:26)
    at main
    at div
    at MainLayout (http://localhost:5173/src/components/layout/MainLayout.jsx:33:39)
    at RenderedRoute (http://localhost:5173/node_modules/.vite/deps/react-router-dom.js?v=1f697ce1:4131:5)
    at Routes (http://localhost:5173/node_modules/.vite/deps/react-router-dom.js?v=1f697ce1:4601:5)
    at App
    at Router (http://localhost:5173/node_modules/.vite/deps/react-router-dom.js?v=1f697ce1:4544:15)
    at HashRouter (http://localhost:5173/node_modules/.vite/deps/react-router-dom.js?v=1f697ce1:5326:5) @ http://localhost:5173/node_modules/.vite/deps/chunk-NLPANMJC.js?v=dc97d517:520
[  104573ms] [ERROR] Warning: Encountered two children with the same key, `%s`. Keys should be unique so that components maintain their identity across updates. Non-unique keys may cause children to be duplicated and/or omitted — the behavior is unsupported and could change in a future version.%s Makkah Al-Mukarramah 
    at div
    at section
    at div
    at HomePage (http://localhost:5173/src/features/home/HomePage.jsx?t=1785108332662:37:33)
    at RenderedRoute (http://localhost:5173/node_modules/.vite/deps/react-router-dom.js?v=1f697ce1:4131:5)
    at Outlet (http://localhost:5173/node_modules/.vite/deps/react-router-dom.js?v=1f697ce1:4537:26)
    at main
    at div
    at MainLayout (http://localhost:5173/src/components/layout/MainLayout.jsx:33:39)
    at RenderedRoute (http://localhost:5173/node_modules/.vite/deps/react-router-dom.js?v=1f697ce1:4131:5)
    at Routes (http://localhost:5173/node_modules/.vite/deps/react-router-dom.js?v=1f697ce1:4601:5)
    at App
    at Router (http://localhost:5173/node_modules/.vite/deps/react-router-dom.js?v=1f697ce1:4544:15)
    at HashRouter (http://localhost:5173/node_modules/.vite/deps/react-router-dom.js?v=1f697ce1:5326:5) @ http://localhost:5173/node_modules/.vite/deps/chunk-NLPANMJC.js?v=dc97d517:520
[  104573ms] [ERROR] Warning: Encountered two children with the same key, `%s`. Keys should be unique so that components maintain their identity across updates. Non-unique keys may cause children to be duplicated and/or omitted — the behavior is unsupported and could change in a future version.%s Makkah Al-Mukarramah 
    at div
    at section
    at div
    at HomePage (http://localhost:5173/src/features/home/HomePage.jsx?t=1785108332662:37:33)
    at RenderedRoute (http://localhost:5173/node_modules/.vite/deps/react-router-dom.js?v=1f697ce1:4131:5)
    at Outlet (http://localhost:5173/node_modules/.vite/deps/react-router-dom.js?v=1f697ce1:4537:26)
    at main
    at div
    at MainLayout (http://localhost:5173/src/components/layout/MainLayout.jsx:33:39)
    at RenderedRoute (http://localhost:5173/node_modules/.vite/deps/react-router-dom.js?v=1f697ce1:4131:5)
    at Routes (http://localhost:5173/node_modules/.vite/deps/react-router-dom.js?v=1f697ce1:4601:5)
    at App
    at Router (http://localhost:5173/node_modules/.vite/deps/react-router-dom.js?v=1f697ce1:4544:15)
    at HashRouter (http://localhost:5173/node_modules/.vite/deps/react-router-dom.js?v=1f697ce1:5326:5) @ http://localhost:5173/node_modules/.vite/deps/chunk-NLPANMJC.js?v=dc97d517:520
[  104574ms] [ERROR] Warning: Encountered two children with the same key, `%s`. Keys should be unique so that components maintain their identity across updates. Non-unique keys may cause children to be duplicated and/or omitted — the behavior is unsupported and could change in a future version.%s Makkah Al-Mukarramah 
    at div
    at section
    at div
    at HomePage (http://localhost:5173/src/features/home/HomePage.jsx?t=1785108332662:37:33)
    at RenderedRoute (http://localhost:5173/node_modules/.vite/deps/react-router-dom.js?v=1f697ce1:4131:5)
    at Outlet (http://localhost:5173/node_modules/.vite/deps/react-router-dom.js?v=1f697ce1:4537:26)
    at main
    at div
    at MainLayout (http://localhost:5173/src/components/layout/MainLayout.jsx:33:39)
    at RenderedRoute (http://localhost:5173/node_modules/.vite/deps/react-router-dom.js?v=1f697ce1:4131:5)
    at Routes (http://localhost:5173/node_modules/.vite/deps/react-router-dom.js?v=1f697ce1:4601:5)
    at App
    at Router (http://localhost:5173/node_modules/.vite/deps/react-router-dom.js?v=1f697ce1:4544:15)
    at HashRouter (http://localhost:5173/node_modules/.vite/deps/react-router-dom.js?v=1f697ce1:5326:5) @ http://localhost:5173/node_modules/.vite/deps/chunk-NLPANMJC.js?v=dc97d517:520
[  108924ms] [ERROR] Warning: Encountered two children with the same key, `%s`. Keys should be unique so that components maintain their identity across updates. Non-unique keys may cause children to be duplicated and/or omitted — the behavior is unsupported and could change in a future version.%s Makkah Al-Mukarramah 
    at div
    at section
    at div
    at HomePage (http://localhost:5173/src/features/home/HomePage.jsx?t=1785108332662:37:33)
    at RenderedRoute (http://localhost:5173/node_modules/.vite/deps/react-router-dom.js?v=1f697ce1:4131:5)
    at Outlet (http://localhost:5173/node_modules/.vite/deps/react-router-dom.js?v=1f697ce1:4537:26)
    at main
    at div
    at MainLayout (http://localhost:5173/src/components/layout/MainLayout.jsx:33:39)
    at RenderedRoute (http://localhost:5173/node_modules/.vite/deps/react-router-dom.js?v=1f697ce1:4131:5)
    at Routes (http://localhost:5173/node_modules/.vite/deps/react-router-dom.js?v=1f697ce1:4601:5)
    at App
    at Router (http://localhost:5173/node_modules/.vite/deps/react-router-dom.js?v=1f697ce1:4544:15)
    at HashRouter (http://localhost:5173/node_modules/.vite/deps/react-router-dom.js?v=1f697ce1:5326:5) @ http://localhost:5173/node_modules/.vite/deps/chunk-NLPANMJC.js?v=dc97d517:520
[  108925ms] [ERROR] Warning: Encountered two children with the same key, `%s`. Keys should be unique so that components maintain their identity across updates. Non-unique keys may cause children to be duplicated and/or omitted — the behavior is unsupported and could change in a future version.%s Makkah Al-Mukarramah 
    at div
    at section
    at div
    at HomePage (http://localhost:5173/src/features/home/HomePage.jsx?t=1785108332662:37:33)
    at RenderedRoute (http://localhost:5173/node_modules/.vite/deps/react-router-dom.js?v=1f697ce1:4131:5)
    at Outlet (http://localhost:5173/node_modules/.vite/deps/react-router-dom.js?v=1f697ce1:4537:26)
    at main
    at div
    at MainLayout (http://localhost:5173/src/components/layout/MainLayout.jsx:33:39)
    at RenderedRoute (http://localhost:5173/node_modules/.vite/deps/react-router-dom.js?v=1f697ce1:4131:5)
    at Routes (http://localhost:5173/node_modules/.vite/deps/react-router-dom.js?v=1f697ce1:4601:5)
    at App
    at Router (http://localhost:5173/node_modules/.vite/deps/react-router-dom.js?v=1f697ce1:4544:15)
    at HashRouter (http://localhost:5173/node_modules/.vite/deps/react-router-dom.js?v=1f697ce1:5326:5) @ http://localhost:5173/node_modules/.vite/deps/chunk-NLPANMJC.js?v=dc97d517:520
[  108925ms] [ERROR] Warning: Encountered two children with the same key, `%s`. Keys should be unique so that components maintain their identity across updates. Non-unique keys may cause children to be duplicated and/or omitted — the behavior is unsupported and could change in a future version.%s Makkah Al-Mukarramah 
    at div
    at section
    at div
    at HomePage (http://localhost:5173/src/features/home/HomePage.jsx?t=1785108332662:37:33)
    at RenderedRoute (http://localhost:5173/node_modules/.vite/deps/react-router-dom.js?v=1f697ce1:4131:5)
    at Outlet (http://localhost:5173/node_modules/.vite/deps/react-router-dom.js?v=1f697ce1:4537:26)
    at main
    at div
    at MainLayout (http://localhost:5173/src/components/layout/MainLayout.jsx:33:39)
    at RenderedRoute (http://localhost:5173/node_modules/.vite/deps/react-router-dom.js?v=1f697ce1:4131:5)
    at Routes (http://localhost:5173/node_modules/.vite/deps/react-router-dom.js?v=1f697ce1:4601:5)
    at App
    at Router (http://localhost:5173/node_modules/.vite/deps/react-router-dom.js?v=1f697ce1:4544:15)
    at HashRouter (http://localhost:5173/node_modules/.vite/deps/react-router-dom.js?v=1f697ce1:5326:5) @ http://localhost:5173/node_modules/.vite/deps/chunk-NLPANMJC.js?v=dc97d517:520
[  108965ms] [ERROR] Warning: Encountered two children with the same key, `%s`. Keys should be unique so that components maintain their identity across updates. Non-unique keys may cause children to be duplicated and/or omitted — the behavior is unsupported and could change in a future version.%s Makkah Al-Mukarramah 
    at div
    at section
    at div
    at HomePage (http://localhost:5173/src/features/home/HomePage.jsx?t=1785108332662:37:33)
    at RenderedRoute (http://localhost:5173/node_modules/.vite/deps/react-router-dom.js?v=1f697ce1:4131:5)
    at Outlet (http://localhost:5173/node_modules/.vite/deps/react-router-dom.js?v=1f697ce1:4537:26)
    at main
    at div
    at MainLayout (http://localhost:5173/src/components/layout/MainLayout.jsx:33:39)
    at RenderedRoute (http://localhost:5173/node_modules/.vite/deps/react-router-dom.js?v=1f697ce1:4131:5)
    at Routes (http://localhost:5173/node_modules/.vite/deps/react-router-dom.js?v=1f697ce1:4601:5)
    at App
    at Router (http://localhost:5173/node_modules/.vite/deps/react-router-dom.js?v=1f697ce1:4544:15)
    at HashRouter (http://localhost:5173/node_modules/.vite/deps/react-router-dom.js?v=1f697ce1:5326:5) @ http://localhost:5173/node_modules/.vite/deps/chunk-NLPANMJC.js?v=dc97d517:520
[  108966ms] [ERROR] Warning: Encountered two children with the same key, `%s`. Keys should be unique so that components maintain their identity across updates. Non-unique keys may cause children to be duplicated and/or omitted — the behavior is unsupported and could change in a future version.%s Makkah Al-Mukarramah 
    at div
    at section
    at div
    at HomePage (http://localhost:5173/src/features/home/HomePage.jsx?t=1785108332662:37:33)
    at RenderedRoute (http://localhost:5173/node_modules/.vite/deps/react-router-dom.js?v=1f697ce1:4131:5)
    at Outlet (http://localhost:5173/node_modules/.vite/deps/react-router-dom.js?v=1f697ce1:4537:26)
    at main
    at div
    at MainLayout (http://localhost:5173/src/components/layout/MainLayout.jsx:33:39)
    at RenderedRoute (http://localhost:5173/node_modules/.vite/deps/react-router-dom.js?v=1f697ce1:4131:5)
    at Routes (http://localhost:5173/node_modules/.vite/deps/react-router-dom.js?v=1f697ce1:4601:5)
    at App
    at Router (http://localhost:5173/node_modules/.vite/deps/react-router-dom.js?v=1f697ce1:4544:15)
    at HashRouter (http://localhost:5173/node_modules/.vite/deps/react-router-dom.js?v=1f697ce1:5326:5) @ http://localhost:5173/node_modules/.vite/deps/chunk-NLPANMJC.js?v=dc97d517:520
[  108967ms] [ERROR] Warning: Encountered two children with the same key, `%s`. Keys should be unique so that components maintain their identity across updates. Non-unique keys may cause children to be duplicated and/or omitted — the behavior is unsupported and could change in a future version.%s Makkah Al-Mukarramah 
    at div
    at section
    at div
    at HomePage (http://localhost:5173/src/features/home/HomePage.jsx?t=1785108332662:37:33)
    at RenderedRoute (http://localhost:5173/node_modules/.vite/deps/react-router-dom.js?v=1f697ce1:4131:5)
    at Outlet (http://localhost:5173/node_modules/.vite/deps/react-router-dom.js?v=1f697ce1:4537:26)
    at main
    at div
    at MainLayout (http://localhost:5173/src/components/layout/MainLayout.jsx:33:39)
    at RenderedRoute (http://localhost:5173/node_modules/.vite/deps/react-router-dom.js?v=1f697ce1:4131:5)
    at Routes (http://localhost:5173/node_modules/.vite/deps/react-router-dom.js?v=1f697ce1:4601:5)
    at App
    at Router (http://localhost:5173/node_modules/.vite/deps/react-router-dom.js?v=1f697ce1:4544:15)
    at HashRouter (http://localhost:5173/node_modules/.vite/deps/react-router-dom.js?v=1f697ce1:5326:5) @ http://localhost:5173/node_modules/.vite/deps/chunk-NLPANMJC.js?v=dc97d517:520
[  109090ms] [ERROR] Warning: Encountered two children with the same key, `%s`. Keys should be unique so that components maintain their identity across updates. Non-unique keys may cause children to be duplicated and/or omitted — the behavior is unsupported and could change in a future version.%s Makkah Al-Mukarramah 
    at div
    at section
    at div
    at HomePage (http://localhost:5173/src/features/home/HomePage.jsx?t=1785108332662:37:33)
    at RenderedRoute (http://localhost:5173/node_modules/.vite/deps/react-router-dom.js?v=1f697ce1:4131:5)
    at Outlet (http://localhost:5173/node_modules/.vite/deps/react-router-dom.js?v=1f697ce1:4537:26)
    at main
    at div
    at MainLayout (http://localhost:5173/src/components/layout/MainLayout.jsx:33:39)
    at RenderedRoute (http://localhost:5173/node_modules/.vite/deps/react-router-dom.js?v=1f697ce1:4131:5)
    at Routes (http://localhost:5173/node_modules/.vite/deps/react-router-dom.js?v=1f697ce1:4601:5)
    at App
    at Router (http://localhost:5173/node_modules/.vite/deps/react-router-dom.js?v=1f697ce1:4544:15)
    at HashRouter (http://localhost:5173/node_modules/.vite/deps/react-router-dom.js?v=1f697ce1:5326:5) @ http://localhost:5173/node_modules/.vite/deps/chunk-NLPANMJC.js?v=dc97d517:520
[  109090ms] [ERROR] Warning: Encountered two children with the same key, `%s`. Keys should be unique so that components maintain their identity across updates. Non-unique keys may cause children to be duplicated and/or omitted — the behavior is unsupported and could change in a future version.%s Makkah Al-Mukarramah 
    at div
    at section
    at div
    at HomePage (http://localhost:5173/src/features/home/HomePage.jsx?t=1785108332662:37:33)
    at RenderedRoute (http://localhost:5173/node_modules/.vite/deps/react-router-dom.js?v=1f697ce1:4131:5)
    at Outlet (http://localhost:5173/node_modules/.vite/deps/react-router-dom.js?v=1f697ce1:4537:26)
    at main
    at div
    at MainLayout (http://localhost:5173/src/components/layout/MainLayout.jsx:33:39)
    at RenderedRoute (http://localhost:5173/node_modules/.vite/deps/react-router-dom.js?v=1f697ce1:4131:5)
    at Routes (http://localhost:5173/node_modules/.vite/deps/react-router-dom.js?v=1f697ce1:4601:5)
    at App
    at Router (http://localhost:5173/node_modules/.vite/deps/react-router-dom.js?v=1f697ce1:4544:15)
    at HashRouter (http://localhost:5173/node_modules/.vite/deps/react-router-dom.js?v=1f697ce1:5326:5) @ http://localhost:5173/node_modules/.vite/deps/chunk-NLPANMJC.js?v=dc97d517:520
[  109090ms] [ERROR] Warning: Encountered two children with the same key, `%s`. Keys should be unique so that components maintain their identity across updates. Non-unique keys may cause children to be duplicated and/or omitted — the behavior is unsupported and could change in a future version.%s Makkah Al-Mukarramah 
    at div
    at section
    at div
    at HomePage (http://localhost:5173/src/features/home/HomePage.jsx?t=1785108332662:37:33)
    at RenderedRoute (http://localhost:5173/node_modules/.vite/deps/react-router-dom.js?v=1f697ce1:4131:5)
    at Outlet (http://localhost:5173/node_modules/.vite/deps/react-router-dom.js?v=1f697ce1:4537:26)
    at main
    at div
    at MainLayout (http://localhost:5173/src/components/layout/MainLayout.jsx:33:39)
    at RenderedRoute (http://localhost:5173/node_modules/.vite/deps/react-router-dom.js?v=1f697ce1:4131:5)
    at Routes (http://localhost:5173/node_modules/.vite/deps/react-router-dom.js?v=1f697ce1:4601:5)
    at App
    at Router (http://localhost:5173/node_modules/.vite/deps/react-router-dom.js?v=1f697ce1:4544:15)
    at HashRouter (http://localhost:5173/node_modules/.vite/deps/react-router-dom.js?v=1f697ce1:5326:5) @ http://localhost:5173/node_modules/.vite/deps/chunk-NLPANMJC.js?v=dc97d517:520
[  113419ms] [ERROR] Warning: Encountered two children with the same key, `%s`. Keys should be unique so that components maintain their identity across updates. Non-unique keys may cause children to be duplicated and/or omitted — the behavior is unsupported and could change in a future version.%s Makkah Al-Mukarramah 
    at div
    at section
    at div
    at HomePage (http://localhost:5173/src/features/home/HomePage.jsx?t=1785108332662:37:33)
    at RenderedRoute (http://localhost:5173/node_modules/.vite/deps/react-router-dom.js?v=1f697ce1:4131:5)
    at Outlet (http://localhost:5173/node_modules/.vite/deps/react-router-dom.js?v=1f697ce1:4537:26)
    at main
    at div
    at MainLayout (http://localhost:5173/src/components/layout/MainLayout.jsx:33:39)
    at RenderedRoute (http://localhost:5173/node_modules/.vite/deps/react-router-dom.js?v=1f697ce1:4131:5)
    at Routes (http://localhost:5173/node_modules/.vite/deps/react-router-dom.js?v=1f697ce1:4601:5)
    at App
    at Router (http://localhost:5173/node_modules/.vite/deps/react-router-dom.js?v=1f697ce1:4544:15)
    at HashRouter (http://localhost:5173/node_modules/.vite/deps/react-router-dom.js?v=1f697ce1:5326:5) @ http://localhost:5173/node_modules/.vite/deps/chunk-NLPANMJC.js?v=dc97d517:520
[  113419ms] [ERROR] Warning: Encountered two children with the same key, `%s`. Keys should be unique so that components maintain their identity across updates. Non-unique keys may cause children to be duplicated and/or omitted — the behavior is unsupported and could change in a future version.%s Makkah Al-Mukarramah 
    at div
    at section
    at div
    at HomePage (http://localhost:5173/src/features/home/HomePage.jsx?t=1785108332662:37:33)
    at RenderedRoute (http://localhost:5173/node_modules/.vite/deps/react-router-dom.js?v=1f697ce1:4131:5)
    at Outlet (http://localhost:5173/node_modules/.vite/deps/react-router-dom.js?v=1f697ce1:4537:26)
    at main
    at div
    at MainLayout (http://localhost:5173/src/components/layout/MainLayout.jsx:33:39)
    at RenderedRoute (http://localhost:5173/node_modules/.vite/deps/react-router-dom.js?v=1f697ce1:4131:5)
    at Routes (http://localhost:5173/node_modules/.vite/deps/react-router-dom.js?v=1f697ce1:4601:5)
    at App
    at Router (http://localhost:5173/node_modules/.vite/deps/react-router-dom.js?v=1f697ce1:4544:15)
    at HashRouter (http://localhost:5173/node_modules/.vite/deps/react-router-dom.js?v=1f697ce1:5326:5) @ http://localhost:5173/node_modules/.vite/deps/chunk-NLPANMJC.js?v=dc97d517:520
[  113420ms] [ERROR] Warning: Encountered two children with the same key, `%s`. Keys should be unique so that components maintain their identity across updates. Non-unique keys may cause children to be duplicated and/or omitted — the behavior is unsupported and could change in a future version.%s Makkah Al-Mukarramah 
    at div
    at section
    at div
    at HomePage (http://localhost:5173/src/features/home/HomePage.jsx?t=1785108332662:37:33)
    at RenderedRoute (http://localhost:5173/node_modules/.vite/deps/react-router-dom.js?v=1f697ce1:4131:5)
    at Outlet (http://localhost:5173/node_modules/.vite/deps/react-router-dom.js?v=1f697ce1:4537:26)
    at main
    at div
    at MainLayout (http://localhost:5173/src/components/layout/MainLayout.jsx:33:39)
    at RenderedRoute (http://localhost:5173/node_modules/.vite/deps/react-router-dom.js?v=1f697ce1:4131:5)
    at Routes (http://localhost:5173/node_modules/.vite/deps/react-router-dom.js?v=1f697ce1:4601:5)
    at App
    at Router (http://localhost:5173/node_modules/.vite/deps/react-router-dom.js?v=1f697ce1:4544:15)
    at HashRouter (http://localhost:5173/node_modules/.vite/deps/react-router-dom.js?v=1f697ce1:5326:5) @ http://localhost:5173/node_modules/.vite/deps/chunk-NLPANMJC.js?v=dc97d517:520
[  113440ms] [ERROR] Warning: Encountered two children with the same key, `%s`. Keys should be unique so that components maintain their identity across updates. Non-unique keys may cause children to be duplicated and/or omitted — the behavior is unsupported and could change in a future version.%s Makkah Al-Mukarramah 
    at div
    at section
    at div
    at HomePage (http://localhost:5173/src/features/home/HomePage.jsx?t=1785108332662:37:33)
    at RenderedRoute (http://localhost:5173/node_modules/.vite/deps/react-router-dom.js?v=1f697ce1:4131:5)
    at Outlet (http://localhost:5173/node_modules/.vite/deps/react-router-dom.js?v=1f697ce1:4537:26)
    at main
    at div
    at MainLayout (http://localhost:5173/src/components/layout/MainLayout.jsx:33:39)
    at RenderedRoute (http://localhost:5173/node_modules/.vite/deps/react-router-dom.js?v=1f697ce1:4131:5)
    at Routes (http://localhost:5173/node_modules/.vite/deps/react-router-dom.js?v=1f697ce1:4601:5)
    at App
    at Router (http://localhost:5173/node_modules/.vite/deps/react-router-dom.js?v=1f697ce1:4544:15)
    at HashRouter (http://localhost:5173/node_modules/.vite/deps/react-router-dom.js?v=1f697ce1:5326:5) @ http://localhost:5173/node_modules/.vite/deps/chunk-NLPANMJC.js?v=dc97d517:520
[  113441ms] [ERROR] Warning: Encountered two children with the same key, `%s`. Keys should be unique so that components maintain their identity across updates. Non-unique keys may cause children to be duplicated and/or omitted — the behavior is unsupported and could change in a future version.%s Makkah Al-Mukarramah 
    at div
    at section
    at div
    at HomePage (http://localhost:5173/src/features/home/HomePage.jsx?t=1785108332662:37:33)
    at RenderedRoute (http://localhost:5173/node_modules/.vite/deps/react-router-dom.js?v=1f697ce1:4131:5)
    at Outlet (http://localhost:5173/node_modules/.vite/deps/react-router-dom.js?v=1f697ce1:4537:26)
    at main
    at div
    at MainLayout (http://localhost:5173/src/components/layout/MainLayout.jsx:33:39)
    at RenderedRoute (http://localhost:5173/node_modules/.vite/deps/react-router-dom.js?v=1f697ce1:4131:5)
    at Routes (http://localhost:5173/node_modules/.vite/deps/react-router-dom.js?v=1f697ce1:4601:5)
    at App
    at Router (http://localhost:5173/node_modules/.vite/deps/react-router-dom.js?v=1f697ce1:4544:15)
    at HashRouter (http://localhost:5173/node_modules/.vite/deps/react-router-dom.js?v=1f697ce1:5326:5) @ http://localhost:5173/node_modules/.vite/deps/chunk-NLPANMJC.js?v=dc97d517:520
[  113441ms] [ERROR] Warning: Encountered two children with the same key, `%s`. Keys should be unique so that components maintain their identity across updates. Non-unique keys may cause children to be duplicated and/or omitted — the behavior is unsupported and could change in a future version.%s Makkah Al-Mukarramah 
    at div
    at section
    at div
    at HomePage (http://localhost:5173/src/features/home/HomePage.jsx?t=1785108332662:37:33)
    at RenderedRoute (http://localhost:5173/node_modules/.vite/deps/react-router-dom.js?v=1f697ce1:4131:5)
    at Outlet (http://localhost:5173/node_modules/.vite/deps/react-router-dom.js?v=1f697ce1:4537:26)
    at main
    at div
    at MainLayout (http://localhost:5173/src/components/layout/MainLayout.jsx:33:39)
    at RenderedRoute (http://localhost:5173/node_modules/.vite/deps/react-router-dom.js?v=1f697ce1:4131:5)
    at Routes (http://localhost:5173/node_modules/.vite/deps/react-router-dom.js?v=1f697ce1:4601:5)
    at App
    at Router (http://localhost:5173/node_modules/.vite/deps/react-router-dom.js?v=1f697ce1:4544:15)
    at HashRouter (http://localhost:5173/node_modules/.vite/deps/react-router-dom.js?v=1f697ce1:5326:5) @ http://localhost:5173/node_modules/.vite/deps/chunk-NLPANMJC.js?v=dc97d517:520
[  113579ms] [ERROR] Warning: Encountered two children with the same key, `%s`. Keys should be unique so that components maintain their identity across updates. Non-unique keys may cause children to be duplicated and/or omitted — the behavior is unsupported and could change in a future version.%s Makkah Al-Mukarramah 
    at div
    at section
    at div
    at HomePage (http://localhost:5173/src/features/home/HomePage.jsx?t=1785108332662:37:33)
    at RenderedRoute (http://localhost:5173/node_modules/.vite/deps/react-router-dom.js?v=1f697ce1:4131:5)
    at Outlet (http://localhost:5173/node_modules/.vite/deps/react-router-dom.js?v=1f697ce1:4537:26)
    at main
    at div
    at MainLayout (http://localhost:5173/src/components/layout/MainLayout.jsx:33:39)
    at RenderedRoute (http://localhost:5173/node_modules/.vite/deps/react-router-dom.js?v=1f697ce1:4131:5)
    at Routes (http://localhost:5173/node_modules/.vite/deps/react-router-dom.js?v=1f697ce1:4601:5)
    at App
    at Router (http://localhost:5173/node_modules/.vite/deps/react-router-dom.js?v=1f697ce1:4544:15)
    at HashRouter (http://localhost:5173/node_modules/.vite/deps/react-router-dom.js?v=1f697ce1:5326:5) @ http://localhost:5173/node_modules/.vite/deps/chunk-NLPANMJC.js?v=dc97d517:520
[  113580ms] [ERROR] Warning: Encountered two children with the same key, `%s`. Keys should be unique so that components maintain their identity across updates. Non-unique keys may cause children to be duplicated and/or omitted — the behavior is unsupported and could change in a future version.%s Makkah Al-Mukarramah 
    at div
    at section
    at div
    at HomePage (http://localhost:5173/src/features/home/HomePage.jsx?t=1785108332662:37:33)
    at RenderedRoute (http://localhost:5173/node_modules/.vite/deps/react-router-dom.js?v=1f697ce1:4131:5)
    at Outlet (http://localhost:5173/node_modules/.vite/deps/react-router-dom.js?v=1f697ce1:4537:26)
    at main
    at div
    at MainLayout (http://localhost:5173/src/components/layout/MainLayout.jsx:33:39)
    at RenderedRoute (http://localhost:5173/node_modules/.vite/deps/react-router-dom.js?v=1f697ce1:4131:5)
    at Routes (http://localhost:5173/node_modules/.vite/deps/react-router-dom.js?v=1f697ce1:4601:5)
    at App
    at Router (http://localhost:5173/node_modules/.vite/deps/react-router-dom.js?v=1f697ce1:4544:15)
    at HashRouter (http://localhost:5173/node_modules/.vite/deps/react-router-dom.js?v=1f697ce1:5326:5) @ http://localhost:5173/node_modules/.vite/deps/chunk-NLPANMJC.js?v=dc97d517:520
[  113580ms] [ERROR] Warning: Encountered two children with the same key, `%s`. Keys should be unique so that components maintain their identity across updates. Non-unique keys may cause children to be duplicated and/or omitted — the behavior is unsupported and could change in a future version.%s Makkah Al-Mukarramah 
    at div
    at section
    at div
    at HomePage (http://localhost:5173/src/features/home/HomePage.jsx?t=1785108332662:37:33)
    at RenderedRoute (http://localhost:5173/node_modules/.vite/deps/react-router-dom.js?v=1f697ce1:4131:5)
    at Outlet (http://localhost:5173/node_modules/.vite/deps/react-router-dom.js?v=1f697ce1:4537:26)
    at main
    at div
    at MainLayout (http://localhost:5173/src/components/layout/MainLayout.jsx:33:39)
    at RenderedRoute (http://localhost:5173/node_modules/.vite/deps/react-router-dom.js?v=1f697ce1:4131:5)
    at Routes (http://localhost:5173/node_modules/.vite/deps/react-router-dom.js?v=1f697ce1:4601:5)
    at App
    at Router (http://localhost:5173/node_modules/.vite/deps/react-router-dom.js?v=1f697ce1:4544:15)
    at HashRouter (http://localhost:5173/node_modules/.vite/deps/react-router-dom.js?v=1f697ce1:5326:5) @ http://localhost:5173/node_modules/.vite/deps/chunk-NLPANMJC.js?v=dc97d517:520
[  117919ms] [ERROR] Warning: Encountered two children with the same key, `%s`. Keys should be unique so that components maintain their identity across updates. Non-unique keys may cause children to be duplicated and/or omitted — the behavior is unsupported and could change in a future version.%s Makkah Al-Mukarramah 
    at div
    at section
    at div
    at HomePage (http://localhost:5173/src/features/home/HomePage.jsx?t=1785108332662:37:33)
    at RenderedRoute (http://localhost:5173/node_modules/.vite/deps/react-router-dom.js?v=1f697ce1:4131:5)
    at Outlet (http://localhost:5173/node_modules/.vite/deps/react-router-dom.js?v=1f697ce1:4537:26)
    at main
    at div
    at MainLayout (http://localhost:5173/src/components/layout/MainLayout.jsx:33:39)
    at RenderedRoute (http://localhost:5173/node_modules/.vite/deps/react-router-dom.js?v=1f697ce1:4131:5)
    at Routes (http://localhost:5173/node_modules/.vite/deps/react-router-dom.js?v=1f697ce1:4601:5)
    at App
    at Router (http://localhost:5173/node_modules/.vite/deps/react-router-dom.js?v=1f697ce1:4544:15)
    at HashRouter (http://localhost:5173/node_modules/.vite/deps/react-router-dom.js?v=1f697ce1:5326:5) @ http://localhost:5173/node_modules/.vite/deps/chunk-NLPANMJC.js?v=dc97d517:520
[  117920ms] [ERROR] Warning: Encountered two children with the same key, `%s`. Keys should be unique so that components maintain their identity across updates. Non-unique keys may cause children to be duplicated and/or omitted — the behavior is unsupported and could change in a future version.%s Makkah Al-Mukarramah 
    at div
    at section
    at div
    at HomePage (http://localhost:5173/src/features/home/HomePage.jsx?t=1785108332662:37:33)
    at RenderedRoute (http://localhost:5173/node_modules/.vite/deps/react-router-dom.js?v=1f697ce1:4131:5)
    at Outlet (http://localhost:5173/node_modules/.vite/deps/react-router-dom.js?v=1f697ce1:4537:26)
    at main
    at div
    at MainLayout (http://localhost:5173/src/components/layout/MainLayout.jsx:33:39)
    at RenderedRoute (http://localhost:5173/node_modules/.vite/deps/react-router-dom.js?v=1f697ce1:4131:5)
    at Routes (http://localhost:5173/node_modules/.vite/deps/react-router-dom.js?v=1f697ce1:4601:5)
    at App
    at Router (http://localhost:5173/node_modules/.vite/deps/react-router-dom.js?v=1f697ce1:4544:15)
    at HashRouter (http://localhost:5173/node_modules/.vite/deps/react-router-dom.js?v=1f697ce1:5326:5) @ http://localhost:5173/node_modules/.vite/deps/chunk-NLPANMJC.js?v=dc97d517:520
[  117920ms] [ERROR] Warning: Encountered two children with the same key, `%s`. Keys should be unique so that components maintain their identity across updates. Non-unique keys may cause children to be duplicated and/or omitted — the behavior is unsupported and could change in a future version.%s Makkah Al-Mukarramah 
    at div
    at section
    at div
    at HomePage (http://localhost:5173/src/features/home/HomePage.jsx?t=1785108332662:37:33)
    at RenderedRoute (http://localhost:5173/node_modules/.vite/deps/react-router-dom.js?v=1f697ce1:4131:5)
    at Outlet (http://localhost:5173/node_modules/.vite/deps/react-router-dom.js?v=1f697ce1:4537:26)
    at main
    at div
    at MainLayout (http://localhost:5173/src/components/layout/MainLayout.jsx:33:39)
    at RenderedRoute (http://localhost:5173/node_modules/.vite/deps/react-router-dom.js?v=1f697ce1:4131:5)
    at Routes (http://localhost:5173/node_modules/.vite/deps/react-router-dom.js?v=1f697ce1:4601:5)
    at App
    at Router (http://localhost:5173/node_modules/.vite/deps/react-router-dom.js?v=1f697ce1:4544:15)
    at HashRouter (http://localhost:5173/node_modules/.vite/deps/react-router-dom.js?v=1f697ce1:5326:5) @ http://localhost:5173/node_modules/.vite/deps/chunk-NLPANMJC.js?v=dc97d517:520
[  117938ms] [ERROR] Warning: Encountered two children with the same key, `%s`. Keys should be unique so that components maintain their identity across updates. Non-unique keys may cause children to be duplicated and/or omitted — the behavior is unsupported and could change in a future version.%s Makkah Al-Mukarramah 
    at div
    at section
    at div
    at HomePage (http://localhost:5173/src/features/home/HomePage.jsx?t=1785108332662:37:33)
    at RenderedRoute (http://localhost:5173/node_modules/.vite/deps/react-router-dom.js?v=1f697ce1:4131:5)
    at Outlet (http://localhost:5173/node_modules/.vite/deps/react-router-dom.js?v=1f697ce1:4537:26)
    at main
    at div
    at MainLayout (http://localhost:5173/src/components/layout/MainLayout.jsx:33:39)
    at RenderedRoute (http://localhost:5173/node_modules/.vite/deps/react-router-dom.js?v=1f697ce1:4131:5)
    at Routes (http://localhost:5173/node_modules/.vite/deps/react-router-dom.js?v=1f697ce1:4601:5)
    at App
    at Router (http://localhost:5173/node_modules/.vite/deps/react-router-dom.js?v=1f697ce1:4544:15)
    at HashRouter (http://localhost:5173/node_modules/.vite/deps/react-router-dom.js?v=1f697ce1:5326:5) @ http://localhost:5173/node_modules/.vite/deps/chunk-NLPANMJC.js?v=dc97d517:520
[  117939ms] [ERROR] Warning: Encountered two children with the same key, `%s`. Keys should be unique so that components maintain their identity across updates. Non-unique keys may cause children to be duplicated and/or omitted — the behavior is unsupported and could change in a future version.%s Makkah Al-Mukarramah 
    at div
    at section
    at div
    at HomePage (http://localhost:5173/src/features/home/HomePage.jsx?t=1785108332662:37:33)
    at RenderedRoute (http://localhost:5173/node_modules/.vite/deps/react-router-dom.js?v=1f697ce1:4131:5)
    at Outlet (http://localhost:5173/node_modules/.vite/deps/react-router-dom.js?v=1f697ce1:4537:26)
    at main
    at div
    at MainLayout (http://localhost:5173/src/components/layout/MainLayout.jsx:33:39)
    at RenderedRoute (http://localhost:5173/node_modules/.vite/deps/react-router-dom.js?v=1f697ce1:4131:5)
    at Routes (http://localhost:5173/node_modules/.vite/deps/react-router-dom.js?v=1f697ce1:4601:5)
    at App
    at Router (http://localhost:5173/node_modules/.vite/deps/react-router-dom.js?v=1f697ce1:4544:15)
    at HashRouter (http://localhost:5173/node_modules/.vite/deps/react-router-dom.js?v=1f697ce1:5326:5) @ http://localhost:5173/node_modules/.vite/deps/chunk-NLPANMJC.js?v=dc97d517:520
[  117939ms] [ERROR] Warning: Encountered two children with the same key, `%s`. Keys should be unique so that components maintain their identity across updates. Non-unique keys may cause children to be duplicated and/or omitted — the behavior is unsupported and could change in a future version.%s Makkah Al-Mukarramah 
    at div
    at section
    at div
    at HomePage (http://localhost:5173/src/features/home/HomePage.jsx?t=1785108332662:37:33)
    at RenderedRoute (http://localhost:5173/node_modules/.vite/deps/react-router-dom.js?v=1f697ce1:4131:5)
    at Outlet (http://localhost:5173/node_modules/.vite/deps/react-router-dom.js?v=1f697ce1:4537:26)
    at main
    at div
    at MainLayout (http://localhost:5173/src/components/layout/MainLayout.jsx:33:39)
    at RenderedRoute (http://localhost:5173/node_modules/.vite/deps/react-router-dom.js?v=1f697ce1:4131:5)
    at Routes (http://localhost:5173/node_modules/.vite/deps/react-router-dom.js?v=1f697ce1:4601:5)
    at App
    at Router (http://localhost:5173/node_modules/.vite/deps/react-router-dom.js?v=1f697ce1:4544:15)
    at HashRouter (http://localhost:5173/node_modules/.vite/deps/react-router-dom.js?v=1f697ce1:5326:5) @ http://localhost:5173/node_modules/.vite/deps/chunk-NLPANMJC.js?v=dc97d517:520
[  118080ms] [ERROR] Warning: Encountered two children with the same key, `%s`. Keys should be unique so that components maintain their identity across updates. Non-unique keys may cause children to be duplicated and/or omitted — the behavior is unsupported and could change in a future version.%s Makkah Al-Mukarramah 
    at div
    at section
    at div
    at HomePage (http://localhost:5173/src/features/home/HomePage.jsx?t=1785108332662:37:33)
    at RenderedRoute (http://localhost:5173/node_modules/.vite/deps/react-router-dom.js?v=1f697ce1:4131:5)
    at Outlet (http://localhost:5173/node_modules/.vite/deps/react-router-dom.js?v=1f697ce1:4537:26)
    at main
    at div
    at MainLayout (http://localhost:5173/src/components/layout/MainLayout.jsx:33:39)
    at RenderedRoute (http://localhost:5173/node_modules/.vite/deps/react-router-dom.js?v=1f697ce1:4131:5)
    at Routes (http://localhost:5173/node_modules/.vite/deps/react-router-dom.js?v=1f697ce1:4601:5)
    at App
    at Router (http://localhost:5173/node_modules/.vite/deps/react-router-dom.js?v=1f697ce1:4544:15)
    at HashRouter (http://localhost:5173/node_modules/.vite/deps/react-router-dom.js?v=1f697ce1:5326:5) @ http://localhost:5173/node_modules/.vite/deps/chunk-NLPANMJC.js?v=dc97d517:520
[  118080ms] [ERROR] Warning: Encountered two children with the same key, `%s`. Keys should be unique so that components maintain their identity across updates. Non-unique keys may cause children to be duplicated and/or omitted — the behavior is unsupported and could change in a future version.%s Makkah Al-Mukarramah 
    at div
    at section
    at div
    at HomePage (http://localhost:5173/src/features/home/HomePage.jsx?t=1785108332662:37:33)
    at RenderedRoute (http://localhost:5173/node_modules/.vite/deps/react-router-dom.js?v=1f697ce1:4131:5)
    at Outlet (http://localhost:5173/node_modules/.vite/deps/react-router-dom.js?v=1f697ce1:4537:26)
    at main
    at div
    at MainLayout (http://localhost:5173/src/components/layout/MainLayout.jsx:33:39)
    at RenderedRoute (http://localhost:5173/node_modules/.vite/deps/react-router-dom.js?v=1f697ce1:4131:5)
    at Routes (http://localhost:5173/node_modules/.vite/deps/react-router-dom.js?v=1f697ce1:4601:5)
    at App
    at Router (http://localhost:5173/node_modules/.vite/deps/react-router-dom.js?v=1f697ce1:4544:15)
    at HashRouter (http://localhost:5173/node_modules/.vite/deps/react-router-dom.js?v=1f697ce1:5326:5) @ http://localhost:5173/node_modules/.vite/deps/chunk-NLPANMJC.js?v=dc97d517:520
[  118081ms] [ERROR] Warning: Encountered two children with the same key, `%s`. Keys should be unique so that components maintain their identity across updates. Non-unique keys may cause children to be duplicated and/or omitted — the behavior is unsupported and could change in a future version.%s Makkah Al-Mukarramah 
    at div
    at section
    at div
    at HomePage (http://localhost:5173/src/features/home/HomePage.jsx?t=1785108332662:37:33)
    at RenderedRoute (http://localhost:5173/node_modules/.vite/deps/react-router-dom.js?v=1f697ce1:4131:5)
    at Outlet (http://localhost:5173/node_modules/.vite/deps/react-router-dom.js?v=1f697ce1:4537:26)
    at main
    at div
    at MainLayout (http://localhost:5173/src/components/layout/MainLayout.jsx:33:39)
    at RenderedRoute (http://localhost:5173/node_modules/.vite/deps/react-router-dom.js?v=1f697ce1:4131:5)
    at Routes (http://localhost:5173/node_modules/.vite/deps/react-router-dom.js?v=1f697ce1:4601:5)
    at App
    at Router (http://localhost:5173/node_modules/.vite/deps/react-router-dom.js?v=1f697ce1:4544:15)
    at HashRouter (http://localhost:5173/node_modules/.vite/deps/react-router-dom.js?v=1f697ce1:5326:5) @ http://localhost:5173/node_modules/.vite/deps/chunk-NLPANMJC.js?v=dc97d517:520
[  122417ms] [ERROR] Warning: Encountered two children with the same key, `%s`. Keys should be unique so that components maintain their identity across updates. Non-unique keys may cause children to be duplicated and/or omitted — the behavior is unsupported and could change in a future version.%s Makkah Al-Mukarramah 
    at div
    at section
    at div
    at HomePage (http://localhost:5173/src/features/home/HomePage.jsx?t=1785108332662:37:33)
    at RenderedRoute (http://localhost:5173/node_modules/.vite/deps/react-router-dom.js?v=1f697ce1:4131:5)
    at Outlet (http://localhost:5173/node_modules/.vite/deps/react-router-dom.js?v=1f697ce1:4537:26)
    at main
    at div
    at MainLayout (http://localhost:5173/src/components/layout/MainLayout.jsx:33:39)
    at RenderedRoute (http://localhost:5173/node_modules/.vite/deps/react-router-dom.js?v=1f697ce1:4131:5)
    at Routes (http://localhost:5173/node_modules/.vite/deps/react-router-dom.js?v=1f697ce1:4601:5)
    at App
    at Router (http://localhost:5173/node_modules/.vite/deps/react-router-dom.js?v=1f697ce1:4544:15)
    at HashRouter (http://localhost:5173/node_modules/.vite/deps/react-router-dom.js?v=1f697ce1:5326:5) @ http://localhost:5173/node_modules/.vite/deps/chunk-NLPANMJC.js?v=dc97d517:520
[  122417ms] [ERROR] Warning: Encountered two children with the same key, `%s`. Keys should be unique so that components maintain their identity across updates. Non-unique keys may cause children to be duplicated and/or omitted — the behavior is unsupported and could change in a future version.%s Makkah Al-Mukarramah 
    at div
    at section
    at div
    at HomePage (http://localhost:5173/src/features/home/HomePage.jsx?t=1785108332662:37:33)
    at RenderedRoute (http://localhost:5173/node_modules/.vite/deps/react-router-dom.js?v=1f697ce1:4131:5)
    at Outlet (http://localhost:5173/node_modules/.vite/deps/react-router-dom.js?v=1f697ce1:4537:26)
    at main
    at div
    at MainLayout (http://localhost:5173/src/components/layout/MainLayout.jsx:33:39)
    at RenderedRoute (http://localhost:5173/node_modules/.vite/deps/react-router-dom.js?v=1f697ce1:4131:5)
    at Routes (http://localhost:5173/node_modules/.vite/deps/react-router-dom.js?v=1f697ce1:4601:5)
    at App
    at Router (http://localhost:5173/node_modules/.vite/deps/react-router-dom.js?v=1f697ce1:4544:15)
    at HashRouter (http://localhost:5173/node_modules/.vite/deps/react-router-dom.js?v=1f697ce1:5326:5) @ http://localhost:5173/node_modules/.vite/deps/chunk-NLPANMJC.js?v=dc97d517:520
[  122417ms] [ERROR] Warning: Encountered two children with the same key, `%s`. Keys should be unique so that components maintain their identity across updates. Non-unique keys may cause children to be duplicated and/or omitted — the behavior is unsupported and could change in a future version.%s Makkah Al-Mukarramah 
    at div
    at section
    at div
    at HomePage (http://localhost:5173/src/features/home/HomePage.jsx?t=1785108332662:37:33)
    at RenderedRoute (http://localhost:5173/node_modules/.vite/deps/react-router-dom.js?v=1f697ce1:4131:5)
    at Outlet (http://localhost:5173/node_modules/.vite/deps/react-router-dom.js?v=1f697ce1:4537:26)
    at main
    at div
    at MainLayout (http://localhost:5173/src/components/layout/MainLayout.jsx:33:39)
    at RenderedRoute (http://localhost:5173/node_modules/.vite/deps/react-router-dom.js?v=1f697ce1:4131:5)
    at Routes (http://localhost:5173/node_modules/.vite/deps/react-router-dom.js?v=1f697ce1:4601:5)
    at App
    at Router (http://localhost:5173/node_modules/.vite/deps/react-router-dom.js?v=1f697ce1:4544:15)
    at HashRouter (http://localhost:5173/node_modules/.vite/deps/react-router-dom.js?v=1f697ce1:5326:5) @ http://localhost:5173/node_modules/.vite/deps/chunk-NLPANMJC.js?v=dc97d517:520
[  122446ms] [ERROR] Warning: Encountered two children with the same key, `%s`. Keys should be unique so that components maintain their identity across updates. Non-unique keys may cause children to be duplicated and/or omitted — the behavior is unsupported and could change in a future version.%s Makkah Al-Mukarramah 
    at div
    at section
    at div
    at HomePage (http://localhost:5173/src/features/home/HomePage.jsx?t=1785108332662:37:33)
    at RenderedRoute (http://localhost:5173/node_modules/.vite/deps/react-router-dom.js?v=1f697ce1:4131:5)
    at Outlet (http://localhost:5173/node_modules/.vite/deps/react-router-dom.js?v=1f697ce1:4537:26)
    at main
    at div
    at MainLayout (http://localhost:5173/src/components/layout/MainLayout.jsx:33:39)
    at RenderedRoute (http://localhost:5173/node_modules/.vite/deps/react-router-dom.js?v=1f697ce1:4131:5)
    at Routes (http://localhost:5173/node_modules/.vite/deps/react-router-dom.js?v=1f697ce1:4601:5)
    at App
    at Router (http://localhost:5173/node_modules/.vite/deps/react-router-dom.js?v=1f697ce1:4544:15)
    at HashRouter (http://localhost:5173/node_modules/.vite/deps/react-router-dom.js?v=1f697ce1:5326:5) @ http://localhost:5173/node_modules/.vite/deps/chunk-NLPANMJC.js?v=dc97d517:520
[  122446ms] [ERROR] Warning: Encountered two children with the same key, `%s`. Keys should be unique so that components maintain their identity across updates. Non-unique keys may cause children to be duplicated and/or omitted — the behavior is unsupported and could change in a future version.%s Makkah Al-Mukarramah 
    at div
    at section
    at div
    at HomePage (http://localhost:5173/src/features/home/HomePage.jsx?t=1785108332662:37:33)
    at RenderedRoute (http://localhost:5173/node_modules/.vite/deps/react-router-dom.js?v=1f697ce1:4131:5)
    at Outlet (http://localhost:5173/node_modules/.vite/deps/react-router-dom.js?v=1f697ce1:4537:26)
    at main
    at div
    at MainLayout (http://localhost:5173/src/components/layout/MainLayout.jsx:33:39)
    at RenderedRoute (http://localhost:5173/node_modules/.vite/deps/react-router-dom.js?v=1f697ce1:4131:5)
    at Routes (http://localhost:5173/node_modules/.vite/deps/react-router-dom.js?v=1f697ce1:4601:5)
    at App
    at Router (http://localhost:5173/node_modules/.vite/deps/react-router-dom.js?v=1f697ce1:4544:15)
    at HashRouter (http://localhost:5173/node_modules/.vite/deps/react-router-dom.js?v=1f697ce1:5326:5) @ http://localhost:5173/node_modules/.vite/deps/chunk-NLPANMJC.js?v=dc97d517:520
[  122446ms] [ERROR] Warning: Encountered two children with the same key, `%s`. Keys should be unique so that components maintain their identity across updates. Non-unique keys may cause children to be duplicated and/or omitted — the behavior is unsupported and could change in a future version.%s Makkah Al-Mukarramah 
    at div
    at section
    at div
    at HomePage (http://localhost:5173/src/features/home/HomePage.jsx?t=1785108332662:37:33)
    at RenderedRoute (http://localhost:5173/node_modules/.vite/deps/react-router-dom.js?v=1f697ce1:4131:5)
    at Outlet (http://localhost:5173/node_modules/.vite/deps/react-router-dom.js?v=1f697ce1:4537:26)
    at main
    at div
    at MainLayout (http://localhost:5173/src/components/layout/MainLayout.jsx:33:39)
    at RenderedRoute (http://localhost:5173/node_modules/.vite/deps/react-router-dom.js?v=1f697ce1:4131:5)
    at Routes (http://localhost:5173/node_modules/.vite/deps/react-router-dom.js?v=1f697ce1:4601:5)
    at App
    at Router (http://localhost:5173/node_modules/.vite/deps/react-router-dom.js?v=1f697ce1:4544:15)
    at HashRouter (http://localhost:5173/node_modules/.vite/deps/react-router-dom.js?v=1f697ce1:5326:5) @ http://localhost:5173/node_modules/.vite/deps/chunk-NLPANMJC.js?v=dc97d517:520
[  122584ms] [ERROR] Warning: Encountered two children with the same key, `%s`. Keys should be unique so that components maintain their identity across updates. Non-unique keys may cause children to be duplicated and/or omitted — the behavior is unsupported and could change in a future version.%s Makkah Al-Mukarramah 
    at div
    at section
    at div
    at HomePage (http://localhost:5173/src/features/home/HomePage.jsx?t=1785108332662:37:33)
    at RenderedRoute (http://localhost:5173/node_modules/.vite/deps/react-router-dom.js?v=1f697ce1:4131:5)
    at Outlet (http://localhost:5173/node_modules/.vite/deps/react-router-dom.js?v=1f697ce1:4537:26)
    at main
    at div
    at MainLayout (http://localhost:5173/src/components/layout/MainLayout.jsx:33:39)
    at RenderedRoute (http://localhost:5173/node_modules/.vite/deps/react-router-dom.js?v=1f697ce1:4131:5)
    at Routes (http://localhost:5173/node_modules/.vite/deps/react-router-dom.js?v=1f697ce1:4601:5)
    at App
    at Router (http://localhost:5173/node_modules/.vite/deps/react-router-dom.js?v=1f697ce1:4544:15)
    at HashRouter (http://localhost:5173/node_modules/.vite/deps/react-router-dom.js?v=1f697ce1:5326:5) @ http://localhost:5173/node_modules/.vite/deps/chunk-NLPANMJC.js?v=dc97d517:520
[  122584ms] [ERROR] Warning: Encountered two children with the same key, `%s`. Keys should be unique so that components maintain their identity across updates. Non-unique keys may cause children to be duplicated and/or omitted — the behavior is unsupported and could change in a future version.%s Makkah Al-Mukarramah 
    at div
    at section
    at div
    at HomePage (http://localhost:5173/src/features/home/HomePage.jsx?t=1785108332662:37:33)
    at RenderedRoute (http://localhost:5173/node_modules/.vite/deps/react-router-dom.js?v=1f697ce1:4131:5)
    at Outlet (http://localhost:5173/node_modules/.vite/deps/react-router-dom.js?v=1f697ce1:4537:26)
    at main
    at div
    at MainLayout (http://localhost:5173/src/components/layout/MainLayout.jsx:33:39)
    at RenderedRoute (http://localhost:5173/node_modules/.vite/deps/react-router-dom.js?v=1f697ce1:4131:5)
    at Routes (http://localhost:5173/node_modules/.vite/deps/react-router-dom.js?v=1f697ce1:4601:5)
    at App
    at Router (http://localhost:5173/node_modules/.vite/deps/react-router-dom.js?v=1f697ce1:4544:15)
    at HashRouter (http://localhost:5173/node_modules/.vite/deps/react-router-dom.js?v=1f697ce1:5326:5) @ http://localhost:5173/node_modules/.vite/deps/chunk-NLPANMJC.js?v=dc97d517:520
[  122584ms] [ERROR] Warning: Encountered two children with the same key, `%s`. Keys should be unique so that components maintain their identity across updates. Non-unique keys may cause children to be duplicated and/or omitted — the behavior is unsupported and could change in a future version.%s Makkah Al-Mukarramah 
    at div
    at section
    at div
    at HomePage (http://localhost:5173/src/features/home/HomePage.jsx?t=1785108332662:37:33)
    at RenderedRoute (http://localhost:5173/node_modules/.vite/deps/react-router-dom.js?v=1f697ce1:4131:5)
    at Outlet (http://localhost:5173/node_modules/.vite/deps/react-router-dom.js?v=1f697ce1:4537:26)
    at main
    at div
    at MainLayout (http://localhost:5173/src/components/layout/MainLayout.jsx:33:39)
    at RenderedRoute (http://localhost:5173/node_modules/.vite/deps/react-router-dom.js?v=1f697ce1:4131:5)
    at Routes (http://localhost:5173/node_modules/.vite/deps/react-router-dom.js?v=1f697ce1:4601:5)
    at App
    at Router (http://localhost:5173/node_modules/.vite/deps/react-router-dom.js?v=1f697ce1:4544:15)
    at HashRouter (http://localhost:5173/node_modules/.vite/deps/react-router-dom.js?v=1f697ce1:5326:5) @ http://localhost:5173/node_modules/.vite/deps/chunk-NLPANMJC.js?v=dc97d517:520
[  126123ms] [LOG] [vite] server connection lost. Polling for restart... @ http://localhost:5173/@vite/client:559
[  126914ms] [ERROR] Warning: Encountered two children with the same key, `%s`. Keys should be unique so that components maintain their identity across updates. Non-unique keys may cause children to be duplicated and/or omitted — the behavior is unsupported and could change in a future version.%s Makkah Al-Mukarramah 
    at div
    at section
    at div
    at HomePage (http://localhost:5173/src/features/home/HomePage.jsx?t=1785108332662:37:33)
    at RenderedRoute (http://localhost:5173/node_modules/.vite/deps/react-router-dom.js?v=1f697ce1:4131:5)
    at Outlet (http://localhost:5173/node_modules/.vite/deps/react-router-dom.js?v=1f697ce1:4537:26)
    at main
    at div
    at MainLayout (http://localhost:5173/src/components/layout/MainLayout.jsx:33:39)
    at RenderedRoute (http://localhost:5173/node_modules/.vite/deps/react-router-dom.js?v=1f697ce1:4131:5)
    at Routes (http://localhost:5173/node_modules/.vite/deps/react-router-dom.js?v=1f697ce1:4601:5)
    at App
    at Router (http://localhost:5173/node_modules/.vite/deps/react-router-dom.js?v=1f697ce1:4544:15)
    at HashRouter (http://localhost:5173/node_modules/.vite/deps/react-router-dom.js?v=1f697ce1:5326:5) @ http://localhost:5173/node_modules/.vite/deps/chunk-NLPANMJC.js?v=dc97d517:520
[  126914ms] [ERROR] Warning: Encountered two children with the same key, `%s`. Keys should be unique so that components maintain their identity across updates. Non-unique keys may cause children to be duplicated and/or omitted — the behavior is unsupported and could change in a future version.%s Makkah Al-Mukarramah 
    at div
    at section
    at div
    at HomePage (http://localhost:5173/src/features/home/HomePage.jsx?t=1785108332662:37:33)
    at RenderedRoute (http://localhost:5173/node_modules/.vite/deps/react-router-dom.js?v=1f697ce1:4131:5)
    at Outlet (http://localhost:5173/node_modules/.vite/deps/react-router-dom.js?v=1f697ce1:4537:26)
    at main
    at div
    at MainLayout (http://localhost:5173/src/components/layout/MainLayout.jsx:33:39)
    at RenderedRoute (http://localhost:5173/node_modules/.vite/deps/react-router-dom.js?v=1f697ce1:4131:5)
    at Routes (http://localhost:5173/node_modules/.vite/deps/react-router-dom.js?v=1f697ce1:4601:5)
    at App
    at Router (http://localhost:5173/node_modules/.vite/deps/react-router-dom.js?v=1f697ce1:4544:15)
    at HashRouter (http://localhost:5173/node_modules/.vite/deps/react-router-dom.js?v=1f697ce1:5326:5) @ http://localhost:5173/node_modules/.vite/deps/chunk-NLPANMJC.js?v=dc97d517:520
[  126915ms] [ERROR] Warning: Encountered two children with the same key, `%s`. Keys should be unique so that components maintain their identity across updates. Non-unique keys may cause children to be duplicated and/or omitted — the behavior is unsupported and could change in a future version.%s Makkah Al-Mukarramah 
    at div
    at section
    at div
    at HomePage (http://localhost:5173/src/features/home/HomePage.jsx?t=1785108332662:37:33)
    at RenderedRoute (http://localhost:5173/node_modules/.vite/deps/react-router-dom.js?v=1f697ce1:4131:5)
    at Outlet (http://localhost:5173/node_modules/.vite/deps/react-router-dom.js?v=1f697ce1:4537:26)
    at main
    at div
    at MainLayout (http://localhost:5173/src/components/layout/MainLayout.jsx:33:39)
    at RenderedRoute (http://localhost:5173/node_modules/.vite/deps/react-router-dom.js?v=1f697ce1:4131:5)
    at Routes (http://localhost:5173/node_modules/.vite/deps/react-router-dom.js?v=1f697ce1:4601:5)
    at App
    at Router (http://localhost:5173/node_modules/.vite/deps/react-router-dom.js?v=1f697ce1:4544:15)
    at HashRouter (http://localhost:5173/node_modules/.vite/deps/react-router-dom.js?v=1f697ce1:5326:5) @ http://localhost:5173/node_modules/.vite/deps/chunk-NLPANMJC.js?v=dc97d517:520
[  126941ms] [ERROR] Warning: Encountered two children with the same key, `%s`. Keys should be unique so that components maintain their identity across updates. Non-unique keys may cause children to be duplicated and/or omitted — the behavior is unsupported and could change in a future version.%s Makkah Al-Mukarramah 
    at div
    at section
    at div
    at HomePage (http://localhost:5173/src/features/home/HomePage.jsx?t=1785108332662:37:33)
    at RenderedRoute (http://localhost:5173/node_modules/.vite/deps/react-router-dom.js?v=1f697ce1:4131:5)
    at Outlet (http://localhost:5173/node_modules/.vite/deps/react-router-dom.js?v=1f697ce1:4537:26)
    at main
    at div
    at MainLayout (http://localhost:5173/src/components/layout/MainLayout.jsx:33:39)
    at RenderedRoute (http://localhost:5173/node_modules/.vite/deps/react-router-dom.js?v=1f697ce1:4131:5)
    at Routes (http://localhost:5173/node_modules/.vite/deps/react-router-dom.js?v=1f697ce1:4601:5)
    at App
    at Router (http://localhost:5173/node_modules/.vite/deps/react-router-dom.js?v=1f697ce1:4544:15)
    at HashRouter (http://localhost:5173/node_modules/.vite/deps/react-router-dom.js?v=1f697ce1:5326:5) @ http://localhost:5173/node_modules/.vite/deps/chunk-NLPANMJC.js?v=dc97d517:520
[  126941ms] [ERROR] Warning: Encountered two children with the same key, `%s`. Keys should be unique so that components maintain their identity across updates. Non-unique keys may cause children to be duplicated and/or omitted — the behavior is unsupported and could change in a future version.%s Makkah Al-Mukarramah 
    at div
    at section
    at div
    at HomePage (http://localhost:5173/src/features/home/HomePage.jsx?t=1785108332662:37:33)
    at RenderedRoute (http://localhost:5173/node_modules/.vite/deps/react-router-dom.js?v=1f697ce1:4131:5)
    at Outlet (http://localhost:5173/node_modules/.vite/deps/react-router-dom.js?v=1f697ce1:4537:26)
    at main
    at div
    at MainLayout (http://localhost:5173/src/components/layout/MainLayout.jsx:33:39)
    at RenderedRoute (http://localhost:5173/node_modules/.vite/deps/react-router-dom.js?v=1f697ce1:4131:5)
    at Routes (http://localhost:5173/node_modules/.vite/deps/react-router-dom.js?v=1f697ce1:4601:5)
    at App
    at Router (http://localhost:5173/node_modules/.vite/deps/react-router-dom.js?v=1f697ce1:4544:15)
    at HashRouter (http://localhost:5173/node_modules/.vite/deps/react-router-dom.js?v=1f697ce1:5326:5) @ http://localhost:5173/node_modules/.vite/deps/chunk-NLPANMJC.js?v=dc97d517:520
[  126941ms] [ERROR] Warning: Encountered two children with the same key, `%s`. Keys should be unique so that components maintain their identity across updates. Non-unique keys may cause children to be duplicated and/or omitted — the behavior is unsupported and could change in a future version.%s Makkah Al-Mukarramah 
    at div
    at section
    at div
    at HomePage (http://localhost:5173/src/features/home/HomePage.jsx?t=1785108332662:37:33)
    at RenderedRoute (http://localhost:5173/node_modules/.vite/deps/react-router-dom.js?v=1f697ce1:4131:5)
    at Outlet (http://localhost:5173/node_modules/.vite/deps/react-router-dom.js?v=1f697ce1:4537:26)
    at main
    at div
    at MainLayout (http://localhost:5173/src/components/layout/MainLayout.jsx:33:39)
    at RenderedRoute (http://localhost:5173/node_modules/.vite/deps/react-router-dom.js?v=1f697ce1:4131:5)
    at Routes (http://localhost:5173/node_modules/.vite/deps/react-router-dom.js?v=1f697ce1:4601:5)
    at App
    at Router (http://localhost:5173/node_modules/.vite/deps/react-router-dom.js?v=1f697ce1:4544:15)
    at HashRouter (http://localhost:5173/node_modules/.vite/deps/react-router-dom.js?v=1f697ce1:5326:5) @ http://localhost:5173/node_modules/.vite/deps/chunk-NLPANMJC.js?v=dc97d517:520
[  127095ms] [ERROR] Warning: Encountered two children with the same key, `%s`. Keys should be unique so that components maintain their identity across updates. Non-unique keys may cause children to be duplicated and/or omitted — the behavior is unsupported and could change in a future version.%s Makkah Al-Mukarramah 
    at div
    at section
    at div
    at HomePage (http://localhost:5173/src/features/home/HomePage.jsx?t=1785108332662:37:33)
    at RenderedRoute (http://localhost:5173/node_modules/.vite/deps/react-router-dom.js?v=1f697ce1:4131:5)
    at Outlet (http://localhost:5173/node_modules/.vite/deps/react-router-dom.js?v=1f697ce1:4537:26)
    at main
    at div
    at MainLayout (http://localhost:5173/src/components/layout/MainLayout.jsx:33:39)
    at RenderedRoute (http://localhost:5173/node_modules/.vite/deps/react-router-dom.js?v=1f697ce1:4131:5)
    at Routes (http://localhost:5173/node_modules/.vite/deps/react-router-dom.js?v=1f697ce1:4601:5)
    at App
    at Router (http://localhost:5173/node_modules/.vite/deps/react-router-dom.js?v=1f697ce1:4544:15)
    at HashRouter (http://localhost:5173/node_modules/.vite/deps/react-router-dom.js?v=1f697ce1:5326:5) @ http://localhost:5173/node_modules/.vite/deps/chunk-NLPANMJC.js?v=dc97d517:520
[  127096ms] [ERROR] Warning: Encountered two children with the same key, `%s`. Keys should be unique so that components maintain their identity across updates. Non-unique keys may cause children to be duplicated and/or omitted — the behavior is unsupported and could change in a future version.%s Makkah Al-Mukarramah 
    at div
    at section
    at div
    at HomePage (http://localhost:5173/src/features/home/HomePage.jsx?t=1785108332662:37:33)
    at RenderedRoute (http://localhost:5173/node_modules/.vite/deps/react-router-dom.js?v=1f697ce1:4131:5)
    at Outlet (http://localhost:5173/node_modules/.vite/deps/react-router-dom.js?v=1f697ce1:4537:26)
    at main
    at div
    at MainLayout (http://localhost:5173/src/components/layout/MainLayout.jsx:33:39)
    at RenderedRoute (http://localhost:5173/node_modules/.vite/deps/react-router-dom.js?v=1f697ce1:4131:5)
    at Routes (http://localhost:5173/node_modules/.vite/deps/react-router-dom.js?v=1f697ce1:4601:5)
    at App
    at Router (http://localhost:5173/node_modules/.vite/deps/react-router-dom.js?v=1f697ce1:4544:15)
    at HashRouter (http://localhost:5173/node_modules/.vite/deps/react-router-dom.js?v=1f697ce1:5326:5) @ http://localhost:5173/node_modules/.vite/deps/chunk-NLPANMJC.js?v=dc97d517:520
[  127096ms] [ERROR] Warning: Encountered two children with the same key, `%s`. Keys should be unique so that components maintain their identity across updates. Non-unique keys may cause children to be duplicated and/or omitted — the behavior is unsupported and could change in a future version.%s Makkah Al-Mukarramah 
    at div
    at section
    at div
    at HomePage (http://localhost:5173/src/features/home/HomePage.jsx?t=1785108332662:37:33)
    at RenderedRoute (http://localhost:5173/node_modules/.vite/deps/react-router-dom.js?v=1f697ce1:4131:5)
    at Outlet (http://localhost:5173/node_modules/.vite/deps/react-router-dom.js?v=1f697ce1:4537:26)
    at main
    at div
    at MainLayout (http://localhost:5173/src/components/layout/MainLayout.jsx:33:39)
    at RenderedRoute (http://localhost:5173/node_modules/.vite/deps/react-router-dom.js?v=1f697ce1:4131:5)
    at Routes (http://localhost:5173/node_modules/.vite/deps/react-router-dom.js?v=1f697ce1:4601:5)
    at App
    at Router (http://localhost:5173/node_modules/.vite/deps/react-router-dom.js?v=1f697ce1:4544:15)
    at HashRouter (http://localhost:5173/node_modules/.vite/deps/react-router-dom.js?v=1f697ce1:5326:5) @ http://localhost:5173/node_modules/.vite/deps/chunk-NLPANMJC.js?v=dc97d517:520
[  127188ms] [ERROR] Warning: Encountered two children with the same key, `%s`. Keys should be unique so that components maintain their identity across updates. Non-unique keys may cause children to be duplicated and/or omitted — the behavior is unsupported and could change in a future version.%s Makkah Al-Mukarramah 
    at div
    at section
    at div
    at HomePage (http://localhost:5173/src/features/home/HomePage.jsx?t=1785108332662:37:33)
    at RenderedRoute (http://localhost:5173/node_modules/.vite/deps/react-router-dom.js?v=1f697ce1:4131:5)
    at Outlet (http://localhost:5173/node_modules/.vite/deps/react-router-dom.js?v=1f697ce1:4537:26)
    at main
    at div
    at MainLayout (http://localhost:5173/src/components/layout/MainLayout.jsx:33:39)
    at RenderedRoute (http://localhost:5173/node_modules/.vite/deps/react-router-dom.js?v=1f697ce1:4131:5)
    at Routes (http://localhost:5173/node_modules/.vite/deps/react-router-dom.js?v=1f697ce1:4601:5)
    at App
    at Router (http://localhost:5173/node_modules/.vite/deps/react-router-dom.js?v=1f697ce1:4544:15)
    at HashRouter (http://localhost:5173/node_modules/.vite/deps/react-router-dom.js?v=1f697ce1:5326:5) @ http://localhost:5173/node_modules/.vite/deps/chunk-NLPANMJC.js?v=dc97d517:520
[  127188ms] [ERROR] Warning: Encountered two children with the same key, `%s`. Keys should be unique so that components maintain their identity across updates. Non-unique keys may cause children to be duplicated and/or omitted — the behavior is unsupported and could change in a future version.%s Makkah Al-Mukarramah 
    at div
    at section
    at div
    at HomePage (http://localhost:5173/src/features/home/HomePage.jsx?t=1785108332662:37:33)
    at RenderedRoute (http://localhost:5173/node_modules/.vite/deps/react-router-dom.js?v=1f697ce1:4131:5)
    at Outlet (http://localhost:5173/node_modules/.vite/deps/react-router-dom.js?v=1f697ce1:4537:26)
    at main
    at div
    at MainLayout (http://localhost:5173/src/components/layout/MainLayout.jsx:33:39)
    at RenderedRoute (http://localhost:5173/node_modules/.vite/deps/react-router-dom.js?v=1f697ce1:4131:5)
    at Routes (http://localhost:5173/node_modules/.vite/deps/react-router-dom.js?v=1f697ce1:4601:5)
    at App
    at Router (http://localhost:5173/node_modules/.vite/deps/react-router-dom.js?v=1f697ce1:4544:15)
    at HashRouter (http://localhost:5173/node_modules/.vite/deps/react-router-dom.js?v=1f697ce1:5326:5) @ http://localhost:5173/node_modules/.vite/deps/chunk-NLPANMJC.js?v=dc97d517:520
[  127188ms] [ERROR] Warning: Encountered two children with the same key, `%s`. Keys should be unique so that components maintain their identity across updates. Non-unique keys may cause children to be duplicated and/or omitted — the behavior is unsupported and could change in a future version.%s Makkah Al-Mukarramah 
    at div
    at section
    at div
    at HomePage (http://localhost:5173/src/features/home/HomePage.jsx?t=1785108332662:37:33)
    at RenderedRoute (http://localhost:5173/node_modules/.vite/deps/react-router-dom.js?v=1f697ce1:4131:5)
    at Outlet (http://localhost:5173/node_modules/.vite/deps/react-router-dom.js?v=1f697ce1:4537:26)
    at main
    at div
    at MainLayout (http://localhost:5173/src/components/layout/MainLayout.jsx:33:39)
    at RenderedRoute (http://localhost:5173/node_modules/.vite/deps/react-router-dom.js?v=1f697ce1:4131:5)
    at Routes (http://localhost:5173/node_modules/.vite/deps/react-router-dom.js?v=1f697ce1:4601:5)
    at App
    at Router (http://localhost:5173/node_modules/.vite/deps/react-router-dom.js?v=1f697ce1:4544:15)
    at HashRouter (http://localhost:5173/node_modules/.vite/deps/react-router-dom.js?v=1f697ce1:5326:5) @ http://localhost:5173/node_modules/.vite/deps/chunk-NLPANMJC.js?v=dc97d517:520
[  127236ms] [ERROR] Warning: Encountered two children with the same key, `%s`. Keys should be unique so that components maintain their identity across updates. Non-unique keys may cause children to be duplicated and/or omitted — the behavior is unsupported and could change in a future version.%s Makkah Al-Mukarramah 
    at div
    at section
    at div
    at HomePage (http://localhost:5173/src/features/home/HomePage.jsx?t=1785108332662:37:33)
    at RenderedRoute (http://localhost:5173/node_modules/.vite/deps/react-router-dom.js?v=1f697ce1:4131:5)
    at Outlet (http://localhost:5173/node_modules/.vite/deps/react-router-dom.js?v=1f697ce1:4537:26)
    at main
    at div
    at MainLayout (http://localhost:5173/src/components/layout/MainLayout.jsx:33:39)
    at RenderedRoute (http://localhost:5173/node_modules/.vite/deps/react-router-dom.js?v=1f697ce1:4131:5)
    at Routes (http://localhost:5173/node_modules/.vite/deps/react-router-dom.js?v=1f697ce1:4601:5)
    at App
    at Router (http://localhost:5173/node_modules/.vite/deps/react-router-dom.js?v=1f697ce1:4544:15)
    at HashRouter (http://localhost:5173/node_modules/.vite/deps/react-router-dom.js?v=1f697ce1:5326:5) @ http://localhost:5173/node_modules/.vite/deps/chunk-NLPANMJC.js?v=dc97d517:520
[  127237ms] [ERROR] Warning: Encountered two children with the same key, `%s`. Keys should be unique so that components maintain their identity across updates. Non-unique keys may cause children to be duplicated and/or omitted — the behavior is unsupported and could change in a future version.%s Makkah Al-Mukarramah 
    at div
    at section
    at div
    at HomePage (http://localhost:5173/src/features/home/HomePage.jsx?t=1785108332662:37:33)
    at RenderedRoute (http://localhost:5173/node_modules/.vite/deps/react-router-dom.js?v=1f697ce1:4131:5)
    at Outlet (http://localhost:5173/node_modules/.vite/deps/react-router-dom.js?v=1f697ce1:4537:26)
    at main
    at div
    at MainLayout (http://localhost:5173/src/components/layout/MainLayout.jsx:33:39)
    at RenderedRoute (http://localhost:5173/node_modules/.vite/deps/react-router-dom.js?v=1f697ce1:4131:5)
    at Routes (http://localhost:5173/node_modules/.vite/deps/react-router-dom.js?v=1f697ce1:4601:5)
    at App
    at Router (http://localhost:5173/node_modules/.vite/deps/react-router-dom.js?v=1f697ce1:4544:15)
    at HashRouter (http://localhost:5173/node_modules/.vite/deps/react-router-dom.js?v=1f697ce1:5326:5) @ http://localhost:5173/node_modules/.vite/deps/chunk-NLPANMJC.js?v=dc97d517:520
[  127237ms] [ERROR] Warning: Encountered two children with the same key, `%s`. Keys should be unique so that components maintain their identity across updates. Non-unique keys may cause children to be duplicated and/or omitted — the behavior is unsupported and could change in a future version.%s Makkah Al-Mukarramah 
    at div
    at section
    at div
    at HomePage (http://localhost:5173/src/features/home/HomePage.jsx?t=1785108332662:37:33)
    at RenderedRoute (http://localhost:5173/node_modules/.vite/deps/react-router-dom.js?v=1f697ce1:4131:5)
    at Outlet (http://localhost:5173/node_modules/.vite/deps/react-router-dom.js?v=1f697ce1:4537:26)
    at main
    at div
    at MainLayout (http://localhost:5173/src/components/layout/MainLayout.jsx:33:39)
    at RenderedRoute (http://localhost:5173/node_modules/.vite/deps/react-router-dom.js?v=1f697ce1:4131:5)
    at Routes (http://localhost:5173/node_modules/.vite/deps/react-router-dom.js?v=1f697ce1:4601:5)
    at App
    at Router (http://localhost:5173/node_modules/.vite/deps/react-router-dom.js?v=1f697ce1:4544:15)
    at HashRouter (http://localhost:5173/node_modules/.vite/deps/react-router-dom.js?v=1f697ce1:5326:5) @ http://localhost:5173/node_modules/.vite/deps/chunk-NLPANMJC.js?v=dc97d517:520
[  127309ms] [ERROR] Warning: Encountered two children with the same key, `%s`. Keys should be unique so that components maintain their identity across updates. Non-unique keys may cause children to be duplicated and/or omitted — the behavior is unsupported and could change in a future version.%s Makkah Al-Mukarramah 
    at div
    at section
    at div
    at HomePage (http://localhost:5173/src/features/home/HomePage.jsx?t=1785108332662:37:33)
    at RenderedRoute (http://localhost:5173/node_modules/.vite/deps/react-router-dom.js?v=1f697ce1:4131:5)
    at Outlet (http://localhost:5173/node_modules/.vite/deps/react-router-dom.js?v=1f697ce1:4537:26)
    at main
    at div
    at MainLayout (http://localhost:5173/src/components/layout/MainLayout.jsx:33:39)
    at RenderedRoute (http://localhost:5173/node_modules/.vite/deps/react-router-dom.js?v=1f697ce1:4131:5)
    at Routes (http://localhost:5173/node_modules/.vite/deps/react-router-dom.js?v=1f697ce1:4601:5)
    at App
    at Router (http://localhost:5173/node_modules/.vite/deps/react-router-dom.js?v=1f697ce1:4544:15)
    at HashRouter (http://localhost:5173/node_modules/.vite/deps/react-router-dom.js?v=1f697ce1:5326:5) @ http://localhost:5173/node_modules/.vite/deps/chunk-NLPANMJC.js?v=dc97d517:520
[  127310ms] [ERROR] Warning: Encountered two children with the same key, `%s`. Keys should be unique so that components maintain their identity across updates. Non-unique keys may cause children to be duplicated and/or omitted — the behavior is unsupported and could change in a future version.%s Makkah Al-Mukarramah 
    at div
    at section
    at div
    at HomePage (http://localhost:5173/src/features/home/HomePage.jsx?t=1785108332662:37:33)
    at RenderedRoute (http://localhost:5173/node_modules/.vite/deps/react-router-dom.js?v=1f697ce1:4131:5)
    at Outlet (http://localhost:5173/node_modules/.vite/deps/react-router-dom.js?v=1f697ce1:4537:26)
    at main
    at div
    at MainLayout (http://localhost:5173/src/components/layout/MainLayout.jsx:33:39)
    at RenderedRoute (http://localhost:5173/node_modules/.vite/deps/react-router-dom.js?v=1f697ce1:4131:5)
    at Routes (http://localhost:5173/node_modules/.vite/deps/react-router-dom.js?v=1f697ce1:4601:5)
    at App
    at Router (http://localhost:5173/node_modules/.vite/deps/react-router-dom.js?v=1f697ce1:4544:15)
    at HashRouter (http://localhost:5173/node_modules/.vite/deps/react-router-dom.js?v=1f697ce1:5326:5) @ http://localhost:5173/node_modules/.vite/deps/chunk-NLPANMJC.js?v=dc97d517:520
[  127310ms] [ERROR] Warning: Encountered two children with the same key, `%s`. Keys should be unique so that components maintain their identity across updates. Non-unique keys may cause children to be duplicated and/or omitted — the behavior is unsupported and could change in a future version.%s Makkah Al-Mukarramah 
    at div
    at section
    at div
    at HomePage (http://localhost:5173/src/features/home/HomePage.jsx?t=1785108332662:37:33)
    at RenderedRoute (http://localhost:5173/node_modules/.vite/deps/react-router-dom.js?v=1f697ce1:4131:5)
    at Outlet (http://localhost:5173/node_modules/.vite/deps/react-router-dom.js?v=1f697ce1:4537:26)
    at main
    at div
    at MainLayout (http://localhost:5173/src/components/layout/MainLayout.jsx:33:39)
    at RenderedRoute (http://localhost:5173/node_modules/.vite/deps/react-router-dom.js?v=1f697ce1:4131:5)
    at Routes (http://localhost:5173/node_modules/.vite/deps/react-router-dom.js?v=1f697ce1:4601:5)
    at App
    at Router (http://localhost:5173/node_modules/.vite/deps/react-router-dom.js?v=1f697ce1:4544:15)
    at HashRouter (http://localhost:5173/node_modules/.vite/deps/react-router-dom.js?v=1f697ce1:5326:5) @ http://localhost:5173/node_modules/.vite/deps/chunk-NLPANMJC.js?v=dc97d517:520
[  127418ms] [ERROR] Warning: Encountered two children with the same key, `%s`. Keys should be unique so that components maintain their identity across updates. Non-unique keys may cause children to be duplicated and/or omitted — the behavior is unsupported and could change in a future version.%s Makkah Al-Mukarramah 
    at div
    at section
    at div
    at HomePage (http://localhost:5173/src/features/home/HomePage.jsx?t=1785108332662:37:33)
    at RenderedRoute (http://localhost:5173/node_modules/.vite/deps/react-router-dom.js?v=1f697ce1:4131:5)
    at Outlet (http://localhost:5173/node_modules/.vite/deps/react-router-dom.js?v=1f697ce1:4537:26)
    at main
    at div
    at MainLayout (http://localhost:5173/src/components/layout/MainLayout.jsx:33:39)
    at RenderedRoute (http://localhost:5173/node_modules/.vite/deps/react-router-dom.js?v=1f697ce1:4131:5)
    at Routes (http://localhost:5173/node_modules/.vite/deps/react-router-dom.js?v=1f697ce1:4601:5)
    at App
    at Router (http://localhost:5173/node_modules/.vite/deps/react-router-dom.js?v=1f697ce1:4544:15)
    at HashRouter (http://localhost:5173/node_modules/.vite/deps/react-router-dom.js?v=1f697ce1:5326:5) @ http://localhost:5173/node_modules/.vite/deps/chunk-NLPANMJC.js?v=dc97d517:520
[  127418ms] [ERROR] Warning: Encountered two children with the same key, `%s`. Keys should be unique so that components maintain their identity across updates. Non-unique keys may cause children to be duplicated and/or omitted — the behavior is unsupported and could change in a future version.%s Makkah Al-Mukarramah 
    at div
    at section
    at div
    at HomePage (http://localhost:5173/src/features/home/HomePage.jsx?t=1785108332662:37:33)
    at RenderedRoute (http://localhost:5173/node_modules/.vite/deps/react-router-dom.js?v=1f697ce1:4131:5)
    at Outlet (http://localhost:5173/node_modules/.vite/deps/react-router-dom.js?v=1f697ce1:4537:26)
    at main
    at div
    at MainLayout (http://localhost:5173/src/components/layout/MainLayout.jsx:33:39)
    at RenderedRoute (http://localhost:5173/node_modules/.vite/deps/react-router-dom.js?v=1f697ce1:4131:5)
    at Routes (http://localhost:5173/node_modules/.vite/deps/react-router-dom.js?v=1f697ce1:4601:5)
    at App
    at Router (http://localhost:5173/node_modules/.vite/deps/react-router-dom.js?v=1f697ce1:4544:15)
    at HashRouter (http://localhost:5173/node_modules/.vite/deps/react-router-dom.js?v=1f697ce1:5326:5) @ http://localhost:5173/node_modules/.vite/deps/chunk-NLPANMJC.js?v=dc97d517:520
[  127418ms] [ERROR] Warning: Encountered two children with the same key, `%s`. Keys should be unique so that components maintain their identity across updates. Non-unique keys may cause children to be duplicated and/or omitted — the behavior is unsupported and could change in a future version.%s Makkah Al-Mukarramah 
    at div
    at section
    at div
    at HomePage (http://localhost:5173/src/features/home/HomePage.jsx?t=1785108332662:37:33)
    at RenderedRoute (http://localhost:5173/node_modules/.vite/deps/react-router-dom.js?v=1f697ce1:4131:5)
    at Outlet (http://localhost:5173/node_modules/.vite/deps/react-router-dom.js?v=1f697ce1:4537:26)
    at main
    at div
    at MainLayout (http://localhost:5173/src/components/layout/MainLayout.jsx:33:39)
    at RenderedRoute (http://localhost:5173/node_modules/.vite/deps/react-router-dom.js?v=1f697ce1:4131:5)
    at Routes (http://localhost:5173/node_modules/.vite/deps/react-router-dom.js?v=1f697ce1:4601:5)
    at App
    at Router (http://localhost:5173/node_modules/.vite/deps/react-router-dom.js?v=1f697ce1:4544:15)
    at HashRouter (http://localhost:5173/node_modules/.vite/deps/react-router-dom.js?v=1f697ce1:5326:5) @ http://localhost:5173/node_modules/.vite/deps/chunk-NLPANMJC.js?v=dc97d517:520
[  127697ms] [ERROR] Warning: Encountered two children with the same key, `%s`. Keys should be unique so that components maintain their identity across updates. Non-unique keys may cause children to be duplicated and/or omitted — the behavior is unsupported and could change in a future version.%s Makkah Al-Mukarramah 
    at div
    at section
    at div
    at HomePage (http://localhost:5173/src/features/home/HomePage.jsx?t=1785108332662:37:33)
    at RenderedRoute (http://localhost:5173/node_modules/.vite/deps/react-router-dom.js?v=1f697ce1:4131:5)
    at Outlet (http://localhost:5173/node_modules/.vite/deps/react-router-dom.js?v=1f697ce1:4537:26)
    at main
    at div
    at MainLayout (http://localhost:5173/src/components/layout/MainLayout.jsx:33:39)
    at RenderedRoute (http://localhost:5173/node_modules/.vite/deps/react-router-dom.js?v=1f697ce1:4131:5)
    at Routes (http://localhost:5173/node_modules/.vite/deps/react-router-dom.js?v=1f697ce1:4601:5)
    at App
    at Router (http://localhost:5173/node_modules/.vite/deps/react-router-dom.js?v=1f697ce1:4544:15)
    at HashRouter (http://localhost:5173/node_modules/.vite/deps/react-router-dom.js?v=1f697ce1:5326:5) @ http://localhost:5173/node_modules/.vite/deps/chunk-NLPANMJC.js?v=dc97d517:520
[  127697ms] [ERROR] Warning: Encountered two children with the same key, `%s`. Keys should be unique so that components maintain their identity across updates. Non-unique keys may cause children to be duplicated and/or omitted — the behavior is unsupported and could change in a future version.%s Makkah Al-Mukarramah 
    at div
    at section
    at div
    at HomePage (http://localhost:5173/src/features/home/HomePage.jsx?t=1785108332662:37:33)
    at RenderedRoute (http://localhost:5173/node_modules/.vite/deps/react-router-dom.js?v=1f697ce1:4131:5)
    at Outlet (http://localhost:5173/node_modules/.vite/deps/react-router-dom.js?v=1f697ce1:4537:26)
    at main
    at div
    at MainLayout (http://localhost:5173/src/components/layout/MainLayout.jsx:33:39)
    at RenderedRoute (http://localhost:5173/node_modules/.vite/deps/react-router-dom.js?v=1f697ce1:4131:5)
    at Routes (http://localhost:5173/node_modules/.vite/deps/react-router-dom.js?v=1f697ce1:4601:5)
    at App
    at Router (http://localhost:5173/node_modules/.vite/deps/react-router-dom.js?v=1f697ce1:4544:15)
    at HashRouter (http://localhost:5173/node_modules/.vite/deps/react-router-dom.js?v=1f697ce1:5326:5) @ http://localhost:5173/node_modules/.vite/deps/chunk-NLPANMJC.js?v=dc97d517:520
[  127697ms] [ERROR] Warning: Encountered two children with the same key, `%s`. Keys should be unique so that components maintain their identity across updates. Non-unique keys may cause children to be duplicated and/or omitted — the behavior is unsupported and could change in a future version.%s Makkah Al-Mukarramah 
    at div
    at section
    at div
    at HomePage (http://localhost:5173/src/features/home/HomePage.jsx?t=1785108332662:37:33)
    at RenderedRoute (http://localhost:5173/node_modules/.vite/deps/react-router-dom.js?v=1f697ce1:4131:5)
    at Outlet (http://localhost:5173/node_modules/.vite/deps/react-router-dom.js?v=1f697ce1:4537:26)
    at main
    at div
    at MainLayout (http://localhost:5173/src/components/layout/MainLayout.jsx:33:39)
    at RenderedRoute (http://localhost:5173/node_modules/.vite/deps/react-router-dom.js?v=1f697ce1:4131:5)
    at Routes (http://localhost:5173/node_modules/.vite/deps/react-router-dom.js?v=1f697ce1:4601:5)
    at App
    at Router (http://localhost:5173/node_modules/.vite/deps/react-router-dom.js?v=1f697ce1:4544:15)
    at HashRouter (http://localhost:5173/node_modules/.vite/deps/react-router-dom.js?v=1f697ce1:5326:5) @ http://localhost:5173/node_modules/.vite/deps/chunk-NLPANMJC.js?v=dc97d517:520
[  128463ms] [ERROR] Failed to load resource: net::ERR_CONNECTION_REFUSED @ http://localhost:5173/:0
[  131425ms] [ERROR] Warning: Encountered two children with the same key, `%s`. Keys should be unique so that components maintain their identity across updates. Non-unique keys may cause children to be duplicated and/or omitted — the behavior is unsupported and could change in a future version.%s Makkah Al-Mukarramah 
    at div
    at section
    at div
    at HomePage (http://localhost:5173/src/features/home/HomePage.jsx?t=1785108332662:37:33)
    at RenderedRoute (http://localhost:5173/node_modules/.vite/deps/react-router-dom.js?v=1f697ce1:4131:5)
    at Outlet (http://localhost:5173/node_modules/.vite/deps/react-router-dom.js?v=1f697ce1:4537:26)
    at main
    at div
    at MainLayout (http://localhost:5173/src/components/layout/MainLayout.jsx:33:39)
    at RenderedRoute (http://localhost:5173/node_modules/.vite/deps/react-router-dom.js?v=1f697ce1:4131:5)
    at Routes (http://localhost:5173/node_modules/.vite/deps/react-router-dom.js?v=1f697ce1:4601:5)
    at App
    at Router (http://localhost:5173/node_modules/.vite/deps/react-router-dom.js?v=1f697ce1:4544:15)
    at HashRouter (http://localhost:5173/node_modules/.vite/deps/react-router-dom.js?v=1f697ce1:5326:5) @ http://localhost:5173/node_modules/.vite/deps/chunk-NLPANMJC.js?v=dc97d517:520
[  131425ms] [ERROR] Warning: Encountered two children with the same key, `%s`. Keys should be unique so that components maintain their identity across updates. Non-unique keys may cause children to be duplicated and/or omitted — the behavior is unsupported and could change in a future version.%s Makkah Al-Mukarramah 
    at div
    at section
    at div
    at HomePage (http://localhost:5173/src/features/home/HomePage.jsx?t=1785108332662:37:33)
    at RenderedRoute (http://localhost:5173/node_modules/.vite/deps/react-router-dom.js?v=1f697ce1:4131:5)
    at Outlet (http://localhost:5173/node_modules/.vite/deps/react-router-dom.js?v=1f697ce1:4537:26)
    at main
    at div
    at MainLayout (http://localhost:5173/src/components/layout/MainLayout.jsx:33:39)
    at RenderedRoute (http://localhost:5173/node_modules/.vite/deps/react-router-dom.js?v=1f697ce1:4131:5)
    at Routes (http://localhost:5173/node_modules/.vite/deps/react-router-dom.js?v=1f697ce1:4601:5)
    at App
    at Router (http://localhost:5173/node_modules/.vite/deps/react-router-dom.js?v=1f697ce1:4544:15)
    at HashRouter (http://localhost:5173/node_modules/.vite/deps/react-router-dom.js?v=1f697ce1:5326:5) @ http://localhost:5173/node_modules/.vite/deps/chunk-NLPANMJC.js?v=dc97d517:520
[  131425ms] [ERROR] Warning: Encountered two children with the same key, `%s`. Keys should be unique so that components maintain their identity across updates. Non-unique keys may cause children to be duplicated and/or omitted — the behavior is unsupported and could change in a future version.%s Makkah Al-Mukarramah 
    at div
    at section
    at div
    at HomePage (http://localhost:5173/src/features/home/HomePage.jsx?t=1785108332662:37:33)
    at RenderedRoute (http://localhost:5173/node_modules/.vite/deps/react-router-dom.js?v=1f697ce1:4131:5)
    at Outlet (http://localhost:5173/node_modules/.vite/deps/react-router-dom.js?v=1f697ce1:4537:26)
    at main
    at div
    at MainLayout (http://localhost:5173/src/components/layout/MainLayout.jsx:33:39)
    at RenderedRoute (http://localhost:5173/node_modules/.vite/deps/react-router-dom.js?v=1f697ce1:4131:5)
    at Routes (http://localhost:5173/node_modules/.vite/deps/react-router-dom.js?v=1f697ce1:4601:5)
    at App
    at Router (http://localhost:5173/node_modules/.vite/deps/react-router-dom.js?v=1f697ce1:4544:15)
    at HashRouter (http://localhost:5173/node_modules/.vite/deps/react-router-dom.js?v=1f697ce1:5326:5) @ http://localhost:5173/node_modules/.vite/deps/chunk-NLPANMJC.js?v=dc97d517:520
[  131447ms] [ERROR] Warning: Encountered two children with the same key, `%s`. Keys should be unique so that components maintain their identity across updates. Non-unique keys may cause children to be duplicated and/or omitted — the behavior is unsupported and could change in a future version.%s Makkah Al-Mukarramah 
    at div
    at section
    at div
    at HomePage (http://localhost:5173/src/features/home/HomePage.jsx?t=1785108332662:37:33)
    at RenderedRoute (http://localhost:5173/node_modules/.vite/deps/react-router-dom.js?v=1f697ce1:4131:5)
    at Outlet (http://localhost:5173/node_modules/.vite/deps/react-router-dom.js?v=1f697ce1:4537:26)
    at main
    at div
    at MainLayout (http://localhost:5173/src/components/layout/MainLayout.jsx:33:39)
    at RenderedRoute (http://localhost:5173/node_modules/.vite/deps/react-router-dom.js?v=1f697ce1:4131:5)
    at Routes (http://localhost:5173/node_modules/.vite/deps/react-router-dom.js?v=1f697ce1:4601:5)
    at App
    at Router (http://localhost:5173/node_modules/.vite/deps/react-router-dom.js?v=1f697ce1:4544:15)
    at HashRouter (http://localhost:5173/node_modules/.vite/deps/react-router-dom.js?v=1f697ce1:5326:5) @ http://localhost:5173/node_modules/.vite/deps/chunk-NLPANMJC.js?v=dc97d517:520
[  131447ms] [ERROR] Warning: Encountered two children with the same key, `%s`. Keys should be unique so that components maintain their identity across updates. Non-unique keys may cause children to be duplicated and/or omitted — the behavior is unsupported and could change in a future version.%s Makkah Al-Mukarramah 
    at div
    at section
    at div
    at HomePage (http://localhost:5173/src/features/home/HomePage.jsx?t=1785108332662:37:33)
    at RenderedRoute (http://localhost:5173/node_modules/.vite/deps/react-router-dom.js?v=1f697ce1:4131:5)
    at Outlet (http://localhost:5173/node_modules/.vite/deps/react-router-dom.js?v=1f697ce1:4537:26)
    at main
    at div
    at MainLayout (http://localhost:5173/src/components/layout/MainLayout.jsx:33:39)
    at RenderedRoute (http://localhost:5173/node_modules/.vite/deps/react-router-dom.js?v=1f697ce1:4131:5)
    at Routes (http://localhost:5173/node_modules/.vite/deps/react-router-dom.js?v=1f697ce1:4601:5)
    at App
    at Router (http://localhost:5173/node_modules/.vite/deps/react-router-dom.js?v=1f697ce1:4544:15)
    at HashRouter (http://localhost:5173/node_modules/.vite/deps/react-router-dom.js?v=1f697ce1:5326:5) @ http://localhost:5173/node_modules/.vite/deps/chunk-NLPANMJC.js?v=dc97d517:520
[  131447ms] [ERROR] Warning: Encountered two children with the same key, `%s`. Keys should be unique so that components maintain their identity across updates. Non-unique keys may cause children to be duplicated and/or omitted — the behavior is unsupported and could change in a future version.%s Makkah Al-Mukarramah 
    at div
    at section
    at div
    at HomePage (http://localhost:5173/src/features/home/HomePage.jsx?t=1785108332662:37:33)
    at RenderedRoute (http://localhost:5173/node_modules/.vite/deps/react-router-dom.js?v=1f697ce1:4131:5)
    at Outlet (http://localhost:5173/node_modules/.vite/deps/react-router-dom.js?v=1f697ce1:4537:26)
    at main
    at div
    at MainLayout (http://localhost:5173/src/components/layout/MainLayout.jsx:33:39)
    at RenderedRoute (http://localhost:5173/node_modules/.vite/deps/react-router-dom.js?v=1f697ce1:4131:5)
    at Routes (http://localhost:5173/node_modules/.vite/deps/react-router-dom.js?v=1f697ce1:4601:5)
    at App
    at Router (http://localhost:5173/node_modules/.vite/deps/react-router-dom.js?v=1f697ce1:4544:15)
    at HashRouter (http://localhost:5173/node_modules/.vite/deps/react-router-dom.js?v=1f697ce1:5326:5) @ http://localhost:5173/node_modules/.vite/deps/chunk-NLPANMJC.js?v=dc97d517:520
[  131563ms] [ERROR] Warning: Encountered two children with the same key, `%s`. Keys should be unique so that components maintain their identity across updates. Non-unique keys may cause children to be duplicated and/or omitted — the behavior is unsupported and could change in a future version.%s Makkah Al-Mukarramah 
    at div
    at section
    at div
    at HomePage (http://localhost:5173/src/features/home/HomePage.jsx?t=1785108332662:37:33)
    at RenderedRoute (http://localhost:5173/node_modules/.vite/deps/react-router-dom.js?v=1f697ce1:4131:5)
    at Outlet (http://localhost:5173/node_modules/.vite/deps/react-router-dom.js?v=1f697ce1:4537:26)
    at main
    at div
    at MainLayout (http://localhost:5173/src/components/layout/MainLayout.jsx:33:39)
    at RenderedRoute (http://localhost:5173/node_modules/.vite/deps/react-router-dom.js?v=1f697ce1:4131:5)
    at Routes (http://localhost:5173/node_modules/.vite/deps/react-router-dom.js?v=1f697ce1:4601:5)
    at App
    at Router (http://localhost:5173/node_modules/.vite/deps/react-router-dom.js?v=1f697ce1:4544:15)
    at HashRouter (http://localhost:5173/node_modules/.vite/deps/react-router-dom.js?v=1f697ce1:5326:5) @ http://localhost:5173/node_modules/.vite/deps/chunk-NLPANMJC.js?v=dc97d517:520
[  131564ms] [ERROR] Warning: Encountered two children with the same key, `%s`. Keys should be unique so that components maintain their identity across updates. Non-unique keys may cause children to be duplicated and/or omitted — the behavior is unsupported and could change in a future version.%s Makkah Al-Mukarramah 
    at div
    at section
    at div
    at HomePage (http://localhost:5173/src/features/home/HomePage.jsx?t=1785108332662:37:33)
    at RenderedRoute (http://localhost:5173/node_modules/.vite/deps/react-router-dom.js?v=1f697ce1:4131:5)
    at Outlet (http://localhost:5173/node_modules/.vite/deps/react-router-dom.js?v=1f697ce1:4537:26)
    at main
    at div
    at MainLayout (http://localhost:5173/src/components/layout/MainLayout.jsx:33:39)
    at RenderedRoute (http://localhost:5173/node_modules/.vite/deps/react-router-dom.js?v=1f697ce1:4131:5)
    at Routes (http://localhost:5173/node_modules/.vite/deps/react-router-dom.js?v=1f697ce1:4601:5)
    at App
    at Router (http://localhost:5173/node_modules/.vite/deps/react-router-dom.js?v=1f697ce1:4544:15)
    at HashRouter (http://localhost:5173/node_modules/.vite/deps/react-router-dom.js?v=1f697ce1:5326:5) @ http://localhost:5173/node_modules/.vite/deps/chunk-NLPANMJC.js?v=dc97d517:520
[  131564ms] [ERROR] Warning: Encountered two children with the same key, `%s`. Keys should be unique so that components maintain their identity across updates. Non-unique keys may cause children to be duplicated and/or omitted — the behavior is unsupported and could change in a future version.%s Makkah Al-Mukarramah 
    at div
    at section
    at div
    at HomePage (http://localhost:5173/src/features/home/HomePage.jsx?t=1785108332662:37:33)
    at RenderedRoute (http://localhost:5173/node_modules/.vite/deps/react-router-dom.js?v=1f697ce1:4131:5)
    at Outlet (http://localhost:5173/node_modules/.vite/deps/react-router-dom.js?v=1f697ce1:4537:26)
    at main
    at div
    at MainLayout (http://localhost:5173/src/components/layout/MainLayout.jsx:33:39)
    at RenderedRoute (http://localhost:5173/node_modules/.vite/deps/react-router-dom.js?v=1f697ce1:4131:5)
    at Routes (http://localhost:5173/node_modules/.vite/deps/react-router-dom.js?v=1f697ce1:4601:5)
    at App
    at Router (http://localhost:5173/node_modules/.vite/deps/react-router-dom.js?v=1f697ce1:4544:15)
    at HashRouter (http://localhost:5173/node_modules/.vite/deps/react-router-dom.js?v=1f697ce1:5326:5) @ http://localhost:5173/node_modules/.vite/deps/chunk-NLPANMJC.js?v=dc97d517:520
[  131833ms] [ERROR] Failed to load resource: net::ERR_CONNECTION_REFUSED @ http://localhost:5173/:0
[  135198ms] [ERROR] Failed to load resource: net::ERR_CONNECTION_REFUSED @ http://localhost:5173/:0
[  135920ms] [ERROR] Warning: Encountered two children with the same key, `%s`. Keys should be unique so that components maintain their identity across updates. Non-unique keys may cause children to be duplicated and/or omitted — the behavior is unsupported and could change in a future version.%s Makkah Al-Mukarramah 
    at div
    at section
    at div
    at HomePage (http://localhost:5173/src/features/home/HomePage.jsx?t=1785108332662:37:33)
    at RenderedRoute (http://localhost:5173/node_modules/.vite/deps/react-router-dom.js?v=1f697ce1:4131:5)
    at Outlet (http://localhost:5173/node_modules/.vite/deps/react-router-dom.js?v=1f697ce1:4537:26)
    at main
    at div
    at MainLayout (http://localhost:5173/src/components/layout/MainLayout.jsx:33:39)
    at RenderedRoute (http://localhost:5173/node_modules/.vite/deps/react-router-dom.js?v=1f697ce1:4131:5)
    at Routes (http://localhost:5173/node_modules/.vite/deps/react-router-dom.js?v=1f697ce1:4601:5)
    at App
    at Router (http://localhost:5173/node_modules/.vite/deps/react-router-dom.js?v=1f697ce1:4544:15)
    at HashRouter (http://localhost:5173/node_modules/.vite/deps/react-router-dom.js?v=1f697ce1:5326:5) @ http://localhost:5173/node_modules/.vite/deps/chunk-NLPANMJC.js?v=dc97d517:520
[  135920ms] [ERROR] Warning: Encountered two children with the same key, `%s`. Keys should be unique so that components maintain their identity across updates. Non-unique keys may cause children to be duplicated and/or omitted — the behavior is unsupported and could change in a future version.%s Makkah Al-Mukarramah 
    at div
    at section
    at div
    at HomePage (http://localhost:5173/src/features/home/HomePage.jsx?t=1785108332662:37:33)
    at RenderedRoute (http://localhost:5173/node_modules/.vite/deps/react-router-dom.js?v=1f697ce1:4131:5)
    at Outlet (http://localhost:5173/node_modules/.vite/deps/react-router-dom.js?v=1f697ce1:4537:26)
    at main
    at div
    at MainLayout (http://localhost:5173/src/components/layout/MainLayout.jsx:33:39)
    at RenderedRoute (http://localhost:5173/node_modules/.vite/deps/react-router-dom.js?v=1f697ce1:4131:5)
    at Routes (http://localhost:5173/node_modules/.vite/deps/react-router-dom.js?v=1f697ce1:4601:5)
    at App
    at Router (http://localhost:5173/node_modules/.vite/deps/react-router-dom.js?v=1f697ce1:4544:15)
    at HashRouter (http://localhost:5173/node_modules/.vite/deps/react-router-dom.js?v=1f697ce1:5326:5) @ http://localhost:5173/node_modules/.vite/deps/chunk-NLPANMJC.js?v=dc97d517:520
[  135920ms] [ERROR] Warning: Encountered two children with the same key, `%s`. Keys should be unique so that components maintain their identity across updates. Non-unique keys may cause children to be duplicated and/or omitted — the behavior is unsupported and could change in a future version.%s Makkah Al-Mukarramah 
    at div
    at section
    at div
    at HomePage (http://localhost:5173/src/features/home/HomePage.jsx?t=1785108332662:37:33)
    at RenderedRoute (http://localhost:5173/node_modules/.vite/deps/react-router-dom.js?v=1f697ce1:4131:5)
    at Outlet (http://localhost:5173/node_modules/.vite/deps/react-router-dom.js?v=1f697ce1:4537:26)
    at main
    at div
    at MainLayout (http://localhost:5173/src/components/layout/MainLayout.jsx:33:39)
    at RenderedRoute (http://localhost:5173/node_modules/.vite/deps/react-router-dom.js?v=1f697ce1:4131:5)
    at Routes (http://localhost:5173/node_modules/.vite/deps/react-router-dom.js?v=1f697ce1:4601:5)
    at App
    at Router (http://localhost:5173/node_modules/.vite/deps/react-router-dom.js?v=1f697ce1:4544:15)
    at HashRouter (http://localhost:5173/node_modules/.vite/deps/react-router-dom.js?v=1f697ce1:5326:5) @ http://localhost:5173/node_modules/.vite/deps/chunk-NLPANMJC.js?v=dc97d517:520
[  135941ms] [ERROR] Warning: Encountered two children with the same key, `%s`. Keys should be unique so that components maintain their identity across updates. Non-unique keys may cause children to be duplicated and/or omitted — the behavior is unsupported and could change in a future version.%s Makkah Al-Mukarramah 
    at div
    at section
    at div
    at HomePage (http://localhost:5173/src/features/home/HomePage.jsx?t=1785108332662:37:33)
    at RenderedRoute (http://localhost:5173/node_modules/.vite/deps/react-router-dom.js?v=1f697ce1:4131:5)
    at Outlet (http://localhost:5173/node_modules/.vite/deps/react-router-dom.js?v=1f697ce1:4537:26)
    at main
    at div
    at MainLayout (http://localhost:5173/src/components/layout/MainLayout.jsx:33:39)
    at RenderedRoute (http://localhost:5173/node_modules/.vite/deps/react-router-dom.js?v=1f697ce1:4131:5)
    at Routes (http://localhost:5173/node_modules/.vite/deps/react-router-dom.js?v=1f697ce1:4601:5)
    at App
    at Router (http://localhost:5173/node_modules/.vite/deps/react-router-dom.js?v=1f697ce1:4544:15)
    at HashRouter (http://localhost:5173/node_modules/.vite/deps/react-router-dom.js?v=1f697ce1:5326:5) @ http://localhost:5173/node_modules/.vite/deps/chunk-NLPANMJC.js?v=dc97d517:520
[  135942ms] [ERROR] Warning: Encountered two children with the same key, `%s`. Keys should be unique so that components maintain their identity across updates. Non-unique keys may cause children to be duplicated and/or omitted — the behavior is unsupported and could change in a future version.%s Makkah Al-Mukarramah 
    at div
    at section
    at div
    at HomePage (http://localhost:5173/src/features/home/HomePage.jsx?t=1785108332662:37:33)
    at RenderedRoute (http://localhost:5173/node_modules/.vite/deps/react-router-dom.js?v=1f697ce1:4131:5)
    at Outlet (http://localhost:5173/node_modules/.vite/deps/react-router-dom.js?v=1f697ce1:4537:26)
    at main
    at div
    at MainLayout (http://localhost:5173/src/components/layout/MainLayout.jsx:33:39)
    at RenderedRoute (http://localhost:5173/node_modules/.vite/deps/react-router-dom.js?v=1f697ce1:4131:5)
    at Routes (http://localhost:5173/node_modules/.vite/deps/react-router-dom.js?v=1f697ce1:4601:5)
    at App
    at Router (http://localhost:5173/node_modules/.vite/deps/react-router-dom.js?v=1f697ce1:4544:15)
    at HashRouter (http://localhost:5173/node_modules/.vite/deps/react-router-dom.js?v=1f697ce1:5326:5) @ http://localhost:5173/node_modules/.vite/deps/chunk-NLPANMJC.js?v=dc97d517:520
[  135942ms] [ERROR] Warning: Encountered two children with the same key, `%s`. Keys should be unique so that components maintain their identity across updates. Non-unique keys may cause children to be duplicated and/or omitted — the behavior is unsupported and could change in a future version.%s Makkah Al-Mukarramah 
    at div
    at section
    at div
    at HomePage (http://localhost:5173/src/features/home/HomePage.jsx?t=1785108332662:37:33)
    at RenderedRoute (http://localhost:5173/node_modules/.vite/deps/react-router-dom.js?v=1f697ce1:4131:5)
    at Outlet (http://localhost:5173/node_modules/.vite/deps/react-router-dom.js?v=1f697ce1:4537:26)
    at main
    at div
    at MainLayout (http://localhost:5173/src/components/layout/MainLayout.jsx:33:39)
    at RenderedRoute (http://localhost:5173/node_modules/.vite/deps/react-router-dom.js?v=1f697ce1:4131:5)
    at Routes (http://localhost:5173/node_modules/.vite/deps/react-router-dom.js?v=1f697ce1:4601:5)
    at App
    at Router (http://localhost:5173/node_modules/.vite/deps/react-router-dom.js?v=1f697ce1:4544:15)
    at HashRouter (http://localhost:5173/node_modules/.vite/deps/react-router-dom.js?v=1f697ce1:5326:5) @ http://localhost:5173/node_modules/.vite/deps/chunk-NLPANMJC.js?v=dc97d517:520
[  136077ms] [ERROR] Warning: Encountered two children with the same key, `%s`. Keys should be unique so that components maintain their identity across updates. Non-unique keys may cause children to be duplicated and/or omitted — the behavior is unsupported and could change in a future version.%s Makkah Al-Mukarramah 
    at div
    at section
    at div
    at HomePage (http://localhost:5173/src/features/home/HomePage.jsx?t=1785108332662:37:33)
    at RenderedRoute (http://localhost:5173/node_modules/.vite/deps/react-router-dom.js?v=1f697ce1:4131:5)
    at Outlet (http://localhost:5173/node_modules/.vite/deps/react-router-dom.js?v=1f697ce1:4537:26)
    at main
    at div
    at MainLayout (http://localhost:5173/src/components/layout/MainLayout.jsx:33:39)
    at RenderedRoute (http://localhost:5173/node_modules/.vite/deps/react-router-dom.js?v=1f697ce1:4131:5)
    at Routes (http://localhost:5173/node_modules/.vite/deps/react-router-dom.js?v=1f697ce1:4601:5)
    at App
    at Router (http://localhost:5173/node_modules/.vite/deps/react-router-dom.js?v=1f697ce1:4544:15)
    at HashRouter (http://localhost:5173/node_modules/.vite/deps/react-router-dom.js?v=1f697ce1:5326:5) @ http://localhost:5173/node_modules/.vite/deps/chunk-NLPANMJC.js?v=dc97d517:520
[  136078ms] [ERROR] Warning: Encountered two children with the same key, `%s`. Keys should be unique so that components maintain their identity across updates. Non-unique keys may cause children to be duplicated and/or omitted — the behavior is unsupported and could change in a future version.%s Makkah Al-Mukarramah 
    at div
    at section
    at div
    at HomePage (http://localhost:5173/src/features/home/HomePage.jsx?t=1785108332662:37:33)
    at RenderedRoute (http://localhost:5173/node_modules/.vite/deps/react-router-dom.js?v=1f697ce1:4131:5)
    at Outlet (http://localhost:5173/node_modules/.vite/deps/react-router-dom.js?v=1f697ce1:4537:26)
    at main
    at div
    at MainLayout (http://localhost:5173/src/components/layout/MainLayout.jsx:33:39)
    at RenderedRoute (http://localhost:5173/node_modules/.vite/deps/react-router-dom.js?v=1f697ce1:4131:5)
    at Routes (http://localhost:5173/node_modules/.vite/deps/react-router-dom.js?v=1f697ce1:4601:5)
    at App
    at Router (http://localhost:5173/node_modules/.vite/deps/react-router-dom.js?v=1f697ce1:4544:15)
    at HashRouter (http://localhost:5173/node_modules/.vite/deps/react-router-dom.js?v=1f697ce1:5326:5) @ http://localhost:5173/node_modules/.vite/deps/chunk-NLPANMJC.js?v=dc97d517:520
[  136078ms] [ERROR] Warning: Encountered two children with the same key, `%s`. Keys should be unique so that components maintain their identity across updates. Non-unique keys may cause children to be duplicated and/or omitted — the behavior is unsupported and could change in a future version.%s Makkah Al-Mukarramah 
    at div
    at section
    at div
    at HomePage (http://localhost:5173/src/features/home/HomePage.jsx?t=1785108332662:37:33)
    at RenderedRoute (http://localhost:5173/node_modules/.vite/deps/react-router-dom.js?v=1f697ce1:4131:5)
    at Outlet (http://localhost:5173/node_modules/.vite/deps/react-router-dom.js?v=1f697ce1:4537:26)
    at main
    at div
    at MainLayout (http://localhost:5173/src/components/layout/MainLayout.jsx:33:39)
    at RenderedRoute (http://localhost:5173/node_modules/.vite/deps/react-router-dom.js?v=1f697ce1:4131:5)
    at Routes (http://localhost:5173/node_modules/.vite/deps/react-router-dom.js?v=1f697ce1:4601:5)
    at App
    at Router (http://localhost:5173/node_modules/.vite/deps/react-router-dom.js?v=1f697ce1:4544:15)
    at HashRouter (http://localhost:5173/node_modules/.vite/deps/react-router-dom.js?v=1f697ce1:5326:5) @ http://localhost:5173/node_modules/.vite/deps/chunk-NLPANMJC.js?v=dc97d517:520
[  138549ms] [ERROR] Failed to load resource: net::ERR_CONNECTION_REFUSED @ http://localhost:5173/:0
[  140419ms] [ERROR] Warning: Encountered two children with the same key, `%s`. Keys should be unique so that components maintain their identity across updates. Non-unique keys may cause children to be duplicated and/or omitted — the behavior is unsupported and could change in a future version.%s Makkah Al-Mukarramah 
    at div
    at section
    at div
    at HomePage (http://localhost:5173/src/features/home/HomePage.jsx?t=1785108332662:37:33)
    at RenderedRoute (http://localhost:5173/node_modules/.vite/deps/react-router-dom.js?v=1f697ce1:4131:5)
    at Outlet (http://localhost:5173/node_modules/.vite/deps/react-router-dom.js?v=1f697ce1:4537:26)
    at main
    at div
    at MainLayout (http://localhost:5173/src/components/layout/MainLayout.jsx:33:39)
    at RenderedRoute (http://localhost:5173/node_modules/.vite/deps/react-router-dom.js?v=1f697ce1:4131:5)
    at Routes (http://localhost:5173/node_modules/.vite/deps/react-router-dom.js?v=1f697ce1:4601:5)
    at App
    at Router (http://localhost:5173/node_modules/.vite/deps/react-router-dom.js?v=1f697ce1:4544:15)
    at HashRouter (http://localhost:5173/node_modules/.vite/deps/react-router-dom.js?v=1f697ce1:5326:5) @ http://localhost:5173/node_modules/.vite/deps/chunk-NLPANMJC.js?v=dc97d517:520
[  140420ms] [ERROR] Warning: Encountered two children with the same key, `%s`. Keys should be unique so that components maintain their identity across updates. Non-unique keys may cause children to be duplicated and/or omitted — the behavior is unsupported and could change in a future version.%s Makkah Al-Mukarramah 
    at div
    at section
    at div
    at HomePage (http://localhost:5173/src/features/home/HomePage.jsx?t=1785108332662:37:33)
    at RenderedRoute (http://localhost:5173/node_modules/.vite/deps/react-router-dom.js?v=1f697ce1:4131:5)
    at Outlet (http://localhost:5173/node_modules/.vite/deps/react-router-dom.js?v=1f697ce1:4537:26)
    at main
    at div
    at MainLayout (http://localhost:5173/src/components/layout/MainLayout.jsx:33:39)
    at RenderedRoute (http://localhost:5173/node_modules/.vite/deps/react-router-dom.js?v=1f697ce1:4131:5)
    at Routes (http://localhost:5173/node_modules/.vite/deps/react-router-dom.js?v=1f697ce1:4601:5)
    at App
    at Router (http://localhost:5173/node_modules/.vite/deps/react-router-dom.js?v=1f697ce1:4544:15)
    at HashRouter (http://localhost:5173/node_modules/.vite/deps/react-router-dom.js?v=1f697ce1:5326:5) @ http://localhost:5173/node_modules/.vite/deps/chunk-NLPANMJC.js?v=dc97d517:520
[  140420ms] [ERROR] Warning: Encountered two children with the same key, `%s`. Keys should be unique so that components maintain their identity across updates. Non-unique keys may cause children to be duplicated and/or omitted — the behavior is unsupported and could change in a future version.%s Makkah Al-Mukarramah 
    at div
    at section
    at div
    at HomePage (http://localhost:5173/src/features/home/HomePage.jsx?t=1785108332662:37:33)
    at RenderedRoute (http://localhost:5173/node_modules/.vite/deps/react-router-dom.js?v=1f697ce1:4131:5)
    at Outlet (http://localhost:5173/node_modules/.vite/deps/react-router-dom.js?v=1f697ce1:4537:26)
    at main
    at div
    at MainLayout (http://localhost:5173/src/components/layout/MainLayout.jsx:33:39)
    at RenderedRoute (http://localhost:5173/node_modules/.vite/deps/react-router-dom.js?v=1f697ce1:4131:5)
    at Routes (http://localhost:5173/node_modules/.vite/deps/react-router-dom.js?v=1f697ce1:4601:5)
    at App
    at Router (http://localhost:5173/node_modules/.vite/deps/react-router-dom.js?v=1f697ce1:4544:15)
    at HashRouter (http://localhost:5173/node_modules/.vite/deps/react-router-dom.js?v=1f697ce1:5326:5) @ http://localhost:5173/node_modules/.vite/deps/chunk-NLPANMJC.js?v=dc97d517:520
[  140442ms] [ERROR] Warning: Encountered two children with the same key, `%s`. Keys should be unique so that components maintain their identity across updates. Non-unique keys may cause children to be duplicated and/or omitted — the behavior is unsupported and could change in a future version.%s Makkah Al-Mukarramah 
    at div
    at section
    at div
    at HomePage (http://localhost:5173/src/features/home/HomePage.jsx?t=1785108332662:37:33)
    at RenderedRoute (http://localhost:5173/node_modules/.vite/deps/react-router-dom.js?v=1f697ce1:4131:5)
    at Outlet (http://localhost:5173/node_modules/.vite/deps/react-router-dom.js?v=1f697ce1:4537:26)
    at main
    at div
    at MainLayout (http://localhost:5173/src/components/layout/MainLayout.jsx:33:39)
    at RenderedRoute (http://localhost:5173/node_modules/.vite/deps/react-router-dom.js?v=1f697ce1:4131:5)
    at Routes (http://localhost:5173/node_modules/.vite/deps/react-router-dom.js?v=1f697ce1:4601:5)
    at App
    at Router (http://localhost:5173/node_modules/.vite/deps/react-router-dom.js?v=1f697ce1:4544:15)
    at HashRouter (http://localhost:5173/node_modules/.vite/deps/react-router-dom.js?v=1f697ce1:5326:5) @ http://localhost:5173/node_modules/.vite/deps/chunk-NLPANMJC.js?v=dc97d517:520
[  140442ms] [ERROR] Warning: Encountered two children with the same key, `%s`. Keys should be unique so that components maintain their identity across updates. Non-unique keys may cause children to be duplicated and/or omitted — the behavior is unsupported and could change in a future version.%s Makkah Al-Mukarramah 
    at div
    at section
    at div
    at HomePage (http://localhost:5173/src/features/home/HomePage.jsx?t=1785108332662:37:33)
    at RenderedRoute (http://localhost:5173/node_modules/.vite/deps/react-router-dom.js?v=1f697ce1:4131:5)
    at Outlet (http://localhost:5173/node_modules/.vite/deps/react-router-dom.js?v=1f697ce1:4537:26)
    at main
    at div
    at MainLayout (http://localhost:5173/src/components/layout/MainLayout.jsx:33:39)
    at RenderedRoute (http://localhost:5173/node_modules/.vite/deps/react-router-dom.js?v=1f697ce1:4131:5)
    at Routes (http://localhost:5173/node_modules/.vite/deps/react-router-dom.js?v=1f697ce1:4601:5)
    at App
    at Router (http://localhost:5173/node_modules/.vite/deps/react-router-dom.js?v=1f697ce1:4544:15)
    at HashRouter (http://localhost:5173/node_modules/.vite/deps/react-router-dom.js?v=1f697ce1:5326:5) @ http://localhost:5173/node_modules/.vite/deps/chunk-NLPANMJC.js?v=dc97d517:520
[  140443ms] [ERROR] Warning: Encountered two children with the same key, `%s`. Keys should be unique so that components maintain their identity across updates. Non-unique keys may cause children to be duplicated and/or omitted — the behavior is unsupported and could change in a future version.%s Makkah Al-Mukarramah 
    at div
    at section
    at div
    at HomePage (http://localhost:5173/src/features/home/HomePage.jsx?t=1785108332662:37:33)
    at RenderedRoute (http://localhost:5173/node_modules/.vite/deps/react-router-dom.js?v=1f697ce1:4131:5)
    at Outlet (http://localhost:5173/node_modules/.vite/deps/react-router-dom.js?v=1f697ce1:4537:26)
    at main
    at div
    at MainLayout (http://localhost:5173/src/components/layout/MainLayout.jsx:33:39)
    at RenderedRoute (http://localhost:5173/node_modules/.vite/deps/react-router-dom.js?v=1f697ce1:4131:5)
    at Routes (http://localhost:5173/node_modules/.vite/deps/react-router-dom.js?v=1f697ce1:4601:5)
    at App
    at Router (http://localhost:5173/node_modules/.vite/deps/react-router-dom.js?v=1f697ce1:4544:15)
    at HashRouter (http://localhost:5173/node_modules/.vite/deps/react-router-dom.js?v=1f697ce1:5326:5) @ http://localhost:5173/node_modules/.vite/deps/chunk-NLPANMJC.js?v=dc97d517:520
[  140575ms] [ERROR] Warning: Encountered two children with the same key, `%s`. Keys should be unique so that components maintain their identity across updates. Non-unique keys may cause children to be duplicated and/or omitted — the behavior is unsupported and could change in a future version.%s Makkah Al-Mukarramah 
    at div
    at section
    at div
    at HomePage (http://localhost:5173/src/features/home/HomePage.jsx?t=1785108332662:37:33)
    at RenderedRoute (http://localhost:5173/node_modules/.vite/deps/react-router-dom.js?v=1f697ce1:4131:5)
    at Outlet (http://localhost:5173/node_modules/.vite/deps/react-router-dom.js?v=1f697ce1:4537:26)
    at main
    at div
    at MainLayout (http://localhost:5173/src/components/layout/MainLayout.jsx:33:39)
    at RenderedRoute (http://localhost:5173/node_modules/.vite/deps/react-router-dom.js?v=1f697ce1:4131:5)
    at Routes (http://localhost:5173/node_modules/.vite/deps/react-router-dom.js?v=1f697ce1:4601:5)
    at App
    at Router (http://localhost:5173/node_modules/.vite/deps/react-router-dom.js?v=1f697ce1:4544:15)
    at HashRouter (http://localhost:5173/node_modules/.vite/deps/react-router-dom.js?v=1f697ce1:5326:5) @ http://localhost:5173/node_modules/.vite/deps/chunk-NLPANMJC.js?v=dc97d517:520
[  140576ms] [ERROR] Warning: Encountered two children with the same key, `%s`. Keys should be unique so that components maintain their identity across updates. Non-unique keys may cause children to be duplicated and/or omitted — the behavior is unsupported and could change in a future version.%s Makkah Al-Mukarramah 
    at div
    at section
    at div
    at HomePage (http://localhost:5173/src/features/home/HomePage.jsx?t=1785108332662:37:33)
    at RenderedRoute (http://localhost:5173/node_modules/.vite/deps/react-router-dom.js?v=1f697ce1:4131:5)
    at Outlet (http://localhost:5173/node_modules/.vite/deps/react-router-dom.js?v=1f697ce1:4537:26)
    at main
    at div
    at MainLayout (http://localhost:5173/src/components/layout/MainLayout.jsx:33:39)
    at RenderedRoute (http://localhost:5173/node_modules/.vite/deps/react-router-dom.js?v=1f697ce1:4131:5)
    at Routes (http://localhost:5173/node_modules/.vite/deps/react-router-dom.js?v=1f697ce1:4601:5)
    at App
    at Router (http://localhost:5173/node_modules/.vite/deps/react-router-dom.js?v=1f697ce1:4544:15)
    at HashRouter (http://localhost:5173/node_modules/.vite/deps/react-router-dom.js?v=1f697ce1:5326:5) @ http://localhost:5173/node_modules/.vite/deps/chunk-NLPANMJC.js?v=dc97d517:520
[  140576ms] [ERROR] Warning: Encountered two children with the same key, `%s`. Keys should be unique so that components maintain their identity across updates. Non-unique keys may cause children to be duplicated and/or omitted — the behavior is unsupported and could change in a future version.%s Makkah Al-Mukarramah 
    at div
    at section
    at div
    at HomePage (http://localhost:5173/src/features/home/HomePage.jsx?t=1785108332662:37:33)
    at RenderedRoute (http://localhost:5173/node_modules/.vite/deps/react-router-dom.js?v=1f697ce1:4131:5)
    at Outlet (http://localhost:5173/node_modules/.vite/deps/react-router-dom.js?v=1f697ce1:4537:26)
    at main
    at div
    at MainLayout (http://localhost:5173/src/components/layout/MainLayout.jsx:33:39)
    at RenderedRoute (http://localhost:5173/node_modules/.vite/deps/react-router-dom.js?v=1f697ce1:4131:5)
    at Routes (http://localhost:5173/node_modules/.vite/deps/react-router-dom.js?v=1f697ce1:4601:5)
    at App
    at Router (http://localhost:5173/node_modules/.vite/deps/react-router-dom.js?v=1f697ce1:4544:15)
    at HashRouter (http://localhost:5173/node_modules/.vite/deps/react-router-dom.js?v=1f697ce1:5326:5) @ http://localhost:5173/node_modules/.vite/deps/chunk-NLPANMJC.js?v=dc97d517:520
[  141897ms] [ERROR] Failed to load resource: net::ERR_CONNECTION_REFUSED @ http://localhost:5173/:0
[  144919ms] [ERROR] Warning: Encountered two children with the same key, `%s`. Keys should be unique so that components maintain their identity across updates. Non-unique keys may cause children to be duplicated and/or omitted — the behavior is unsupported and could change in a future version.%s Makkah Al-Mukarramah 
    at div
    at section
    at div
    at HomePage (http://localhost:5173/src/features/home/HomePage.jsx?t=1785108332662:37:33)
    at RenderedRoute (http://localhost:5173/node_modules/.vite/deps/react-router-dom.js?v=1f697ce1:4131:5)
    at Outlet (http://localhost:5173/node_modules/.vite/deps/react-router-dom.js?v=1f697ce1:4537:26)
    at main
    at div
    at MainLayout (http://localhost:5173/src/components/layout/MainLayout.jsx:33:39)
    at RenderedRoute (http://localhost:5173/node_modules/.vite/deps/react-router-dom.js?v=1f697ce1:4131:5)
    at Routes (http://localhost:5173/node_modules/.vite/deps/react-router-dom.js?v=1f697ce1:4601:5)
    at App
    at Router (http://localhost:5173/node_modules/.vite/deps/react-router-dom.js?v=1f697ce1:4544:15)
    at HashRouter (http://localhost:5173/node_modules/.vite/deps/react-router-dom.js?v=1f697ce1:5326:5) @ http://localhost:5173/node_modules/.vite/deps/chunk-NLPANMJC.js?v=dc97d517:520
[  144919ms] [ERROR] Warning: Encountered two children with the same key, `%s`. Keys should be unique so that components maintain their identity across updates. Non-unique keys may cause children to be duplicated and/or omitted — the behavior is unsupported and could change in a future version.%s Makkah Al-Mukarramah 
    at div
    at section
    at div
    at HomePage (http://localhost:5173/src/features/home/HomePage.jsx?t=1785108332662:37:33)
    at RenderedRoute (http://localhost:5173/node_modules/.vite/deps/react-router-dom.js?v=1f697ce1:4131:5)
    at Outlet (http://localhost:5173/node_modules/.vite/deps/react-router-dom.js?v=1f697ce1:4537:26)
    at main
    at div
    at MainLayout (http://localhost:5173/src/components/layout/MainLayout.jsx:33:39)
    at RenderedRoute (http://localhost:5173/node_modules/.vite/deps/react-router-dom.js?v=1f697ce1:4131:5)
    at Routes (http://localhost:5173/node_modules/.vite/deps/react-router-dom.js?v=1f697ce1:4601:5)
    at App
    at Router (http://localhost:5173/node_modules/.vite/deps/react-router-dom.js?v=1f697ce1:4544:15)
    at HashRouter (http://localhost:5173/node_modules/.vite/deps/react-router-dom.js?v=1f697ce1:5326:5) @ http://localhost:5173/node_modules/.vite/deps/chunk-NLPANMJC.js?v=dc97d517:520
[  144920ms] [ERROR] Warning: Encountered two children with the same key, `%s`. Keys should be unique so that components maintain their identity across updates. Non-unique keys may cause children to be duplicated and/or omitted — the behavior is unsupported and could change in a future version.%s Makkah Al-Mukarramah 
    at div
    at section
    at div
    at HomePage (http://localhost:5173/src/features/home/HomePage.jsx?t=1785108332662:37:33)
    at RenderedRoute (http://localhost:5173/node_modules/.vite/deps/react-router-dom.js?v=1f697ce1:4131:5)
    at Outlet (http://localhost:5173/node_modules/.vite/deps/react-router-dom.js?v=1f697ce1:4537:26)
    at main
    at div
    at MainLayout (http://localhost:5173/src/components/layout/MainLayout.jsx:33:39)
    at RenderedRoute (http://localhost:5173/node_modules/.vite/deps/react-router-dom.js?v=1f697ce1:4131:5)
    at Routes (http://localhost:5173/node_modules/.vite/deps/react-router-dom.js?v=1f697ce1:4601:5)
    at App
    at Router (http://localhost:5173/node_modules/.vite/deps/react-router-dom.js?v=1f697ce1:4544:15)
    at HashRouter (http://localhost:5173/node_modules/.vite/deps/react-router-dom.js?v=1f697ce1:5326:5) @ http://localhost:5173/node_modules/.vite/deps/chunk-NLPANMJC.js?v=dc97d517:520
[  144940ms] [ERROR] Warning: Encountered two children with the same key, `%s`. Keys should be unique so that components maintain their identity across updates. Non-unique keys may cause children to be duplicated and/or omitted — the behavior is unsupported and could change in a future version.%s Makkah Al-Mukarramah 
    at div
    at section
    at div
    at HomePage (http://localhost:5173/src/features/home/HomePage.jsx?t=1785108332662:37:33)
    at RenderedRoute (http://localhost:5173/node_modules/.vite/deps/react-router-dom.js?v=1f697ce1:4131:5)
    at Outlet (http://localhost:5173/node_modules/.vite/deps/react-router-dom.js?v=1f697ce1:4537:26)
    at main
    at div
    at MainLayout (http://localhost:5173/src/components/layout/MainLayout.jsx:33:39)
    at RenderedRoute (http://localhost:5173/node_modules/.vite/deps/react-router-dom.js?v=1f697ce1:4131:5)
    at Routes (http://localhost:5173/node_modules/.vite/deps/react-router-dom.js?v=1f697ce1:4601:5)
    at App
    at Router (http://localhost:5173/node_modules/.vite/deps/react-router-dom.js?v=1f697ce1:4544:15)
    at HashRouter (http://localhost:5173/node_modules/.vite/deps/react-router-dom.js?v=1f697ce1:5326:5) @ http://localhost:5173/node_modules/.vite/deps/chunk-NLPANMJC.js?v=dc97d517:520
[  144941ms] [ERROR] Warning: Encountered two children with the same key, `%s`. Keys should be unique so that components maintain their identity across updates. Non-unique keys may cause children to be duplicated and/or omitted — the behavior is unsupported and could change in a future version.%s Makkah Al-Mukarramah 
    at div
    at section
    at div
    at HomePage (http://localhost:5173/src/features/home/HomePage.jsx?t=1785108332662:37:33)
    at RenderedRoute (http://localhost:5173/node_modules/.vite/deps/react-router-dom.js?v=1f697ce1:4131:5)
    at Outlet (http://localhost:5173/node_modules/.vite/deps/react-router-dom.js?v=1f697ce1:4537:26)
    at main
    at div
    at MainLayout (http://localhost:5173/src/components/layout/MainLayout.jsx:33:39)
    at RenderedRoute (http://localhost:5173/node_modules/.vite/deps/react-router-dom.js?v=1f697ce1:4131:5)
    at Routes (http://localhost:5173/node_modules/.vite/deps/react-router-dom.js?v=1f697ce1:4601:5)
    at App
    at Router (http://localhost:5173/node_modules/.vite/deps/react-router-dom.js?v=1f697ce1:4544:15)
    at HashRouter (http://localhost:5173/node_modules/.vite/deps/react-router-dom.js?v=1f697ce1:5326:5) @ http://localhost:5173/node_modules/.vite/deps/chunk-NLPANMJC.js?v=dc97d517:520
[  144941ms] [ERROR] Warning: Encountered two children with the same key, `%s`. Keys should be unique so that components maintain their identity across updates. Non-unique keys may cause children to be duplicated and/or omitted — the behavior is unsupported and could change in a future version.%s Makkah Al-Mukarramah 
    at div
    at section
    at div
    at HomePage (http://localhost:5173/src/features/home/HomePage.jsx?t=1785108332662:37:33)
    at RenderedRoute (http://localhost:5173/node_modules/.vite/deps/react-router-dom.js?v=1f697ce1:4131:5)
    at Outlet (http://localhost:5173/node_modules/.vite/deps/react-router-dom.js?v=1f697ce1:4537:26)
    at main
    at div
    at MainLayout (http://localhost:5173/src/components/layout/MainLayout.jsx:33:39)
    at RenderedRoute (http://localhost:5173/node_modules/.vite/deps/react-router-dom.js?v=1f697ce1:4131:5)
    at Routes (http://localhost:5173/node_modules/.vite/deps/react-router-dom.js?v=1f697ce1:4601:5)
    at App
    at Router (http://localhost:5173/node_modules/.vite/deps/react-router-dom.js?v=1f697ce1:4544:15)
    at HashRouter (http://localhost:5173/node_modules/.vite/deps/react-router-dom.js?v=1f697ce1:5326:5) @ http://localhost:5173/node_modules/.vite/deps/chunk-NLPANMJC.js?v=dc97d517:520
[  145077ms] [ERROR] Warning: Encountered two children with the same key, `%s`. Keys should be unique so that components maintain their identity across updates. Non-unique keys may cause children to be duplicated and/or omitted — the behavior is unsupported and could change in a future version.%s Makkah Al-Mukarramah 
    at div
    at section
    at div
    at HomePage (http://localhost:5173/src/features/home/HomePage.jsx?t=1785108332662:37:33)
    at RenderedRoute (http://localhost:5173/node_modules/.vite/deps/react-router-dom.js?v=1f697ce1:4131:5)
    at Outlet (http://localhost:5173/node_modules/.vite/deps/react-router-dom.js?v=1f697ce1:4537:26)
    at main
    at div
    at MainLayout (http://localhost:5173/src/components/layout/MainLayout.jsx:33:39)
    at RenderedRoute (http://localhost:5173/node_modules/.vite/deps/react-router-dom.js?v=1f697ce1:4131:5)
    at Routes (http://localhost:5173/node_modules/.vite/deps/react-router-dom.js?v=1f697ce1:4601:5)
    at App
    at Router (http://localhost:5173/node_modules/.vite/deps/react-router-dom.js?v=1f697ce1:4544:15)
    at HashRouter (http://localhost:5173/node_modules/.vite/deps/react-router-dom.js?v=1f697ce1:5326:5) @ http://localhost:5173/node_modules/.vite/deps/chunk-NLPANMJC.js?v=dc97d517:520
[  145078ms] [ERROR] Warning: Encountered two children with the same key, `%s`. Keys should be unique so that components maintain their identity across updates. Non-unique keys may cause children to be duplicated and/or omitted — the behavior is unsupported and could change in a future version.%s Makkah Al-Mukarramah 
    at div
    at section
    at div
    at HomePage (http://localhost:5173/src/features/home/HomePage.jsx?t=1785108332662:37:33)
    at RenderedRoute (http://localhost:5173/node_modules/.vite/deps/react-router-dom.js?v=1f697ce1:4131:5)
    at Outlet (http://localhost:5173/node_modules/.vite/deps/react-router-dom.js?v=1f697ce1:4537:26)
    at main
    at div
    at MainLayout (http://localhost:5173/src/components/layout/MainLayout.jsx:33:39)
    at RenderedRoute (http://localhost:5173/node_modules/.vite/deps/react-router-dom.js?v=1f697ce1:4131:5)
    at Routes (http://localhost:5173/node_modules/.vite/deps/react-router-dom.js?v=1f697ce1:4601:5)
    at App
    at Router (http://localhost:5173/node_modules/.vite/deps/react-router-dom.js?v=1f697ce1:4544:15)
    at HashRouter (http://localhost:5173/node_modules/.vite/deps/react-router-dom.js?v=1f697ce1:5326:5) @ http://localhost:5173/node_modules/.vite/deps/chunk-NLPANMJC.js?v=dc97d517:520
[  145078ms] [ERROR] Warning: Encountered two children with the same key, `%s`. Keys should be unique so that components maintain their identity across updates. Non-unique keys may cause children to be duplicated and/or omitted — the behavior is unsupported and could change in a future version.%s Makkah Al-Mukarramah 
    at div
    at section
    at div
    at HomePage (http://localhost:5173/src/features/home/HomePage.jsx?t=1785108332662:37:33)
    at RenderedRoute (http://localhost:5173/node_modules/.vite/deps/react-router-dom.js?v=1f697ce1:4131:5)
    at Outlet (http://localhost:5173/node_modules/.vite/deps/react-router-dom.js?v=1f697ce1:4537:26)
    at main
    at div
    at MainLayout (http://localhost:5173/src/components/layout/MainLayout.jsx:33:39)
    at RenderedRoute (http://localhost:5173/node_modules/.vite/deps/react-router-dom.js?v=1f697ce1:4131:5)
    at Routes (http://localhost:5173/node_modules/.vite/deps/react-router-dom.js?v=1f697ce1:4601:5)
    at App
    at Router (http://localhost:5173/node_modules/.vite/deps/react-router-dom.js?v=1f697ce1:4544:15)
    at HashRouter (http://localhost:5173/node_modules/.vite/deps/react-router-dom.js?v=1f697ce1:5326:5) @ http://localhost:5173/node_modules/.vite/deps/chunk-NLPANMJC.js?v=dc97d517:520
[  145267ms] [ERROR] Failed to load resource: net::ERR_CONNECTION_REFUSED @ http://localhost:5173/:0
[  148621ms] [ERROR] Failed to load resource: net::ERR_CONNECTION_REFUSED @ http://localhost:5173/:0
[  149424ms] [ERROR] Warning: Encountered two children with the same key, `%s`. Keys should be unique so that components maintain their identity across updates. Non-unique keys may cause children to be duplicated and/or omitted — the behavior is unsupported and could change in a future version.%s Makkah Al-Mukarramah 
    at div
    at section
    at div
    at HomePage (http://localhost:5173/src/features/home/HomePage.jsx?t=1785108332662:37:33)
    at RenderedRoute (http://localhost:5173/node_modules/.vite/deps/react-router-dom.js?v=1f697ce1:4131:5)
    at Outlet (http://localhost:5173/node_modules/.vite/deps/react-router-dom.js?v=1f697ce1:4537:26)
    at main
    at div
    at MainLayout (http://localhost:5173/src/components/layout/MainLayout.jsx:33:39)
    at RenderedRoute (http://localhost:5173/node_modules/.vite/deps/react-router-dom.js?v=1f697ce1:4131:5)
    at Routes (http://localhost:5173/node_modules/.vite/deps/react-router-dom.js?v=1f697ce1:4601:5)
    at App
    at Router (http://localhost:5173/node_modules/.vite/deps/react-router-dom.js?v=1f697ce1:4544:15)
    at HashRouter (http://localhost:5173/node_modules/.vite/deps/react-router-dom.js?v=1f697ce1:5326:5) @ http://localhost:5173/node_modules/.vite/deps/chunk-NLPANMJC.js?v=dc97d517:520
[  149425ms] [ERROR] Warning: Encountered two children with the same key, `%s`. Keys should be unique so that components maintain their identity across updates. Non-unique keys may cause children to be duplicated and/or omitted — the behavior is unsupported and could change in a future version.%s Makkah Al-Mukarramah 
    at div
    at section
    at div
    at HomePage (http://localhost:5173/src/features/home/HomePage.jsx?t=1785108332662:37:33)
    at RenderedRoute (http://localhost:5173/node_modules/.vite/deps/react-router-dom.js?v=1f697ce1:4131:5)
    at Outlet (http://localhost:5173/node_modules/.vite/deps/react-router-dom.js?v=1f697ce1:4537:26)
    at main
    at div
    at MainLayout (http://localhost:5173/src/components/layout/MainLayout.jsx:33:39)
    at RenderedRoute (http://localhost:5173/node_modules/.vite/deps/react-router-dom.js?v=1f697ce1:4131:5)
    at Routes (http://localhost:5173/node_modules/.vite/deps/react-router-dom.js?v=1f697ce1:4601:5)
    at App
    at Router (http://localhost:5173/node_modules/.vite/deps/react-router-dom.js?v=1f697ce1:4544:15)
    at HashRouter (http://localhost:5173/node_modules/.vite/deps/react-router-dom.js?v=1f697ce1:5326:5) @ http://localhost:5173/node_modules/.vite/deps/chunk-NLPANMJC.js?v=dc97d517:520
[  149425ms] [ERROR] Warning: Encountered two children with the same key, `%s`. Keys should be unique so that components maintain their identity across updates. Non-unique keys may cause children to be duplicated and/or omitted — the behavior is unsupported and could change in a future version.%s Makkah Al-Mukarramah 
    at div
    at section
    at div
    at HomePage (http://localhost:5173/src/features/home/HomePage.jsx?t=1785108332662:37:33)
    at RenderedRoute (http://localhost:5173/node_modules/.vite/deps/react-router-dom.js?v=1f697ce1:4131:5)
    at Outlet (http://localhost:5173/node_modules/.vite/deps/react-router-dom.js?v=1f697ce1:4537:26)
    at main
    at div
    at MainLayout (http://localhost:5173/src/components/layout/MainLayout.jsx:33:39)
    at RenderedRoute (http://localhost:5173/node_modules/.vite/deps/react-router-dom.js?v=1f697ce1:4131:5)
    at Routes (http://localhost:5173/node_modules/.vite/deps/react-router-dom.js?v=1f697ce1:4601:5)
    at App
    at Router (http://localhost:5173/node_modules/.vite/deps/react-router-dom.js?v=1f697ce1:4544:15)
    at HashRouter (http://localhost:5173/node_modules/.vite/deps/react-router-dom.js?v=1f697ce1:5326:5) @ http://localhost:5173/node_modules/.vite/deps/chunk-NLPANMJC.js?v=dc97d517:520
[  149447ms] [ERROR] Warning: Encountered two children with the same key, `%s`. Keys should be unique so that components maintain their identity across updates. Non-unique keys may cause children to be duplicated and/or omitted — the behavior is unsupported and could change in a future version.%s Makkah Al-Mukarramah 
    at div
    at section
    at div
    at HomePage (http://localhost:5173/src/features/home/HomePage.jsx?t=1785108332662:37:33)
    at RenderedRoute (http://localhost:5173/node_modules/.vite/deps/react-router-dom.js?v=1f697ce1:4131:5)
    at Outlet (http://localhost:5173/node_modules/.vite/deps/react-router-dom.js?v=1f697ce1:4537:26)
    at main
    at div
    at MainLayout (http://localhost:5173/src/components/layout/MainLayout.jsx:33:39)
    at RenderedRoute (http://localhost:5173/node_modules/.vite/deps/react-router-dom.js?v=1f697ce1:4131:5)
    at Routes (http://localhost:5173/node_modules/.vite/deps/react-router-dom.js?v=1f697ce1:4601:5)
    at App
    at Router (http://localhost:5173/node_modules/.vite/deps/react-router-dom.js?v=1f697ce1:4544:15)
    at HashRouter (http://localhost:5173/node_modules/.vite/deps/react-router-dom.js?v=1f697ce1:5326:5) @ http://localhost:5173/node_modules/.vite/deps/chunk-NLPANMJC.js?v=dc97d517:520
[  149447ms] [ERROR] Warning: Encountered two children with the same key, `%s`. Keys should be unique so that components maintain their identity across updates. Non-unique keys may cause children to be duplicated and/or omitted — the behavior is unsupported and could change in a future version.%s Makkah Al-Mukarramah 
    at div
    at section
    at div
    at HomePage (http://localhost:5173/src/features/home/HomePage.jsx?t=1785108332662:37:33)
    at RenderedRoute (http://localhost:5173/node_modules/.vite/deps/react-router-dom.js?v=1f697ce1:4131:5)
    at Outlet (http://localhost:5173/node_modules/.vite/deps/react-router-dom.js?v=1f697ce1:4537:26)
    at main
    at div
    at MainLayout (http://localhost:5173/src/components/layout/MainLayout.jsx:33:39)
    at RenderedRoute (http://localhost:5173/node_modules/.vite/deps/react-router-dom.js?v=1f697ce1:4131:5)
    at Routes (http://localhost:5173/node_modules/.vite/deps/react-router-dom.js?v=1f697ce1:4601:5)
    at App
    at Router (http://localhost:5173/node_modules/.vite/deps/react-router-dom.js?v=1f697ce1:4544:15)
    at HashRouter (http://localhost:5173/node_modules/.vite/deps/react-router-dom.js?v=1f697ce1:5326:5) @ http://localhost:5173/node_modules/.vite/deps/chunk-NLPANMJC.js?v=dc97d517:520
[  149447ms] [ERROR] Warning: Encountered two children with the same key, `%s`. Keys should be unique so that components maintain their identity across updates. Non-unique keys may cause children to be duplicated and/or omitted — the behavior is unsupported and could change in a future version.%s Makkah Al-Mukarramah 
    at div
    at section
    at div
    at HomePage (http://localhost:5173/src/features/home/HomePage.jsx?t=1785108332662:37:33)
    at RenderedRoute (http://localhost:5173/node_modules/.vite/deps/react-router-dom.js?v=1f697ce1:4131:5)
    at Outlet (http://localhost:5173/node_modules/.vite/deps/react-router-dom.js?v=1f697ce1:4537:26)
    at main
    at div
    at MainLayout (http://localhost:5173/src/components/layout/MainLayout.jsx:33:39)
    at RenderedRoute (http://localhost:5173/node_modules/.vite/deps/react-router-dom.js?v=1f697ce1:4131:5)
    at Routes (http://localhost:5173/node_modules/.vite/deps/react-router-dom.js?v=1f697ce1:4601:5)
    at App
    at Router (http://localhost:5173/node_modules/.vite/deps/react-router-dom.js?v=1f697ce1:4544:15)
    at HashRouter (http://localhost:5173/node_modules/.vite/deps/react-router-dom.js?v=1f697ce1:5326:5) @ http://localhost:5173/node_modules/.vite/deps/chunk-NLPANMJC.js?v=dc97d517:520
[  149584ms] [ERROR] Warning: Encountered two children with the same key, `%s`. Keys should be unique so that components maintain their identity across updates. Non-unique keys may cause children to be duplicated and/or omitted — the behavior is unsupported and could change in a future version.%s Makkah Al-Mukarramah 
    at div
    at section
    at div
    at HomePage (http://localhost:5173/src/features/home/HomePage.jsx?t=1785108332662:37:33)
    at RenderedRoute (http://localhost:5173/node_modules/.vite/deps/react-router-dom.js?v=1f697ce1:4131:5)
    at Outlet (http://localhost:5173/node_modules/.vite/deps/react-router-dom.js?v=1f697ce1:4537:26)
    at main
    at div
    at MainLayout (http://localhost:5173/src/components/layout/MainLayout.jsx:33:39)
    at RenderedRoute (http://localhost:5173/node_modules/.vite/deps/react-router-dom.js?v=1f697ce1:4131:5)
    at Routes (http://localhost:5173/node_modules/.vite/deps/react-router-dom.js?v=1f697ce1:4601:5)
    at App
    at Router (http://localhost:5173/node_modules/.vite/deps/react-router-dom.js?v=1f697ce1:4544:15)
    at HashRouter (http://localhost:5173/node_modules/.vite/deps/react-router-dom.js?v=1f697ce1:5326:5) @ http://localhost:5173/node_modules/.vite/deps/chunk-NLPANMJC.js?v=dc97d517:520
[  149584ms] [ERROR] Warning: Encountered two children with the same key, `%s`. Keys should be unique so that components maintain their identity across updates. Non-unique keys may cause children to be duplicated and/or omitted — the behavior is unsupported and could change in a future version.%s Makkah Al-Mukarramah 
    at div
    at section
    at div
    at HomePage (http://localhost:5173/src/features/home/HomePage.jsx?t=1785108332662:37:33)
    at RenderedRoute (http://localhost:5173/node_modules/.vite/deps/react-router-dom.js?v=1f697ce1:4131:5)
    at Outlet (http://localhost:5173/node_modules/.vite/deps/react-router-dom.js?v=1f697ce1:4537:26)
    at main
    at div
    at MainLayout (http://localhost:5173/src/components/layout/MainLayout.jsx:33:39)
    at RenderedRoute (http://localhost:5173/node_modules/.vite/deps/react-router-dom.js?v=1f697ce1:4131:5)
    at Routes (http://localhost:5173/node_modules/.vite/deps/react-router-dom.js?v=1f697ce1:4601:5)
    at App
    at Router (http://localhost:5173/node_modules/.vite/deps/react-router-dom.js?v=1f697ce1:4544:15)
    at HashRouter (http://localhost:5173/node_modules/.vite/deps/react-router-dom.js?v=1f697ce1:5326:5) @ http://localhost:5173/node_modules/.vite/deps/chunk-NLPANMJC.js?v=dc97d517:520
[  149584ms] [ERROR] Warning: Encountered two children with the same key, `%s`. Keys should be unique so that components maintain their identity across updates. Non-unique keys may cause children to be duplicated and/or omitted — the behavior is unsupported and could change in a future version.%s Makkah Al-Mukarramah 
    at div
    at section
    at div
    at HomePage (http://localhost:5173/src/features/home/HomePage.jsx?t=1785108332662:37:33)
    at RenderedRoute (http://localhost:5173/node_modules/.vite/deps/react-router-dom.js?v=1f697ce1:4131:5)
    at Outlet (http://localhost:5173/node_modules/.vite/deps/react-router-dom.js?v=1f697ce1:4537:26)
    at main
    at div
    at MainLayout (http://localhost:5173/src/components/layout/MainLayout.jsx:33:39)
    at RenderedRoute (http://localhost:5173/node_modules/.vite/deps/react-router-dom.js?v=1f697ce1:4131:5)
    at Routes (http://localhost:5173/node_modules/.vite/deps/react-router-dom.js?v=1f697ce1:4601:5)
    at App
    at Router (http://localhost:5173/node_modules/.vite/deps/react-router-dom.js?v=1f697ce1:4544:15)
    at HashRouter (http://localhost:5173/node_modules/.vite/deps/react-router-dom.js?v=1f697ce1:5326:5) @ http://localhost:5173/node_modules/.vite/deps/chunk-NLPANMJC.js?v=dc97d517:520
[  151970ms] [ERROR] Failed to load resource: net::ERR_CONNECTION_REFUSED @ http://localhost:5173/:0
[  153923ms] [ERROR] Warning: Encountered two children with the same key, `%s`. Keys should be unique so that components maintain their identity across updates. Non-unique keys may cause children to be duplicated and/or omitted — the behavior is unsupported and could change in a future version.%s Makkah Al-Mukarramah 
    at div
    at section
    at div
    at HomePage (http://localhost:5173/src/features/home/HomePage.jsx?t=1785108332662:37:33)
    at RenderedRoute (http://localhost:5173/node_modules/.vite/deps/react-router-dom.js?v=1f697ce1:4131:5)
    at Outlet (http://localhost:5173/node_modules/.vite/deps/react-router-dom.js?v=1f697ce1:4537:26)
    at main
    at div
    at MainLayout (http://localhost:5173/src/components/layout/MainLayout.jsx:33:39)
    at RenderedRoute (http://localhost:5173/node_modules/.vite/deps/react-router-dom.js?v=1f697ce1:4131:5)
    at Routes (http://localhost:5173/node_modules/.vite/deps/react-router-dom.js?v=1f697ce1:4601:5)
    at App
    at Router (http://localhost:5173/node_modules/.vite/deps/react-router-dom.js?v=1f697ce1:4544:15)
    at HashRouter (http://localhost:5173/node_modules/.vite/deps/react-router-dom.js?v=1f697ce1:5326:5) @ http://localhost:5173/node_modules/.vite/deps/chunk-NLPANMJC.js?v=dc97d517:520
[  153924ms] [ERROR] Warning: Encountered two children with the same key, `%s`. Keys should be unique so that components maintain their identity across updates. Non-unique keys may cause children to be duplicated and/or omitted — the behavior is unsupported and could change in a future version.%s Makkah Al-Mukarramah 
    at div
    at section
    at div
    at HomePage (http://localhost:5173/src/features/home/HomePage.jsx?t=1785108332662:37:33)
    at RenderedRoute (http://localhost:5173/node_modules/.vite/deps/react-router-dom.js?v=1f697ce1:4131:5)
    at Outlet (http://localhost:5173/node_modules/.vite/deps/react-router-dom.js?v=1f697ce1:4537:26)
    at main
    at div
    at MainLayout (http://localhost:5173/src/components/layout/MainLayout.jsx:33:39)
    at RenderedRoute (http://localhost:5173/node_modules/.vite/deps/react-router-dom.js?v=1f697ce1:4131:5)
    at Routes (http://localhost:5173/node_modules/.vite/deps/react-router-dom.js?v=1f697ce1:4601:5)
    at App
    at Router (http://localhost:5173/node_modules/.vite/deps/react-router-dom.js?v=1f697ce1:4544:15)
    at HashRouter (http://localhost:5173/node_modules/.vite/deps/react-router-dom.js?v=1f697ce1:5326:5) @ http://localhost:5173/node_modules/.vite/deps/chunk-NLPANMJC.js?v=dc97d517:520
[  153924ms] [ERROR] Warning: Encountered two children with the same key, `%s`. Keys should be unique so that components maintain their identity across updates. Non-unique keys may cause children to be duplicated and/or omitted — the behavior is unsupported and could change in a future version.%s Makkah Al-Mukarramah 
    at div
    at section
    at div
    at HomePage (http://localhost:5173/src/features/home/HomePage.jsx?t=1785108332662:37:33)
    at RenderedRoute (http://localhost:5173/node_modules/.vite/deps/react-router-dom.js?v=1f697ce1:4131:5)
    at Outlet (http://localhost:5173/node_modules/.vite/deps/react-router-dom.js?v=1f697ce1:4537:26)
    at main
    at div
    at MainLayout (http://localhost:5173/src/components/layout/MainLayout.jsx:33:39)
    at RenderedRoute (http://localhost:5173/node_modules/.vite/deps/react-router-dom.js?v=1f697ce1:4131:5)
    at Routes (http://localhost:5173/node_modules/.vite/deps/react-router-dom.js?v=1f697ce1:4601:5)
    at App
    at Router (http://localhost:5173/node_modules/.vite/deps/react-router-dom.js?v=1f697ce1:4544:15)
    at HashRouter (http://localhost:5173/node_modules/.vite/deps/react-router-dom.js?v=1f697ce1:5326:5) @ http://localhost:5173/node_modules/.vite/deps/chunk-NLPANMJC.js?v=dc97d517:520
[  153946ms] [ERROR] Warning: Encountered two children with the same key, `%s`. Keys should be unique so that components maintain their identity across updates. Non-unique keys may cause children to be duplicated and/or omitted — the behavior is unsupported and could change in a future version.%s Makkah Al-Mukarramah 
    at div
    at section
    at div
    at HomePage (http://localhost:5173/src/features/home/HomePage.jsx?t=1785108332662:37:33)
    at RenderedRoute (http://localhost:5173/node_modules/.vite/deps/react-router-dom.js?v=1f697ce1:4131:5)
    at Outlet (http://localhost:5173/node_modules/.vite/deps/react-router-dom.js?v=1f697ce1:4537:26)
    at main
    at div
    at MainLayout (http://localhost:5173/src/components/layout/MainLayout.jsx:33:39)
    at RenderedRoute (http://localhost:5173/node_modules/.vite/deps/react-router-dom.js?v=1f697ce1:4131:5)
    at Routes (http://localhost:5173/node_modules/.vite/deps/react-router-dom.js?v=1f697ce1:4601:5)
    at App
    at Router (http://localhost:5173/node_modules/.vite/deps/react-router-dom.js?v=1f697ce1:4544:15)
    at HashRouter (http://localhost:5173/node_modules/.vite/deps/react-router-dom.js?v=1f697ce1:5326:5) @ http://localhost:5173/node_modules/.vite/deps/chunk-NLPANMJC.js?v=dc97d517:520
[  153947ms] [ERROR] Warning: Encountered two children with the same key, `%s`. Keys should be unique so that components maintain their identity across updates. Non-unique keys may cause children to be duplicated and/or omitted — the behavior is unsupported and could change in a future version.%s Makkah Al-Mukarramah 
    at div
    at section
    at div
    at HomePage (http://localhost:5173/src/features/home/HomePage.jsx?t=1785108332662:37:33)
    at RenderedRoute (http://localhost:5173/node_modules/.vite/deps/react-router-dom.js?v=1f697ce1:4131:5)
    at Outlet (http://localhost:5173/node_modules/.vite/deps/react-router-dom.js?v=1f697ce1:4537:26)
    at main
    at div
    at MainLayout (http://localhost:5173/src/components/layout/MainLayout.jsx:33:39)
    at RenderedRoute (http://localhost:5173/node_modules/.vite/deps/react-router-dom.js?v=1f697ce1:4131:5)
    at Routes (http://localhost:5173/node_modules/.vite/deps/react-router-dom.js?v=1f697ce1:4601:5)
    at App
    at Router (http://localhost:5173/node_modules/.vite/deps/react-router-dom.js?v=1f697ce1:4544:15)
    at HashRouter (http://localhost:5173/node_modules/.vite/deps/react-router-dom.js?v=1f697ce1:5326:5) @ http://localhost:5173/node_modules/.vite/deps/chunk-NLPANMJC.js?v=dc97d517:520
[  153947ms] [ERROR] Warning: Encountered two children with the same key, `%s`. Keys should be unique so that components maintain their identity across updates. Non-unique keys may cause children to be duplicated and/or omitted — the behavior is unsupported and could change in a future version.%s Makkah Al-Mukarramah 
    at div
    at section
    at div
    at HomePage (http://localhost:5173/src/features/home/HomePage.jsx?t=1785108332662:37:33)
    at RenderedRoute (http://localhost:5173/node_modules/.vite/deps/react-router-dom.js?v=1f697ce1:4131:5)
    at Outlet (http://localhost:5173/node_modules/.vite/deps/react-router-dom.js?v=1f697ce1:4537:26)
    at main
    at div
    at MainLayout (http://localhost:5173/src/components/layout/MainLayout.jsx:33:39)
    at RenderedRoute (http://localhost:5173/node_modules/.vite/deps/react-router-dom.js?v=1f697ce1:4131:5)
    at Routes (http://localhost:5173/node_modules/.vite/deps/react-router-dom.js?v=1f697ce1:4601:5)
    at App
    at Router (http://localhost:5173/node_modules/.vite/deps/react-router-dom.js?v=1f697ce1:4544:15)
    at HashRouter (http://localhost:5173/node_modules/.vite/deps/react-router-dom.js?v=1f697ce1:5326:5) @ http://localhost:5173/node_modules/.vite/deps/chunk-NLPANMJC.js?v=dc97d517:520
[  154084ms] [ERROR] Warning: Encountered two children with the same key, `%s`. Keys should be unique so that components maintain their identity across updates. Non-unique keys may cause children to be duplicated and/or omitted — the behavior is unsupported and could change in a future version.%s Makkah Al-Mukarramah 
    at div
    at section
    at div
    at HomePage (http://localhost:5173/src/features/home/HomePage.jsx?t=1785108332662:37:33)
    at RenderedRoute (http://localhost:5173/node_modules/.vite/deps/react-router-dom.js?v=1f697ce1:4131:5)
    at Outlet (http://localhost:5173/node_modules/.vite/deps/react-router-dom.js?v=1f697ce1:4537:26)
    at main
    at div
    at MainLayout (http://localhost:5173/src/components/layout/MainLayout.jsx:33:39)
    at RenderedRoute (http://localhost:5173/node_modules/.vite/deps/react-router-dom.js?v=1f697ce1:4131:5)
    at Routes (http://localhost:5173/node_modules/.vite/deps/react-router-dom.js?v=1f697ce1:4601:5)
    at App
    at Router (http://localhost:5173/node_modules/.vite/deps/react-router-dom.js?v=1f697ce1:4544:15)
    at HashRouter (http://localhost:5173/node_modules/.vite/deps/react-router-dom.js?v=1f697ce1:5326:5) @ http://localhost:5173/node_modules/.vite/deps/chunk-NLPANMJC.js?v=dc97d517:520
[  154084ms] [ERROR] Warning: Encountered two children with the same key, `%s`. Keys should be unique so that components maintain their identity across updates. Non-unique keys may cause children to be duplicated and/or omitted — the behavior is unsupported and could change in a future version.%s Makkah Al-Mukarramah 
    at div
    at section
    at div
    at HomePage (http://localhost:5173/src/features/home/HomePage.jsx?t=1785108332662:37:33)
    at RenderedRoute (http://localhost:5173/node_modules/.vite/deps/react-router-dom.js?v=1f697ce1:4131:5)
    at Outlet (http://localhost:5173/node_modules/.vite/deps/react-router-dom.js?v=1f697ce1:4537:26)
    at main
    at div
    at MainLayout (http://localhost:5173/src/components/layout/MainLayout.jsx:33:39)
    at RenderedRoute (http://localhost:5173/node_modules/.vite/deps/react-router-dom.js?v=1f697ce1:4131:5)
    at Routes (http://localhost:5173/node_modules/.vite/deps/react-router-dom.js?v=1f697ce1:4601:5)
    at App
    at Router (http://localhost:5173/node_modules/.vite/deps/react-router-dom.js?v=1f697ce1:4544:15)
    at HashRouter (http://localhost:5173/node_modules/.vite/deps/react-router-dom.js?v=1f697ce1:5326:5) @ http://localhost:5173/node_modules/.vite/deps/chunk-NLPANMJC.js?v=dc97d517:520
[  154085ms] [ERROR] Warning: Encountered two children with the same key, `%s`. Keys should be unique so that components maintain their identity across updates. Non-unique keys may cause children to be duplicated and/or omitted — the behavior is unsupported and could change in a future version.%s Makkah Al-Mukarramah 
    at div
    at section
    at div
    at HomePage (http://localhost:5173/src/features/home/HomePage.jsx?t=1785108332662:37:33)
    at RenderedRoute (http://localhost:5173/node_modules/.vite/deps/react-router-dom.js?v=1f697ce1:4131:5)
    at Outlet (http://localhost:5173/node_modules/.vite/deps/react-router-dom.js?v=1f697ce1:4537:26)
    at main
    at div
    at MainLayout (http://localhost:5173/src/components/layout/MainLayout.jsx:33:39)
    at RenderedRoute (http://localhost:5173/node_modules/.vite/deps/react-router-dom.js?v=1f697ce1:4131:5)
    at Routes (http://localhost:5173/node_modules/.vite/deps/react-router-dom.js?v=1f697ce1:4601:5)
    at App
    at Router (http://localhost:5173/node_modules/.vite/deps/react-router-dom.js?v=1f697ce1:4544:15)
    at HashRouter (http://localhost:5173/node_modules/.vite/deps/react-router-dom.js?v=1f697ce1:5326:5) @ http://localhost:5173/node_modules/.vite/deps/chunk-NLPANMJC.js?v=dc97d517:520
[  155337ms] [ERROR] Failed to load resource: net::ERR_CONNECTION_REFUSED @ http://localhost:5173/:0
[  158426ms] [ERROR] Warning: Encountered two children with the same key, `%s`. Keys should be unique so that components maintain their identity across updates. Non-unique keys may cause children to be duplicated and/or omitted — the behavior is unsupported and could change in a future version.%s Makkah Al-Mukarramah 
    at div
    at section
    at div
    at HomePage (http://localhost:5173/src/features/home/HomePage.jsx?t=1785108332662:37:33)
    at RenderedRoute (http://localhost:5173/node_modules/.vite/deps/react-router-dom.js?v=1f697ce1:4131:5)
    at Outlet (http://localhost:5173/node_modules/.vite/deps/react-router-dom.js?v=1f697ce1:4537:26)
    at main
    at div
    at MainLayout (http://localhost:5173/src/components/layout/MainLayout.jsx:33:39)
    at RenderedRoute (http://localhost:5173/node_modules/.vite/deps/react-router-dom.js?v=1f697ce1:4131:5)
    at Routes (http://localhost:5173/node_modules/.vite/deps/react-router-dom.js?v=1f697ce1:4601:5)
    at App
    at Router (http://localhost:5173/node_modules/.vite/deps/react-router-dom.js?v=1f697ce1:4544:15)
    at HashRouter (http://localhost:5173/node_modules/.vite/deps/react-router-dom.js?v=1f697ce1:5326:5) @ http://localhost:5173/node_modules/.vite/deps/chunk-NLPANMJC.js?v=dc97d517:520
[  158426ms] [ERROR] Warning: Encountered two children with the same key, `%s`. Keys should be unique so that components maintain their identity across updates. Non-unique keys may cause children to be duplicated and/or omitted — the behavior is unsupported and could change in a future version.%s Makkah Al-Mukarramah 
    at div
    at section
    at div
    at HomePage (http://localhost:5173/src/features/home/HomePage.jsx?t=1785108332662:37:33)
    at RenderedRoute (http://localhost:5173/node_modules/.vite/deps/react-router-dom.js?v=1f697ce1:4131:5)
    at Outlet (http://localhost:5173/node_modules/.vite/deps/react-router-dom.js?v=1f697ce1:4537:26)
    at main
    at div
    at MainLayout (http://localhost:5173/src/components/layout/MainLayout.jsx:33:39)
    at RenderedRoute (http://localhost:5173/node_modules/.vite/deps/react-router-dom.js?v=1f697ce1:4131:5)
    at Routes (http://localhost:5173/node_modules/.vite/deps/react-router-dom.js?v=1f697ce1:4601:5)
    at App
    at Router (http://localhost:5173/node_modules/.vite/deps/react-router-dom.js?v=1f697ce1:4544:15)
    at HashRouter (http://localhost:5173/node_modules/.vite/deps/react-router-dom.js?v=1f697ce1:5326:5) @ http://localhost:5173/node_modules/.vite/deps/chunk-NLPANMJC.js?v=dc97d517:520
[  158426ms] [ERROR] Warning: Encountered two children with the same key, `%s`. Keys should be unique so that components maintain their identity across updates. Non-unique keys may cause children to be duplicated and/or omitted — the behavior is unsupported and could change in a future version.%s Makkah Al-Mukarramah 
    at div
    at section
    at div
    at HomePage (http://localhost:5173/src/features/home/HomePage.jsx?t=1785108332662:37:33)
    at RenderedRoute (http://localhost:5173/node_modules/.vite/deps/react-router-dom.js?v=1f697ce1:4131:5)
    at Outlet (http://localhost:5173/node_modules/.vite/deps/react-router-dom.js?v=1f697ce1:4537:26)
    at main
    at div
    at MainLayout (http://localhost:5173/src/components/layout/MainLayout.jsx:33:39)
    at RenderedRoute (http://localhost:5173/node_modules/.vite/deps/react-router-dom.js?v=1f697ce1:4131:5)
    at Routes (http://localhost:5173/node_modules/.vite/deps/react-router-dom.js?v=1f697ce1:4601:5)
    at App
    at Router (http://localhost:5173/node_modules/.vite/deps/react-router-dom.js?v=1f697ce1:4544:15)
    at HashRouter (http://localhost:5173/node_modules/.vite/deps/react-router-dom.js?v=1f697ce1:5326:5) @ http://localhost:5173/node_modules/.vite/deps/chunk-NLPANMJC.js?v=dc97d517:520
[  158444ms] [ERROR] Warning: Encountered two children with the same key, `%s`. Keys should be unique so that components maintain their identity across updates. Non-unique keys may cause children to be duplicated and/or omitted — the behavior is unsupported and could change in a future version.%s Makkah Al-Mukarramah 
    at div
    at section
    at div
    at HomePage (http://localhost:5173/src/features/home/HomePage.jsx?t=1785108332662:37:33)
    at RenderedRoute (http://localhost:5173/node_modules/.vite/deps/react-router-dom.js?v=1f697ce1:4131:5)
    at Outlet (http://localhost:5173/node_modules/.vite/deps/react-router-dom.js?v=1f697ce1:4537:26)
    at main
    at div
    at MainLayout (http://localhost:5173/src/components/layout/MainLayout.jsx:33:39)
    at RenderedRoute (http://localhost:5173/node_modules/.vite/deps/react-router-dom.js?v=1f697ce1:4131:5)
    at Routes (http://localhost:5173/node_modules/.vite/deps/react-router-dom.js?v=1f697ce1:4601:5)
    at App
    at Router (http://localhost:5173/node_modules/.vite/deps/react-router-dom.js?v=1f697ce1:4544:15)
    at HashRouter (http://localhost:5173/node_modules/.vite/deps/react-router-dom.js?v=1f697ce1:5326:5) @ http://localhost:5173/node_modules/.vite/deps/chunk-NLPANMJC.js?v=dc97d517:520
[  158444ms] [ERROR] Warning: Encountered two children with the same key, `%s`. Keys should be unique so that components maintain their identity across updates. Non-unique keys may cause children to be duplicated and/or omitted — the behavior is unsupported and could change in a future version.%s Makkah Al-Mukarramah 
    at div
    at section
    at div
    at HomePage (http://localhost:5173/src/features/home/HomePage.jsx?t=1785108332662:37:33)
    at RenderedRoute (http://localhost:5173/node_modules/.vite/deps/react-router-dom.js?v=1f697ce1:4131:5)
    at Outlet (http://localhost:5173/node_modules/.vite/deps/react-router-dom.js?v=1f697ce1:4537:26)
    at main
    at div
    at MainLayout (http://localhost:5173/src/components/layout/MainLayout.jsx:33:39)
    at RenderedRoute (http://localhost:5173/node_modules/.vite/deps/react-router-dom.js?v=1f697ce1:4131:5)
    at Routes (http://localhost:5173/node_modules/.vite/deps/react-router-dom.js?v=1f697ce1:4601:5)
    at App
    at Router (http://localhost:5173/node_modules/.vite/deps/react-router-dom.js?v=1f697ce1:4544:15)
    at HashRouter (http://localhost:5173/node_modules/.vite/deps/react-router-dom.js?v=1f697ce1:5326:5) @ http://localhost:5173/node_modules/.vite/deps/chunk-NLPANMJC.js?v=dc97d517:520
[  158444ms] [ERROR] Warning: Encountered two children with the same key, `%s`. Keys should be unique so that components maintain their identity across updates. Non-unique keys may cause children to be duplicated and/or omitted — the behavior is unsupported and could change in a future version.%s Makkah Al-Mukarramah 
    at div
    at section
    at div
    at HomePage (http://localhost:5173/src/features/home/HomePage.jsx?t=1785108332662:37:33)
    at RenderedRoute (http://localhost:5173/node_modules/.vite/deps/react-router-dom.js?v=1f697ce1:4131:5)
    at Outlet (http://localhost:5173/node_modules/.vite/deps/react-router-dom.js?v=1f697ce1:4537:26)
    at main
    at div
    at MainLayout (http://localhost:5173/src/components/layout/MainLayout.jsx:33:39)
    at RenderedRoute (http://localhost:5173/node_modules/.vite/deps/react-router-dom.js?v=1f697ce1:4131:5)
    at Routes (http://localhost:5173/node_modules/.vite/deps/react-router-dom.js?v=1f697ce1:4601:5)
    at App
    at Router (http://localhost:5173/node_modules/.vite/deps/react-router-dom.js?v=1f697ce1:4544:15)
    at HashRouter (http://localhost:5173/node_modules/.vite/deps/react-router-dom.js?v=1f697ce1:5326:5) @ http://localhost:5173/node_modules/.vite/deps/chunk-NLPANMJC.js?v=dc97d517:520
[  158596ms] [ERROR] Warning: Encountered two children with the same key, `%s`. Keys should be unique so that components maintain their identity across updates. Non-unique keys may cause children to be duplicated and/or omitted — the behavior is unsupported and could change in a future version.%s Makkah Al-Mukarramah 
    at div
    at section
    at div
    at HomePage (http://localhost:5173/src/features/home/HomePage.jsx?t=1785108332662:37:33)
    at RenderedRoute (http://localhost:5173/node_modules/.vite/deps/react-router-dom.js?v=1f697ce1:4131:5)
    at Outlet (http://localhost:5173/node_modules/.vite/deps/react-router-dom.js?v=1f697ce1:4537:26)
    at main
    at div
    at MainLayout (http://localhost:5173/src/components/layout/MainLayout.jsx:33:39)
    at RenderedRoute (http://localhost:5173/node_modules/.vite/deps/react-router-dom.js?v=1f697ce1:4131:5)
    at Routes (http://localhost:5173/node_modules/.vite/deps/react-router-dom.js?v=1f697ce1:4601:5)
    at App
    at Router (http://localhost:5173/node_modules/.vite/deps/react-router-dom.js?v=1f697ce1:4544:15)
    at HashRouter (http://localhost:5173/node_modules/.vite/deps/react-router-dom.js?v=1f697ce1:5326:5) @ http://localhost:5173/node_modules/.vite/deps/chunk-NLPANMJC.js?v=dc97d517:520
[  158597ms] [ERROR] Warning: Encountered two children with the same key, `%s`. Keys should be unique so that components maintain their identity across updates. Non-unique keys may cause children to be duplicated and/or omitted — the behavior is unsupported and could change in a future version.%s Makkah Al-Mukarramah 
    at div
    at section
    at div
    at HomePage (http://localhost:5173/src/features/home/HomePage.jsx?t=1785108332662:37:33)
    at RenderedRoute (http://localhost:5173/node_modules/.vite/deps/react-router-dom.js?v=1f697ce1:4131:5)
    at Outlet (http://localhost:5173/node_modules/.vite/deps/react-router-dom.js?v=1f697ce1:4537:26)
    at main
    at div
    at MainLayout (http://localhost:5173/src/components/layout/MainLayout.jsx:33:39)
    at RenderedRoute (http://localhost:5173/node_modules/.vite/deps/react-router-dom.js?v=1f697ce1:4131:5)
    at Routes (http://localhost:5173/node_modules/.vite/deps/react-router-dom.js?v=1f697ce1:4601:5)
    at App
    at Router (http://localhost:5173/node_modules/.vite/deps/react-router-dom.js?v=1f697ce1:4544:15)
    at HashRouter (http://localhost:5173/node_modules/.vite/deps/react-router-dom.js?v=1f697ce1:5326:5) @ http://localhost:5173/node_modules/.vite/deps/chunk-NLPANMJC.js?v=dc97d517:520
[  158597ms] [ERROR] Warning: Encountered two children with the same key, `%s`. Keys should be unique so that components maintain their identity across updates. Non-unique keys may cause children to be duplicated and/or omitted — the behavior is unsupported and could change in a future version.%s Makkah Al-Mukarramah 
    at div
    at section
    at div
    at HomePage (http://localhost:5173/src/features/home/HomePage.jsx?t=1785108332662:37:33)
    at RenderedRoute (http://localhost:5173/node_modules/.vite/deps/react-router-dom.js?v=1f697ce1:4131:5)
    at Outlet (http://localhost:5173/node_modules/.vite/deps/react-router-dom.js?v=1f697ce1:4537:26)
    at main
    at div
    at MainLayout (http://localhost:5173/src/components/layout/MainLayout.jsx:33:39)
    at RenderedRoute (http://localhost:5173/node_modules/.vite/deps/react-router-dom.js?v=1f697ce1:4131:5)
    at Routes (http://localhost:5173/node_modules/.vite/deps/react-router-dom.js?v=1f697ce1:4601:5)
    at App
    at Router (http://localhost:5173/node_modules/.vite/deps/react-router-dom.js?v=1f697ce1:4544:15)
    at HashRouter (http://localhost:5173/node_modules/.vite/deps/react-router-dom.js?v=1f697ce1:5326:5) @ http://localhost:5173/node_modules/.vite/deps/chunk-NLPANMJC.js?v=dc97d517:520
[  158696ms] [ERROR] Warning: Encountered two children with the same key, `%s`. Keys should be unique so that components maintain their identity across updates. Non-unique keys may cause children to be duplicated and/or omitted — the behavior is unsupported and could change in a future version.%s Makkah Al-Mukarramah 
    at div
    at section
    at div
    at HomePage (http://localhost:5173/src/features/home/HomePage.jsx?t=1785108332662:37:33)
    at RenderedRoute (http://localhost:5173/node_modules/.vite/deps/react-router-dom.js?v=1f697ce1:4131:5)
    at Outlet (http://localhost:5173/node_modules/.vite/deps/react-router-dom.js?v=1f697ce1:4537:26)
    at main
    at div
    at MainLayout (http://localhost:5173/src/components/layout/MainLayout.jsx:33:39)
    at RenderedRoute (http://localhost:5173/node_modules/.vite/deps/react-router-dom.js?v=1f697ce1:4131:5)
    at Routes (http://localhost:5173/node_modules/.vite/deps/react-router-dom.js?v=1f697ce1:4601:5)
    at App
    at Router (http://localhost:5173/node_modules/.vite/deps/react-router-dom.js?v=1f697ce1:4544:15)
    at HashRouter (http://localhost:5173/node_modules/.vite/deps/react-router-dom.js?v=1f697ce1:5326:5) @ http://localhost:5173/node_modules/.vite/deps/chunk-NLPANMJC.js?v=dc97d517:520
[  158696ms] [ERROR] Warning: Encountered two children with the same key, `%s`. Keys should be unique so that components maintain their identity across updates. Non-unique keys may cause children to be duplicated and/or omitted — the behavior is unsupported and could change in a future version.%s Makkah Al-Mukarramah 
    at div
    at section
    at div
    at HomePage (http://localhost:5173/src/features/home/HomePage.jsx?t=1785108332662:37:33)
    at RenderedRoute (http://localhost:5173/node_modules/.vite/deps/react-router-dom.js?v=1f697ce1:4131:5)
    at Outlet (http://localhost:5173/node_modules/.vite/deps/react-router-dom.js?v=1f697ce1:4537:26)
    at main
    at div
    at MainLayout (http://localhost:5173/src/components/layout/MainLayout.jsx:33:39)
    at RenderedRoute (http://localhost:5173/node_modules/.vite/deps/react-router-dom.js?v=1f697ce1:4131:5)
    at Routes (http://localhost:5173/node_modules/.vite/deps/react-router-dom.js?v=1f697ce1:4601:5)
    at App
    at Router (http://localhost:5173/node_modules/.vite/deps/react-router-dom.js?v=1f697ce1:4544:15)
    at HashRouter (http://localhost:5173/node_modules/.vite/deps/react-router-dom.js?v=1f697ce1:5326:5) @ http://localhost:5173/node_modules/.vite/deps/chunk-NLPANMJC.js?v=dc97d517:520
[  158697ms] [ERROR] Warning: Encountered two children with the same key, `%s`. Keys should be unique so that components maintain their identity across updates. Non-unique keys may cause children to be duplicated and/or omitted — the behavior is unsupported and could change in a future version.%s Makkah Al-Mukarramah 
    at div
    at section
    at div
    at HomePage (http://localhost:5173/src/features/home/HomePage.jsx?t=1785108332662:37:33)
    at RenderedRoute (http://localhost:5173/node_modules/.vite/deps/react-router-dom.js?v=1f697ce1:4131:5)
    at Outlet (http://localhost:5173/node_modules/.vite/deps/react-router-dom.js?v=1f697ce1:4537:26)
    at main
    at div
    at MainLayout (http://localhost:5173/src/components/layout/MainLayout.jsx:33:39)
    at RenderedRoute (http://localhost:5173/node_modules/.vite/deps/react-router-dom.js?v=1f697ce1:4131:5)
    at Routes (http://localhost:5173/node_modules/.vite/deps/react-router-dom.js?v=1f697ce1:4601:5)
    at App
    at Router (http://localhost:5173/node_modules/.vite/deps/react-router-dom.js?v=1f697ce1:4544:15)
    at HashRouter (http://localhost:5173/node_modules/.vite/deps/react-router-dom.js?v=1f697ce1:5326:5) @ http://localhost:5173/node_modules/.vite/deps/chunk-NLPANMJC.js?v=dc97d517:520
[  158699ms] [ERROR] Failed to load resource: net::ERR_CONNECTION_REFUSED @ http://localhost:5173/:0
[  158743ms] [ERROR] Warning: Encountered two children with the same key, `%s`. Keys should be unique so that components maintain their identity across updates. Non-unique keys may cause children to be duplicated and/or omitted — the behavior is unsupported and could change in a future version.%s Makkah Al-Mukarramah 
    at div
    at section
    at div
    at HomePage (http://localhost:5173/src/features/home/HomePage.jsx?t=1785108332662:37:33)
    at RenderedRoute (http://localhost:5173/node_modules/.vite/deps/react-router-dom.js?v=1f697ce1:4131:5)
    at Outlet (http://localhost:5173/node_modules/.vite/deps/react-router-dom.js?v=1f697ce1:4537:26)
    at main
    at div
    at MainLayout (http://localhost:5173/src/components/layout/MainLayout.jsx:33:39)
    at RenderedRoute (http://localhost:5173/node_modules/.vite/deps/react-router-dom.js?v=1f697ce1:4131:5)
    at Routes (http://localhost:5173/node_modules/.vite/deps/react-router-dom.js?v=1f697ce1:4601:5)
    at App
    at Router (http://localhost:5173/node_modules/.vite/deps/react-router-dom.js?v=1f697ce1:4544:15)
    at HashRouter (http://localhost:5173/node_modules/.vite/deps/react-router-dom.js?v=1f697ce1:5326:5) @ http://localhost:5173/node_modules/.vite/deps/chunk-NLPANMJC.js?v=dc97d517:520
[  158743ms] [ERROR] Warning: Encountered two children with the same key, `%s`. Keys should be unique so that components maintain their identity across updates. Non-unique keys may cause children to be duplicated and/or omitted — the behavior is unsupported and could change in a future version.%s Makkah Al-Mukarramah 
    at div
    at section
    at div
    at HomePage (http://localhost:5173/src/features/home/HomePage.jsx?t=1785108332662:37:33)
    at RenderedRoute (http://localhost:5173/node_modules/.vite/deps/react-router-dom.js?v=1f697ce1:4131:5)
    at Outlet (http://localhost:5173/node_modules/.vite/deps/react-router-dom.js?v=1f697ce1:4537:26)
    at main
    at div
    at MainLayout (http://localhost:5173/src/components/layout/MainLayout.jsx:33:39)
    at RenderedRoute (http://localhost:5173/node_modules/.vite/deps/react-router-dom.js?v=1f697ce1:4131:5)
    at Routes (http://localhost:5173/node_modules/.vite/deps/react-router-dom.js?v=1f697ce1:4601:5)
    at App
    at Router (http://localhost:5173/node_modules/.vite/deps/react-router-dom.js?v=1f697ce1:4544:15)
    at HashRouter (http://localhost:5173/node_modules/.vite/deps/react-router-dom.js?v=1f697ce1:5326:5) @ http://localhost:5173/node_modules/.vite/deps/chunk-NLPANMJC.js?v=dc97d517:520
[  158743ms] [ERROR] Warning: Encountered two children with the same key, `%s`. Keys should be unique so that components maintain their identity across updates. Non-unique keys may cause children to be duplicated and/or omitted — the behavior is unsupported and could change in a future version.%s Makkah Al-Mukarramah 
    at div
    at section
    at div
    at HomePage (http://localhost:5173/src/features/home/HomePage.jsx?t=1785108332662:37:33)
    at RenderedRoute (http://localhost:5173/node_modules/.vite/deps/react-router-dom.js?v=1f697ce1:4131:5)
    at Outlet (http://localhost:5173/node_modules/.vite/deps/react-router-dom.js?v=1f697ce1:4537:26)
    at main
    at div
    at MainLayout (http://localhost:5173/src/components/layout/MainLayout.jsx:33:39)
    at RenderedRoute (http://localhost:5173/node_modules/.vite/deps/react-router-dom.js?v=1f697ce1:4131:5)
    at Routes (http://localhost:5173/node_modules/.vite/deps/react-router-dom.js?v=1f697ce1:4601:5)
    at App
    at Router (http://localhost:5173/node_modules/.vite/deps/react-router-dom.js?v=1f697ce1:4544:15)
    at HashRouter (http://localhost:5173/node_modules/.vite/deps/react-router-dom.js?v=1f697ce1:5326:5) @ http://localhost:5173/node_modules/.vite/deps/chunk-NLPANMJC.js?v=dc97d517:520
[  158815ms] [ERROR] Warning: Encountered two children with the same key, `%s`. Keys should be unique so that components maintain their identity across updates. Non-unique keys may cause children to be duplicated and/or omitted — the behavior is unsupported and could change in a future version.%s Makkah Al-Mukarramah 
    at div
    at section
    at div
    at HomePage (http://localhost:5173/src/features/home/HomePage.jsx?t=1785108332662:37:33)
    at RenderedRoute (http://localhost:5173/node_modules/.vite/deps/react-router-dom.js?v=1f697ce1:4131:5)
    at Outlet (http://localhost:5173/node_modules/.vite/deps/react-router-dom.js?v=1f697ce1:4537:26)
    at main
    at div
    at MainLayout (http://localhost:5173/src/components/layout/MainLayout.jsx:33:39)
    at RenderedRoute (http://localhost:5173/node_modules/.vite/deps/react-router-dom.js?v=1f697ce1:4131:5)
    at Routes (http://localhost:5173/node_modules/.vite/deps/react-router-dom.js?v=1f697ce1:4601:5)
    at App
    at Router (http://localhost:5173/node_modules/.vite/deps/react-router-dom.js?v=1f697ce1:4544:15)
    at HashRouter (http://localhost:5173/node_modules/.vite/deps/react-router-dom.js?v=1f697ce1:5326:5) @ http://localhost:5173/node_modules/.vite/deps/chunk-NLPANMJC.js?v=dc97d517:520
[  158816ms] [ERROR] Warning: Encountered two children with the same key, `%s`. Keys should be unique so that components maintain their identity across updates. Non-unique keys may cause children to be duplicated and/or omitted — the behavior is unsupported and could change in a future version.%s Makkah Al-Mukarramah 
    at div
    at section
    at div
    at HomePage (http://localhost:5173/src/features/home/HomePage.jsx?t=1785108332662:37:33)
    at RenderedRoute (http://localhost:5173/node_modules/.vite/deps/react-router-dom.js?v=1f697ce1:4131:5)
    at Outlet (http://localhost:5173/node_modules/.vite/deps/react-router-dom.js?v=1f697ce1:4537:26)
    at main
    at div
    at MainLayout (http://localhost:5173/src/components/layout/MainLayout.jsx:33:39)
    at RenderedRoute (http://localhost:5173/node_modules/.vite/deps/react-router-dom.js?v=1f697ce1:4131:5)
    at Routes (http://localhost:5173/node_modules/.vite/deps/react-router-dom.js?v=1f697ce1:4601:5)
    at App
    at Router (http://localhost:5173/node_modules/.vite/deps/react-router-dom.js?v=1f697ce1:4544:15)
    at HashRouter (http://localhost:5173/node_modules/.vite/deps/react-router-dom.js?v=1f697ce1:5326:5) @ http://localhost:5173/node_modules/.vite/deps/chunk-NLPANMJC.js?v=dc97d517:520
[  158816ms] [ERROR] Warning: Encountered two children with the same key, `%s`. Keys should be unique so that components maintain their identity across updates. Non-unique keys may cause children to be duplicated and/or omitted — the behavior is unsupported and could change in a future version.%s Makkah Al-Mukarramah 
    at div
    at section
    at div
    at HomePage (http://localhost:5173/src/features/home/HomePage.jsx?t=1785108332662:37:33)
    at RenderedRoute (http://localhost:5173/node_modules/.vite/deps/react-router-dom.js?v=1f697ce1:4131:5)
    at Outlet (http://localhost:5173/node_modules/.vite/deps/react-router-dom.js?v=1f697ce1:4537:26)
    at main
    at div
    at MainLayout (http://localhost:5173/src/components/layout/MainLayout.jsx:33:39)
    at RenderedRoute (http://localhost:5173/node_modules/.vite/deps/react-router-dom.js?v=1f697ce1:4131:5)
    at Routes (http://localhost:5173/node_modules/.vite/deps/react-router-dom.js?v=1f697ce1:4601:5)
    at App
    at Router (http://localhost:5173/node_modules/.vite/deps/react-router-dom.js?v=1f697ce1:4544:15)
    at HashRouter (http://localhost:5173/node_modules/.vite/deps/react-router-dom.js?v=1f697ce1:5326:5) @ http://localhost:5173/node_modules/.vite/deps/chunk-NLPANMJC.js?v=dc97d517:520
[  158924ms] [ERROR] Warning: Encountered two children with the same key, `%s`. Keys should be unique so that components maintain their identity across updates. Non-unique keys may cause children to be duplicated and/or omitted — the behavior is unsupported and could change in a future version.%s Makkah Al-Mukarramah 
    at div
    at section
    at div
    at HomePage (http://localhost:5173/src/features/home/HomePage.jsx?t=1785108332662:37:33)
    at RenderedRoute (http://localhost:5173/node_modules/.vite/deps/react-router-dom.js?v=1f697ce1:4131:5)
    at Outlet (http://localhost:5173/node_modules/.vite/deps/react-router-dom.js?v=1f697ce1:4537:26)
    at main
    at div
    at MainLayout (http://localhost:5173/src/components/layout/MainLayout.jsx:33:39)
    at RenderedRoute (http://localhost:5173/node_modules/.vite/deps/react-router-dom.js?v=1f697ce1:4131:5)
    at Routes (http://localhost:5173/node_modules/.vite/deps/react-router-dom.js?v=1f697ce1:4601:5)
    at App
    at Router (http://localhost:5173/node_modules/.vite/deps/react-router-dom.js?v=1f697ce1:4544:15)
    at HashRouter (http://localhost:5173/node_modules/.vite/deps/react-router-dom.js?v=1f697ce1:5326:5) @ http://localhost:5173/node_modules/.vite/deps/chunk-NLPANMJC.js?v=dc97d517:520
[  158924ms] [ERROR] Warning: Encountered two children with the same key, `%s`. Keys should be unique so that components maintain their identity across updates. Non-unique keys may cause children to be duplicated and/or omitted — the behavior is unsupported and could change in a future version.%s Makkah Al-Mukarramah 
    at div
    at section
    at div
    at HomePage (http://localhost:5173/src/features/home/HomePage.jsx?t=1785108332662:37:33)
    at RenderedRoute (http://localhost:5173/node_modules/.vite/deps/react-router-dom.js?v=1f697ce1:4131:5)
    at Outlet (http://localhost:5173/node_modules/.vite/deps/react-router-dom.js?v=1f697ce1:4537:26)
    at main
    at div
    at MainLayout (http://localhost:5173/src/components/layout/MainLayout.jsx:33:39)
    at RenderedRoute (http://localhost:5173/node_modules/.vite/deps/react-router-dom.js?v=1f697ce1:4131:5)
    at Routes (http://localhost:5173/node_modules/.vite/deps/react-router-dom.js?v=1f697ce1:4601:5)
    at App
    at Router (http://localhost:5173/node_modules/.vite/deps/react-router-dom.js?v=1f697ce1:4544:15)
    at HashRouter (http://localhost:5173/node_modules/.vite/deps/react-router-dom.js?v=1f697ce1:5326:5) @ http://localhost:5173/node_modules/.vite/deps/chunk-NLPANMJC.js?v=dc97d517:520
[  158924ms] [ERROR] Warning: Encountered two children with the same key, `%s`. Keys should be unique so that components maintain their identity across updates. Non-unique keys may cause children to be duplicated and/or omitted — the behavior is unsupported and could change in a future version.%s Makkah Al-Mukarramah 
    at div
    at section
    at div
    at HomePage (http://localhost:5173/src/features/home/HomePage.jsx?t=1785108332662:37:33)
    at RenderedRoute (http://localhost:5173/node_modules/.vite/deps/react-router-dom.js?v=1f697ce1:4131:5)
    at Outlet (http://localhost:5173/node_modules/.vite/deps/react-router-dom.js?v=1f697ce1:4537:26)
    at main
    at div
    at MainLayout (http://localhost:5173/src/components/layout/MainLayout.jsx:33:39)
    at RenderedRoute (http://localhost:5173/node_modules/.vite/deps/react-router-dom.js?v=1f697ce1:4131:5)
    at Routes (http://localhost:5173/node_modules/.vite/deps/react-router-dom.js?v=1f697ce1:4601:5)
    at App
    at Router (http://localhost:5173/node_modules/.vite/deps/react-router-dom.js?v=1f697ce1:4544:15)
    at HashRouter (http://localhost:5173/node_modules/.vite/deps/react-router-dom.js?v=1f697ce1:5326:5) @ http://localhost:5173/node_modules/.vite/deps/chunk-NLPANMJC.js?v=dc97d517:520
[  159201ms] [ERROR] Warning: Encountered two children with the same key, `%s`. Keys should be unique so that components maintain their identity across updates. Non-unique keys may cause children to be duplicated and/or omitted — the behavior is unsupported and could change in a future version.%s Makkah Al-Mukarramah 
    at div
    at section
    at div
    at HomePage (http://localhost:5173/src/features/home/HomePage.jsx?t=1785108332662:37:33)
    at RenderedRoute (http://localhost:5173/node_modules/.vite/deps/react-router-dom.js?v=1f697ce1:4131:5)
    at Outlet (http://localhost:5173/node_modules/.vite/deps/react-router-dom.js?v=1f697ce1:4537:26)
    at main
    at div
    at MainLayout (http://localhost:5173/src/components/layout/MainLayout.jsx:33:39)
    at RenderedRoute (http://localhost:5173/node_modules/.vite/deps/react-router-dom.js?v=1f697ce1:4131:5)
    at Routes (http://localhost:5173/node_modules/.vite/deps/react-router-dom.js?v=1f697ce1:4601:5)
    at App
    at Router (http://localhost:5173/node_modules/.vite/deps/react-router-dom.js?v=1f697ce1:4544:15)
    at HashRouter (http://localhost:5173/node_modules/.vite/deps/react-router-dom.js?v=1f697ce1:5326:5) @ http://localhost:5173/node_modules/.vite/deps/chunk-NLPANMJC.js?v=dc97d517:520
[  159202ms] [ERROR] Warning: Encountered two children with the same key, `%s`. Keys should be unique so that components maintain their identity across updates. Non-unique keys may cause children to be duplicated and/or omitted — the behavior is unsupported and could change in a future version.%s Makkah Al-Mukarramah 
    at div
    at section
    at div
    at HomePage (http://localhost:5173/src/features/home/HomePage.jsx?t=1785108332662:37:33)
    at RenderedRoute (http://localhost:5173/node_modules/.vite/deps/react-router-dom.js?v=1f697ce1:4131:5)
    at Outlet (http://localhost:5173/node_modules/.vite/deps/react-router-dom.js?v=1f697ce1:4537:26)
    at main
    at div
    at MainLayout (http://localhost:5173/src/components/layout/MainLayout.jsx:33:39)
    at RenderedRoute (http://localhost:5173/node_modules/.vite/deps/react-router-dom.js?v=1f697ce1:4131:5)
    at Routes (http://localhost:5173/node_modules/.vite/deps/react-router-dom.js?v=1f697ce1:4601:5)
    at App
    at Router (http://localhost:5173/node_modules/.vite/deps/react-router-dom.js?v=1f697ce1:4544:15)
    at HashRouter (http://localhost:5173/node_modules/.vite/deps/react-router-dom.js?v=1f697ce1:5326:5) @ http://localhost:5173/node_modules/.vite/deps/chunk-NLPANMJC.js?v=dc97d517:520
[  159202ms] [ERROR] Warning: Encountered two children with the same key, `%s`. Keys should be unique so that components maintain their identity across updates. Non-unique keys may cause children to be duplicated and/or omitted — the behavior is unsupported and could change in a future version.%s Makkah Al-Mukarramah 
    at div
    at section
    at div
    at HomePage (http://localhost:5173/src/features/home/HomePage.jsx?t=1785108332662:37:33)
    at RenderedRoute (http://localhost:5173/node_modules/.vite/deps/react-router-dom.js?v=1f697ce1:4131:5)
    at Outlet (http://localhost:5173/node_modules/.vite/deps/react-router-dom.js?v=1f697ce1:4537:26)
    at main
    at div
    at MainLayout (http://localhost:5173/src/components/layout/MainLayout.jsx:33:39)
    at RenderedRoute (http://localhost:5173/node_modules/.vite/deps/react-router-dom.js?v=1f697ce1:4131:5)
    at Routes (http://localhost:5173/node_modules/.vite/deps/react-router-dom.js?v=1f697ce1:4601:5)
    at App
    at Router (http://localhost:5173/node_modules/.vite/deps/react-router-dom.js?v=1f697ce1:4544:15)
    at HashRouter (http://localhost:5173/node_modules/.vite/deps/react-router-dom.js?v=1f697ce1:5326:5) @ http://localhost:5173/node_modules/.vite/deps/chunk-NLPANMJC.js?v=dc97d517:520
